CREATE DATABASE  IF NOT EXISTS `bpmspace_coms_v1_A` /*!40100 DEFAULT CHARACTER SET latin1 */;
USE `bpmspace_coms_v1_A`;
-- MySQL dump 10.13  Distrib 5.7.17, for Win64 (x86_64)
--
-- Host: 127.0.0.1    Database: bpmspace_coms_v1_A
-- ------------------------------------------------------
-- Server version	5.5.5-10.3.7-MariaDB-1:10.3.7+maria~jessie-log

/*!40101 SET @OLD_CHARACTER_SET_CLIENT=@@CHARACTER_SET_CLIENT */;
/*!40101 SET @OLD_CHARACTER_SET_RESULTS=@@CHARACTER_SET_RESULTS */;
/*!40101 SET @OLD_COLLATION_CONNECTION=@@COLLATION_CONNECTION */;
/*!40101 SET NAMES utf8 */;
/*!40103 SET @OLD_TIME_ZONE=@@TIME_ZONE */;
/*!40103 SET TIME_ZONE='+00:00' */;
/*!40014 SET @OLD_UNIQUE_CHECKS=@@UNIQUE_CHECKS, UNIQUE_CHECKS=0 */;
/*!40014 SET @OLD_FOREIGN_KEY_CHECKS=@@FOREIGN_KEY_CHECKS, FOREIGN_KEY_CHECKS=0 */;
/*!40101 SET @OLD_SQL_MODE=@@SQL_MODE, SQL_MODE='NO_AUTO_VALUE_ON_ZERO' */;
/*!40111 SET @OLD_SQL_NOTES=@@SQL_NOTES, SQL_NOTES=0 */;

--
-- Dumping data for table `coms_cert_cert`
--

LOCK TABLES `coms_cert_cert` WRITE;
/*!40000 ALTER TABLE `coms_cert_cert` DISABLE KEYS */;
/*!40000 ALTER TABLE `coms_cert_cert` ENABLE KEYS */;
UNLOCK TABLES;

--
-- Dumping data for table `coms_certificate`
--

LOCK TABLES `coms_certificate` WRITE;
/*!40000 ALTER TABLE `coms_certificate` DISABLE KEYS */;
INSERT INTO `coms_certificate` VALUES (7932567,1,'BPMspace 122387785254','Dis elit parturient mollis posuere vel ornare imperdiet vehicula.','8d061c6720a0709612fb7a9119a149ec','577','07CD2O0P','Integer dui tincidunt semper ipsum netus posuere sem ultricies. Elit nostra gravida tempor iaculis dis tempor scelerisque id luctus. Sapien eros tristique quisque bibendum cubilia lorem tortor.',NULL,56),(7932568,1,'BPMspace 122387117882','Adipiscing magnis in ligula consectetuer duis purus auctor cras.','dacd546f84d957e85f8dc1d63c2e008e','896','07CD2PA0','Ipsum conubia lectus rutrum nonummy primis sagittis rhoncus maecenas. Ante venenatis phasellus morbi parturient ornare euismod magnis nibh. Nunc praesent porttitor id pulvinar netus porta quisque praesent euismod faucibus phasellus. Massa vel facilisis nostra dis conubia aptent tortor fusce ac volutpat venenatis. Feugiat congue netus neque cum ad orci.',NULL,56),(7932569,1,'BPMspace 122387168443','Ac fermentum nisl amet lacus vestibulum nibh amet lorem.','627f061f9be21a50b238bb7507254885','403','07CD2PPR','Congue vel litora lacinia pretium hymenaeos nullam auctor maecenas. Integer magnis erat senectus gravida enim egestas imperdiet dui ut. Ligula condimentum dapibus montes dis hendrerit dignissim tempor sit. Ante purus nec nullam lacus eleifend turpis suscipit.',NULL,56),(7932570,1,'BPMspace 122387543528','Class amet vel nullam euismod.','4c4908a010d7f71d6e0230785100d8f1','312','07CD2QM8','Dui congue ullamcorper elit malesuada primis cursus orci proin. Leo adipiscing rutrum taciti vivamus faucibus nostra cubilia tellus varius condimentum phasellus consequat nascetur. Lorem ante suspendisse cubilia cras etiam vitae aptent fringilla mauris nam erat. Felis pulvinar pulvinar malesuada erat sagittis dictum natoque est orci laoreet donec quam. Lobortis.',NULL,55),(7932571,1,'BPMspace 122387871437','Enim fusce ut porta pellentesque enim erat mollis torquent.','93e785e1db9c57782bce32d34fd6c83f','605','07CD2RUL','Phasellus magnis id in senectus venenatis hendrerit torquent integer. Est luctus nam hymenaeos curae; porttitor aptent curae; nunc porttitor nonummy. Ultrices quis aenean suspendisse eget mus at porttitor felis lobortis imperdiet malesuada fusce dui aptent. Aenean eget arcu nulla.',NULL,55),(7932572,1,'BPMspace 122387931727','Conubia facilisi commodo nostra sapien consectetuer dis odio.','6bdc17571521c17cd82af93c67135d74','441','07CD2SOP','Pede aenean curae; praesent congue integer parturient class metus. Ultrices pulvinar ultrices ipsum enim aliquet libero consectetuer erat urna tortor. Sagittis taciti.',NULL,56),(7932573,2,'BPMspace 122387960935','Congue vitae nam sollicitudin netus.','fd3aa7918842de694fd98886f14e5753','103','07CD2TDF','Eget vel class nonummy quisque volutpat pharetra lectus consectetuer. Conubia quisque justo ridiculus nullam sit enim risus cubilia inceptos mi. Nunc.',NULL,56),(7932574,2,'BPMspace 122387843352','Ante faucibus ipsum commodo etiam commodo.','74f11e72af1735cbce9f46abd94c84ad','478','07CD2UOE','Cubilia orci rutrum viverra nibh viverra dignissim vitae felis. Euismod metus posuere accumsan ultrices nibh diam conubia condimentum curabitur ligula.',NULL,56),(7932575,2,'BPMspace 122387783864','Magnis purus eros augue nostra sodales imperdiet.','3898d67e4f83c835686dcca05e882580','231','07CD2VFV','Convallis purus fusce lobortis euismod arcu lectus a phasellus. Enim taciti nec etiam pellentesque metus nec fermentum tortor molestie vehicula curae;. Hymenaeos tortor lacinia interdum pulvinar mattis felis arcu iaculis odio condimentum nulla sagittis blandit at. Curae; nibh lobortis.',NULL,55),(7932576,2,'BPMspace 122387539544','Varius sagittis consequat elit suscipit morbi.','ef2461ca86a45da86f2a68c52bc4f950','979','07CD316J','Et ullamcorper rutrum cursus maecenas tempus ac id sodales. Ac praesent nec pretium tempus elit netus dictum dapibus. Aptent habitant neque sodales massa vel.',NULL,55),(7932577,2,'BPMspace 122387278954','Sagittis inceptos nec placerat quis porta eget.','5bd9e1224adda5ffbea2b0645b72558a','376','07CD31J0','Morbi conubia accumsan pellentesque faucibus nam suspendisse nulla mollis. Imperdiet metus litora praesent elementum aliquam litora dignissim nec facilisis ridiculus vitae neque venenatis. Mi id facilisis inceptos aliquet amet commodo hymenaeos mi. Ante pharetra etiam feugiat.',NULL,56),(7932578,2,'BPMspace 122387817069','Ad sem a natoque sodales.','3fa903c9378e494df096a97ce847c472','260','07CD32EK','Ante tellus egestas maecenas proin egestas urna a dis. Facilisis netus adipiscing habitant placerat lectus augue bibendum dis primis amet aptent cubilia mus.',NULL,55),(7932579,2,'BPMspace 122387320399','Risus aptent vel non curabitur vitae lacinia cubilia magna.','9a9fe376c0c806b7413234c16bd1f78f','633','07CD33PH','Maecenas ultricies duis facilisi senectus elementum primis urna luctus. Litora mus inceptos facilisis fringilla ridiculus suscipit vel eleifend facilisi rhoncus vel luctus. Class velit mollis risus facilisis cursus ultricies cum vestibulum lacinia diam nullam.',NULL,56),(7932580,2,'BPMspace 122387224080','Nascetur at pede congue nec montes.','15baceabeba909a5ed60cbd18c901473','890','07CD350Q','Mi primis blandit enim vivamus diam varius dignissim consectetuer. Placerat litora dolor nullam nam tortor senectus lacus ornare. Vel sociis facilisis accumsan curabitur quis faucibus eu maecenas nam.',NULL,56),(7932581,2,'BPMspace 122387346744','Enim bibendum per convallis odio.','65e64528d7c70dca93ca5a8b5c58dc01','417','07CD35H9','A ridiculus suscipit venenatis eros lacinia fames euismod mi. Duis sem lacus pede ante est dis curae; eleifend pharetra praesent montes nam.',NULL,56),(7932583,6,'BPMspace 122387169698','Fermentum convallis phasellus ante dignissim.',NULL,NULL,NULL,'Turpis cum ad ornare dis aliquet nisi tellus netus. Rutrum viverra nisi adipiscing fermentum montes proin ante at dictum praesent. Aliquet class hendrerit mattis litora rhoncus luctus ante sollicitudin. Ut ipsum egestas torquent scelerisque.',NULL,55),(7932587,8,'BPMspace 122387325149','Consectetuer ultricies facilisi phasellus neque semper.','bb79806f2d21e7c5d23f8f1d7e31c04a','767','07CD3BNN','Phasellus id semper venenatis inceptos aliquet aenean aliquam augue. Donec dictum facilisis vehicula suspendisse libero ornare turpis non fames pretium. Erat elementum leo lobortis a nulla consectetuer praesent eget volutpat.',NULL,56),(7932588,8,'BPMspace 122387306925','Quis dapibus nonummy mus tortor suspendisse nostra.','95d1938829768ff5f1eba207b0d8f420','613','07CD3CI5','Proin pulvinar magnis eget penatibus phasellus lacus ante vivamus. Tristique eget lacus laoreet tempus consequat velit leo faucibus erat hendrerit volutpat ultrices odio. Curabitur mus euismod sapien class congue eros vestibulum bibendum mattis euismod. Posuere sed ullamcorper curae; arcu.',NULL,56),(7932589,8,'BPMspace 122387837700','Laoreet dictum orci per leo dictum non lorem molestie.','b8ebcda459c9598bf1d00346c93d8b5d','757','07CD3DLT','Eget imperdiet eget a felis netus venenatis commodo nisi. Nascetur semper interdum morbi molestie a lectus curae; massa aenean orci cubilia scelerisque. Hendrerit cubilia orci sed blandit adipiscing suspendisse elit nullam lacinia dis primis. Curae; nibh maecenas.',NULL,56),(7932590,8,'BPMspace 122387630511','Nunc at lacus urna in consequat luctus volutpat.','a3f6063ec1734cb817b630571b62d00f','671','07CD3EIF','Lacinia nunc ullamcorper porta proin nec pede nisl adipiscing. Litora iaculis luctus eros torquent pharetra quam porta elit convallis varius. Quam sapien pulvinar facilisis eu metus purus dictum penatibus sem ante. Tincidunt amet montes natoque egestas ipsum hymenaeos nisl ultricies sociis integer maecenas dui.',NULL,55),(7932591,7,'BPMspace 122387629851','Nostra nisi conubia suscipit tempus tellus porta.','e81d8925686c0524b443e7cdad1ea94c','950','07CD3FQE','Egestas venenatis curae; ultrices consequat suscipit tortor vehicula amet. Rhoncus placerat dictum sociis nullam nunc euismod montes sociis mus erat. Lacus dis posuere venenatis posuere pede diam torquent varius amet in.',NULL,55),(7932592,7,'BPMspace 122387802703','Sociosqu ornare proin pretium lacus urna interdum dolor sem.','953b9a80b4e55e16a17a7895192afd18','611','07CD3GF3','Quis feugiat id tellus elit nulla iaculis vivamus senectus. Faucibus blandit mauris facilisis vel torquent nisl feugiat sodales eleifend. Massa nisi luctus natoque laoreet libero urna fusce tortor malesuada ridiculus imperdiet netus. Dignissim nibh iaculis augue euismod dui dolor iaculis elit consequat taciti vitae.',NULL,55),(7932593,7,'BPMspace 122387283431','Nascetur id dapibus quis eros aliquam integer.','6800a009cf4ed5905cdabed67cd93a08','425','07CD3H8H','Duis non iaculis adipiscing adipiscing aliquam congue litora ut. Turpis molestie torquent tincidunt rutrum eleifend sit leo praesent erat cum. Interdum blandit eros amet ligula.',NULL,55),(7932594,8,'BPMspace 122387102935','Mattis amet porttitor interdum torquent.','4d50c76f4e27c91724c35c1b0c0127ef','316','07CD3I4C','Justo cubilia magnis ac neque suspendisse neque facilisis rutrum. Pretium natoque pharetra porttitor magna facilisi aliquet fermentum magna. Sapien orci sociis eget orci montes rhoncus eget sociis massa vivamus lectus. Scelerisque fusce euismod libero hendrerit libero cursus magnis velit.',NULL,55),(7932595,8,'BPMspace 122387341310','Aliquet ridiculus pulvinar id pede diam ullamcorper aptent montes.','c73ec9c5615e9a200a4e18b58b22eda0','816','07CD3JJ8','Fames nostra curae; venenatis gravida sit consectetuer condimentum diam. Hendrerit ante dis sem magna viverra mattis mus elementum montes vitae euismod mattis. Ridiculus tristique dis et rutrum commodo curabitur maecenas ultrices dictum curae; enim risus. Faucibus dignissim a lectus dictum non maecenas nisi mi. Non montes tempus sed id.',NULL,55),(7932596,8,'BPMspace 122387449657','Et volutpat curabitur sem netus.','e5766fb5a32a354bf9be2dc6c9bd536e','939','07CD3KMB','Torquent luctus phasellus accumsan accumsan ad amet dignissim scelerisque. Semper quam facilisi elit fringilla varius pretium sagittis ridiculus malesuada curae; fringilla. Tincidunt ultricies venenatis ante hendrerit nullam at lobortis commodo consectetuer. Convallis rhoncus litora vestibulum mauris nulla nibh augue nunc.',NULL,55),(7932597,8,'BPMspace 122387941917','Cum id laoreet ac quam quam malesuada eget.','4564b939fd30d0be21d0a773979c2c4f','284','07CD3L14','Tincidunt quis consectetuer faucibus dolor augue scelerisque quam iaculis. Sollicitudin magnis tincidunt vestibulum dolor commodo torquent diam dis ligula per aliquet cursus. Blandit fames enim feugiat tristique morbi accumsan justo aliquam ut nibh conubia tempus aenean. Justo.',NULL,55),(7932598,6,'BPMspace 122387555929','Ante nunc accumsan cum proin dui tellus.',NULL,NULL,NULL,'Quam sem scelerisque neque massa rhoncus fringilla imperdiet tempor. Phasellus orci dapibus urna curabitur vitae laoreet dis porttitor vehicula. Facilisis nullam egestas elit morbi a hymenaeos sed venenatis interdum commodo felis euismod. Orci praesent ornare congue nonummy pretium rutrum pulvinar habitant montes parturient penatibus. Tincidunt facilisis sociis est sociis.',NULL,55),(7932599,6,'BPMspace 122387388290','Venenatis mus tellus porttitor ultrices magna parturient.',NULL,NULL,NULL,'Hendrerit et faucibus primis praesent ipsum tellus curabitur curabitur. Conubia pharetra amet diam quis erat accumsan eu interdum cubilia mi. Hymenaeos elit curabitur aliquet pulvinar.',NULL,55),(7932600,6,'BPMspace 122387587683','Ridiculus pulvinar integer quam nascetur nec cursus conubia.',NULL,NULL,NULL,'Dis ac leo dictum nisl litora luctus accumsan nunc. Ridiculus maecenas aptent suspendisse conubia arcu ultrices laoreet imperdiet. Tincidunt orci nascetur suspendisse orci nulla dis congue vestibulum molestie pulvinar.',NULL,55),(7932601,6,'BPMspace 12238799512','Blandit nulla sollicitudin integer justo tincidunt.',NULL,NULL,NULL,'Cum porta ante curabitur nullam pharetra montes ornare odio. Enim natoque bibendum pretium hymenaeos odio consequat porta convallis nec. Nulla posuere pharetra eu id adipiscing a ultrices nulla fusce sociis.',NULL,55),(7932602,6,'BPMspace 122387159401','Vel ullamcorper pulvinar ultricies laoreet iaculis.',NULL,NULL,NULL,'Laoreet fermentum fringilla porttitor mollis mus curae; cum et. Scelerisque egestas pretium urna mi sed litora suspendisse varius convallis sodales senectus netus libero maecenas. Sollicitudin blandit tincidunt dictum elit per pellentesque faucibus montes. Eleifend suscipit nisi integer dignissim.',NULL,55),(7932603,6,'BPMspace 122387783169','Faucibus neque velit auctor luctus curabitur.',NULL,NULL,NULL,'Placerat interdum turpis iaculis class id netus semper fermentum. Sociosqu primis conubia litora tempus arcu pellentesque cras porta augue. Facilisis nisi arcu metus justo mauris felis aptent fusce metus nec.',NULL,55),(7932604,6,'BPMspace 122387916443','Dui facilisi sociis eu urna sem erat.',NULL,NULL,NULL,'Porta diam sapien leo sem quam fermentum iaculis suspendisse. Lectus nam magna quis felis fusce purus porta eu fames. Lorem facilisis consectetuer phasellus bibendum hendrerit molestie neque facilisis risus a pellentesque gravida. Metus.',NULL,55),(7932605,6,'BPMspace 122387462565','Inceptos pharetra eros eros mi sit natoque iaculis.',NULL,NULL,NULL,'Laoreet ligula venenatis magnis morbi est phasellus pede elementum. Iaculis dignissim sollicitudin phasellus tempus iaculis dapibus risus iaculis metus. Sociis proin dapibus pede sed aenean pulvinar nisl scelerisque dignissim mus dictum. Sit fermentum consectetuer nulla ridiculus viverra.',NULL,55),(7932606,6,'BPMspace 122387631222','Aenean nisi tempus odio nascetur.',NULL,NULL,NULL,'Ut nam vel congue porttitor dolor tincidunt sodales mus. Malesuada sagittis luctus a nec tempor per quam praesent habitant. Tincidunt per proin orci accumsan convallis orci senectus dignissim lobortis quam imperdiet nunc. Fringilla mi nostra mollis scelerisque interdum nostra tincidunt netus.',NULL,55),(7932607,6,'BPMspace 122387585438','Sit scelerisque mauris curae; euismod.',NULL,NULL,NULL,'Nullam litora integer nulla ullamcorper posuere senectus venenatis iaculis. Pede leo eget sem id lectus ante venenatis penatibus lobortis facilisis conubia pulvinar faucibus gravida. Tempus at pharetra eget blandit ridiculus nisl penatibus nec sollicitudin mi at rutrum posuere. Urna aliquam iaculis pulvinar nisi quisque aenean sollicitudin.',NULL,55),(7932608,6,'BPMspace 122387180040','Cum quis fermentum fusce proin pellentesque.',NULL,NULL,NULL,'Pulvinar sit ut duis enim nulla habitant tempus hymenaeos. Sapien libero sollicitudin tristique vivamus dis aenean natoque pulvinar ac. Bibendum venenatis netus aenean in sociis ad nibh tristique quam amet vivamus rutrum velit. Magna vivamus magna litora sodales.',NULL,55),(7932609,6,'BPMspace 122387861901','Eleifend tempor placerat sodales cum donec neque et.',NULL,NULL,NULL,'Aenean venenatis quis tempor convallis adipiscing pretium morbi nascetur. Dictum integer leo ad quisque quam luctus consectetuer cursus malesuada. Imperdiet venenatis pretium porta fusce non accumsan enim donec etiam ridiculus aenean.',NULL,55),(7932610,6,'BPMspace 122387828765','Sagittis sagittis nec mauris sodales.',NULL,NULL,NULL,'Mi sollicitudin pharetra tempor fusce at felis imperdiet velit. Interdum aliquet ac tortor massa scelerisque malesuada blandit vel mattis pellentesque sit cubilia. Pretium urna magnis orci rhoncus tristique egestas integer felis ipsum. Dictum phasellus tortor laoreet leo tristique egestas ipsum habitant. Pharetra rutrum suscipit varius curabitur vehicula.',NULL,55),(7932611,6,'BPMspace 122387279674','Tempus rutrum et accumsan enim dui faucibus.',NULL,NULL,NULL,'Nisl a dis vestibulum eu malesuada nostra nulla erat. Faucibus felis ornare facilisis mus suscipit odio nunc elit felis suscipit. Aptent fames iaculis ultricies morbi ut at molestie laoreet nec nec. Vivamus metus nulla nec ac facilisis malesuada neque integer.',NULL,55),(7932612,6,'BPMspace 122387101074','Feugiat lobortis fermentum eget diam dolor maecenas scelerisque.',NULL,NULL,NULL,'Nonummy ornare lacus diam nonummy montes sollicitudin odio ornare. Porta mauris luctus semper penatibus tristique mollis urna auctor nec nunc. Justo pellentesque class magnis cum euismod a cubilia posuere consequat maecenas adipiscing. Habitant praesent.',NULL,55),(7932613,6,'BPMspace 122387519786','Pharetra augue fusce lobortis facilisi condimentum nunc.',NULL,NULL,NULL,'Interdum sem taciti tristique ut velit ac cras pharetra. Vivamus torquent montes ac ipsum adipiscing torquent ipsum habitant. Nullam mollis sagittis gravida hymenaeos risus sapien pede ullamcorper nonummy facilisi odio. Posuere.',NULL,55),(7932614,6,'BPMspace 122387584084','Cras hymenaeos interdum tristique gravida a vitae tortor.',NULL,NULL,NULL,'Pulvinar lobortis augue ad sollicitudin dui mauris ultricies commodo. Fermentum libero est volutpat dictum ullamcorper aptent mollis malesuada taciti tellus quam cubilia.',NULL,55),(7932615,7,'BPMspace 122387465262','Aptent nulla urna semper eu venenatis vitae volutpat aliquet.','a8d2bd0db0d5b6362533bfb3f33d7ccd','691','07CD470B','Integer ultricies luctus natoque lectus litora volutpat nisl adipiscing. Maecenas lorem torquent bibendum purus lorem class augue consectetuer fusce habitant.',NULL,55),(7932616,2,'BPMspace 122387632456','Sollicitudin interdum lorem conubia eleifend sed fermentum dis accumsan.','3d340f0dc4fc42cfc3684dc9e700bdcd','250','07CD47HQ','Imperdiet sem turpis cras venenatis lacinia dis posuere venenatis. Porta fusce nibh ut ultrices scelerisque enim sociis laoreet odio ultricies posuere rhoncus praesent. Duis etiam primis sit varius elementum imperdiet.',NULL,55),(7932617,6,'BPMspace 122387161425','Tellus iaculis dui velit cursus vel etiam mollis.','','','','Dis id etiam est mi sed lobortis tincidunt at. Dis ultrices ante magna eros tellus nec enim montes ut augue netus pharetra. Enim euismod porta nullam aliquam eu feugiat rutrum ut fusce tempus lacinia lacinia. Accumsan.',NULL,55),(7932618,6,'BPMspace 122387512534','Aenean nostra ac cursus semper nibh malesuada.','','','','Fames erat hymenaeos amet cras nascetur ipsum habitant molestie. Laoreet fringilla inceptos urna metus sagittis in natoque pharetra pretium nam nostra lacinia.',NULL,55),(7932623,9,'BPMspace 122387932567','Vehicula tristique per per hendrerit pulvinar nunc venenatis ultrices.',NULL,NULL,NULL,'Adipiscing nonummy vitae auctor leo velit massa nonummy nam. Congue porta dapibus quisque euismod dapibus viverra lacus curabitur mi cum dictum luctus scelerisque nibh. Aliquet massa integer maecenas dui nullam mauris pede ridiculus tincidunt convallis a. Aliquam fusce nostra arcu litora class consequat faucibus donec.',NULL,55),(7932624,10,'BPMspace 12238787125','Senectus pede suscipit euismod tincidunt netus enim massa quis.',NULL,NULL,NULL,'Sit pulvinar egestas torquent semper ipsum natoque nulla lacus. Ullamcorper tellus nonummy ligula laoreet sapien per accumsan aliquam conubia. Gravida bibendum interdum quam nascetur.',36,55),(7932625,11,'BPMspace 122387546910','Nisi sociosqu ipsum molestie justo.',NULL,NULL,NULL,'Facilisis at libero adipiscing ridiculus sapien penatibus venenatis semper. Luctus sit posuere auctor eget ultrices varius velit vel ullamcorper. Risus sagittis non pede magnis.',NULL,55),(7932626,12,'BPMspace 122387478237','Consectetuer taciti vitae eu malesuada nunc phasellus mollis nisl.',NULL,NULL,NULL,'Velit class nisl primis sociis viverra ligula et aliquam. Nibh vehicula venenatis volutpat bibendum lectus ultrices felis sem consectetuer cubilia. Luctus duis per purus pharetra dictum tellus.',NULL,55),(7932627,10,'BPMspace 122387814813','Sed placerat ante dapibus primis condimentum habitant.',NULL,NULL,NULL,'Nisl libero laoreet sed pulvinar etiam diam arcu risus. Dapibus quisque eu curabitur ullamcorper consectetuer sollicitudin torquent ullamcorper ultrices sollicitudin malesuada ultrices. Tortor condimentum semper.',36,55);
/*!40000 ALTER TABLE `coms_certificate` ENABLE KEYS */;
UNLOCK TABLES;

--
-- Dumping data for table `coms_certificate_participant`
--

LOCK TABLES `coms_certificate_participant` WRITE;
/*!40000 ALTER TABLE `coms_certificate_participant` DISABLE KEYS */;
INSERT INTO `coms_certificate_participant` VALUES (419127,7932587,112995,'2011-09-21',NULL,'2d944dda95412398a39a30b9f8a051b0','186','00CFMNSI',NULL,NULL,73),(807829,7932573,1,'2012-03-23',NULL,'084d3bf6ec3a97c5fb92cd96ecdd9377','340','00O2CVQS',NULL,NULL,73),(839990,7932574,113666,'2010-10-28',NULL,'bda6df8b1da2fd7dea3363ec2d70cb5d','776','00P12FFO',NULL,NULL,74),(1202558,7932587,113051,'2011-03-01',NULL,'5796cb4b9bfe03e6ed7ec53517563f4a','358','013QR5CM',NULL,NULL,74),(1387312,7932568,113299,'2011-07-11',NULL,'a347e12f985639b5dbcedad2fc2d6e7d','668','019B1DGS',NULL,NULL,74),(3811485,7932570,113121,'2011-07-15',NULL,'3195b2b3ae5ec35ad441f9e7a4e4295b','203','03HIT9GJ',NULL,NULL,83),(4398871,7932605,113204,'2012-02-28',NULL,'265c002225a1b08da956cd2857253752','157','04332SJL',NULL,NULL,83),(5651605,7932574,113396,'2010-11-05',NULL,'dd4e7d64918ae861e82c37207b82cd7a','906','058DPACI',NULL,NULL,74),(6188994,7932587,113214,'2011-06-02',NULL,'57e2e07aac186f024e95ccd69cb79968','359','05OE93PN',NULL,NULL,74),(7162519,7932605,113207,'2010-10-12',NULL,'d17d2b01185875b014c922cdd9b784e6','858','06LEMO9I',NULL,NULL,83),(8092366,7932573,113324,'2011-01-23',NULL,'424703c4cb0eec0366ed61f89b511f8f','271','07H5FDDV',NULL,NULL,74),(8458764,7932574,113325,'2011-01-24',NULL,'ef3d52182e3aacff1dc4f34c712bcd33','979','07S2T0LJ',NULL,NULL,74),(9525687,7932574,113462,'2011-10-23',NULL,'6e29aa82f460a3043ab02f27d0a570c6','451','08RSCT4R',NULL,NULL,74),(12824838,7932575,113095,'2011-04-03',NULL,'b1ec988c9d70957e1870ac81dd959dd8','728','0BU6N0I8',NULL,NULL,83),(13076177,7932587,113163,'2010-08-07',NULL,'bb2460e6cb9210dd4f2e11cf6da3d872','766','0C5MD8R6',NULL,NULL,74),(13243447,7932568,112993,'2011-02-28',NULL,'24e868a37a52b0998643c4a972083fe2','151','0CALTTRF',NULL,NULL,74),(14270456,7932588,113372,'2011-08-17',NULL,'95b373c8dcc0e57a2496080b2dc5ac2e','613','0D99BOP5',NULL,NULL,74),(14345240,7932577,113199,'2011-01-03',NULL,'7b377609f43626e5d409c9125a55115a','504','0DBGLVTO',NULL,NULL,74),(14831859,7932589,113389,'2010-07-08',NULL,'2bf9c93fd2f28647f627931558459a75','180','0DQ0ODFC',NULL,NULL,74),(16525641,7932587,113019,'2010-09-24',NULL,'10ee5961caf8f09eeb162ff10f3864df','693','0FCG2HUT',NULL,NULL,74),(16723379,7932573,113428,'2011-04-23',NULL,'b0dfb72589782ec0166b39a73a0e3019','724','0FICL1GC',NULL,NULL,74),(17360478,7932574,113567,'2010-07-27',NULL,'4d81c079dd16c5fddf61953758a4e37f','317','0G5C7O3D',NULL,NULL,74),(18713536,7932574,113336,'2011-03-15',NULL,'f005e3d9726567163ee837bbc64305e6','983','0HDMJQEN',NULL,NULL,74),(18871015,7932575,113654,'2012-03-27',NULL,'23cb32c845f08ee772a40d2ed27f1020','146','0HICPLNA',NULL,NULL,74),(19460430,7932625,1,'2011-04-27',NULL,'cf55487dccf7077cac6ad0f0218e173e','849','0I3UT701',NULL,NULL,73),(20358493,7932573,113459,'2012-02-20',NULL,'403f89cda1079d2a25e10774434a9891','263','0IUNBT2F',NULL,NULL,74),(20543591,7932568,113191,'2012-01-24',NULL,'3b509cf8fbd687fc3d3441c3641ae7b8','242','0J47SKQA',NULL,NULL,74),(21930786,7932567,113190,'2011-09-21',NULL,'fa53397a5735b36a6a72c35f848ea779','102','0KDIQF9M',NULL,NULL,74),(22008068,7932583,113194,'2011-04-10',NULL,'cb85aceac1ed1ca648e0b35222b6ee85','833','0KFSGUN1',NULL,NULL,83),(22813166,7932574,113130,'2010-07-01',NULL,'7bf12be455e8b6d38bf303c6ae4eaffb','507','0L7SAITB',NULL,NULL,74),(23272603,7932567,112983,'2012-04-01',NULL,'3726a27b27554e80a5e3587d776bcdd5','225','0LLIFFIP',NULL,NULL,74),(23605634,7932573,112993,'2011-01-31',NULL,'5a8f1e5f924c669bdd46e7febf6c16c8','370','0LVG2PA2',NULL,NULL,74),(25106916,7932616,113473,'2011-01-27',NULL,'7adba94620ffc2f201fbf73bf477bff4','503','0NC7Q94N',NULL,NULL,74),(25929274,7932588,113387,'2011-07-04',NULL,'0151863d0bd247eb85452e890d40f528','540','0O4O2L5C',NULL,NULL,74),(26164083,7932574,113344,'2011-01-10',NULL,'05ae8da03b454c37eb7bb93a472196fd','232','0OBO0EH0',NULL,NULL,74),(27132847,7932574,113330,'2011-04-09',NULL,'79b0400e16645e9e9ebfcef8487c74a6','498','0P8JSPCA',NULL,NULL,74),(28383294,7932573,113320,'2011-12-10',NULL,'c4f0411aad1effe9fa5cb99e01c0ce7a','806','0QDSDDAM',NULL,NULL,74),(28694824,7932573,113391,'2012-02-02',NULL,'75a3d2f8f2b708201f87391c14211422','481','0QN5GHH1',NULL,NULL,74),(29332904,7932616,113669,'2010-07-09',NULL,'aa8b516d9d690978025349d16d5ffadd','698','0RA616NQ',NULL,NULL,74),(31344427,7932616,113549,'2011-09-09',NULL,'34768a6dc29735f6fa92171f72383362','214','0T64C06E',NULL,NULL,74),(31774796,7932574,113434,'2011-09-01',NULL,'45b6db21a77d3987815226c84e987817','285','0TIUPQFT',NULL,NULL,74),(31959842,7932616,113245,'2010-09-24',NULL,'600dfbe34d79f41730dcae9af380a932','393','0TOF8VIP',NULL,NULL,74),(33016592,7932600,113117,'2010-07-22',NULL,'df33e4a4dbfe9fe0dff3e7777391fef7','914','0UNV2EGI',NULL,NULL,83),(33187582,7932606,113141,'2010-10-25',NULL,'a0f2ab2268edb1d171a3924120fca980','659','0UT24KM3',NULL,NULL,83),(33960344,7932588,113154,'2012-03-31',NULL,'95d1cf08c9a264b6a7b947b4582e864e','613','0VK33F15',NULL,NULL,74),(34928252,7932568,112980,'2010-08-24',NULL,'01c025982e861e36fbbbd2fa2d37a099','717','10GU5LPD',NULL,NULL,74),(36496874,7932573,113348,'2012-02-06',NULL,'47a9936255edc69d92b6650c266d906c','293','11VM46PL',NULL,NULL,74),(37633981,7932587,113365,'2011-12-28',NULL,'a0e593a3750b768105a066374c44dabe','659','131IHV6R',NULL,NULL,74),(37963498,7932623,113540,'2011-09-09',NULL,'bf7e9c204724e5ac47beab32208af7e6','784','13BCQ190',NULL,NULL,74),(37980933,7932587,113442,'2012-01-03',NULL,'e55f5e64fefb54cff8d01524e7d7e3d6','939','13BTE3PJ',NULL,NULL,73),(38019037,7932574,112981,'2010-10-16',NULL,'cca3e56f7581cfb5ef3eabadecf9ee28','838','13D1OUKE',NULL,NULL,74),(38141614,7932624,1,'2010-05-12',NULL,'36968b3fd4723676351ccbbcae97e2a4','223','13GMLM4F',NULL,'1900-03-01',73),(39028050,7932574,113443,'2012-03-02',NULL,'ab1c8e59c298430b473992730a4eaac6','700','14B41IOC',NULL,NULL,74),(41000455,7932574,113323,'2010-09-07',NULL,'260e6d5a25c7548c7c18198558d3929d','155','165T2IVJ',NULL,NULL,74),(41303738,7932574,113508,'2010-08-05',NULL,'8cfdd5dd6ea7599947388886ccf97bb1','577','16EUA26H',NULL,NULL,74),(41824379,7932574,113593,'2011-12-23',NULL,'0964c7403e5f01f95dc453f2c152bf5b','384','16UEQOFO',NULL,NULL,74),(43184846,7932574,113433,'2010-12-23',NULL,'24d7b7789ee6c66e480947352bc030ea','150','18708TA6',NULL,NULL,74),(43532192,7932570,113119,'2010-06-22',NULL,'bd12c110ef28fd00c6d53ad216671a20','774','18HBH306',NULL,NULL,83),(44187396,7932572,113196,'2010-12-11',NULL,'95be8aecfa791c7a13a07af5444a214d','613','194SCAG5',NULL,NULL,74),(44713236,7932605,113154,'2011-09-01',NULL,'e619fd7894774cd42c43a72925108b41','942','19KHRMEE',NULL,NULL,83),(45116631,7932574,112982,'2012-01-30',NULL,'b516f5c294e26eadd4d881730b208dff','741','1A0IIALT',NULL,NULL,73),(46242438,7932587,113441,'2011-08-23',NULL,'8cf3941dc2c45e769137f8fe2a3f2a37','577','1B2477DH',NULL,NULL,73),(46561235,7932587,113262,'2011-11-09',NULL,'5980006d7b32e84b5ea89d5ff29789c7','366','1BBK84D6',NULL,NULL,74),(47074275,7932574,113599,'2011-09-03',NULL,'1254e6cb4ab9c7aee625f13a32b17262','750','1BQTGSD6',NULL,NULL,74),(47092095,7932574,113662,'2010-12-23',NULL,'671e167a77f6e1a925bbd1e6d56700ff','422','1BREGMDU',NULL,NULL,74),(47418528,7932574,112975,'2011-02-19',NULL,'838245b0dc83f1e883c4b989e293b2db','538','1C55QKOQ',NULL,NULL,73),(47887420,7932587,113440,'2010-09-09',NULL,'3741abc2b9d5fb9aafac21435d5c5aa0','226','1CJ502Q2',NULL,NULL,74),(48555567,7932605,113148,'2011-10-26',NULL,'87a6e9e1bd371570510ebe04a3074e87','555','1D726AE3',NULL,NULL,83),(50362738,7932583,112971,'2010-06-21',NULL,'b09a42ac0aea5e95a63873f7c5276787','723','1ESTKQ13',NULL,NULL,73),(53284000,7932574,113249,'2011-08-15',NULL,'a1d2fd74b8087a0db1a6d16e60bb9419','662','1HJVIKSM',NULL,NULL,74),(54745325,7932574,112983,'2011-05-20',NULL,'6aa23ebf12440f0e246e09b92daf4dcc','436','1IVH6NRS',NULL,NULL,74),(54971260,7932581,113273,'2011-02-01',NULL,'1f2db272b0bbb3e98621e27c275cff05','127','1J68LN6V',NULL,NULL,74),(56444020,7932587,113572,'2011-04-15',NULL,'f54675669132d01018be8637a6165d90','100','1KI56PC4',NULL,NULL,74),(59345557,7932574,112955,'2011-10-22',NULL,'24b7eb5e49924d02f33fd78525b0e73f','150','1N8KALKU',NULL,NULL,73),(59491068,7932573,113457,'2011-02-04',NULL,'d670599100ffa408bd6fd8102a268237','878','1NCV3AUE',NULL,NULL,74),(60124555,7932602,113513,'2011-05-28',NULL,'3ad19c642dd005fe2b3e72ea3ef7af3f','240','1NVR7PV8',NULL,NULL,83),(61034872,7932567,113400,'2010-05-25',NULL,'4c382c20e7d790c2f7eaa2b978acedb9','312','1OQVCFFO',NULL,NULL,74),(62634374,7932574,113668,'2011-09-04',NULL,'0f66259584c8772862d174eb1e7f5890','630','1QAKPDF6',NULL,NULL,74),(63100449,7932598,113188,'2011-07-22',NULL,'db543655c53c636a51e4439d16f9a6b9','898','1QOH8T3A',NULL,NULL,83),(63743165,7932574,113185,'2011-05-30',NULL,'c95ac30d74d27fc5163041af841ee447','824','1RBM71C0',NULL,NULL,74),(64795061,7932570,113496,'2012-01-17',NULL,'560b275a32e4340a7d8d6caadb7c2d7b','352','1SB1CB38',NULL,NULL,74),(65813721,7932574,113258,'2011-06-13',NULL,'2170c325c237bf94dcef5ab5bfefe2e2','136','1T9CRC1G',NULL,NULL,74),(68615992,7932573,113098,'2010-05-15',NULL,'b562fe2fd6f7a73f63a00e79e1da4b3b','742','1VST9TD6',NULL,NULL,74),(68641617,7932616,113220,'2010-08-21',NULL,'2a11b2cf10052c42954509bbca418adb','172','1VTLNT8K',NULL,NULL,74),(70207699,7932568,112980,'2011-11-27',NULL,'514bc08a437c45de5a419e1a4c0443e1','332','21CB8UC4',NULL,NULL,74),(70761165,7932573,113508,'2012-04-12',NULL,'3fa46bb47b5cd5ccef24767b48fe2839','260','21SR3CEC',NULL,NULL,74),(71484205,7932587,113143,'2011-10-17',NULL,'e062cbff6df2abb4e957fcb924aaf18f','919','22ICKQQV',NULL,NULL,74),(72037587,7932602,113658,'2010-09-16',NULL,'d156fa46738edea017df14cb5c6dbd4d','857','232SCMSH',NULL,NULL,83),(72770492,7932575,112965,'2010-07-15',NULL,'319c219d45382bda4243f09b185191d5','203','23ONB5PB',NULL,NULL,74),(73419384,7932574,112987,'2012-02-22',NULL,'9b870143d0dcf216dde082bd7bec84b4','637','24C25PPT',NULL,NULL,83),(75867612,7932598,113362,'2011-08-27',NULL,'1a1113973727729dde0c6109115193ed','106','26L0VOUA',NULL,NULL,83),(76087521,7932579,113096,'2012-01-05',NULL,'2a91a4b32fa1f0b602a7c1d63f0dab06','174','26RIMRSM',NULL,NULL,73),(81163635,7932573,113477,'2010-09-03',NULL,'7ee8d2d19b3cb5295f5026ad71cb532b','519','2BIRLIPV',NULL,NULL,74),(81379394,7932573,113298,'2011-12-15',NULL,'176ac923612f7ea3038ee01c53129d21','959','2BP9E1CF',NULL,NULL,74),(81901712,7932587,113014,'2011-10-11',NULL,'116bccaab016d8a8d48e1ee27536ceb3','713','2C8RHTA9',NULL,NULL,74),(82011607,7932574,113133,'2012-02-03',NULL,'568c0a093befd31d886d1965119908ca','354','2CC4BK9Q',NULL,NULL,74),(88594937,7932599,113469,'2011-01-15',NULL,'ff851fb37db128fcd306736058508af2','104','2IGAMT8G',NULL,NULL,83),(88959592,7932574,112918,'2010-08-07',NULL,'1d02c2397a70b480ffda08f756b8ce07','118','2IR6F9LM',NULL,NULL,73),(90438412,7932616,113240,'2011-04-15',NULL,'5184977be147ce8e635d69ff5118ea71','333','2K78PA1D',NULL,NULL,74),(91446922,7932587,113210,'2012-02-16',NULL,'199fcb3906ca5b0e6acbda9b9c3e70ed','104','2L5AIIRO',NULL,NULL,74),(91799885,7932574,113640,'2011-06-14',NULL,'c0f016d7544b25f9e868a0cb03cd0036','790','2LFR65UU',NULL,NULL,74),(94366876,7932573,113504,'2010-06-25',NULL,'139e0b895d386af635040169087a94b3','803','2NSB8H43',NULL,NULL,74),(94603932,7932579,113684,'2010-06-05',NULL,'82baa6f842c61883494f050abf310cd1','535','2O3DASRN',NULL,NULL,74),(95618805,7932574,113253,'2012-04-16',NULL,'c13708b7f6f05b612a6ce568b9acc5c4','791','2P1L6C0V',NULL,NULL,74),(96649913,7932574,113392,'2011-03-02',NULL,'a44ebff0316b5ad99bb67927d4281609','673','2Q0CH9A9',NULL,NULL,74),(96982449,7932574,113426,'2011-01-01',NULL,'30b55d2decf6d42733fc504acabc301a','199','2QA9LF1F',NULL,NULL,74),(96988231,7932574,113676,'2011-05-07',NULL,'1e011d6aa710567cb01f8bd888e07483','122','2QAF5TEI',NULL,NULL,74),(97699110,7932587,113316,'2011-04-26',NULL,'45e2057dca1b67a27bff75d842af39a9','286','2QVL47CE',NULL,NULL,74),(99290690,7932574,113427,'2011-06-03',NULL,'f1171232edca801172aae8d36e68c7a1','987','2SF2VDDB',NULL,NULL,74),(100264157,7932568,113098,'2011-08-28',NULL,'4e0a6cb4ebcd1b97d430dfd86f996afa','319','2TC3B847',NULL,NULL,74),(100733098,7932574,113331,'2010-08-05',NULL,'0e3179b505befab1b6e00ec007387c99','581','2TQ2I6IL',NULL,NULL,74),(101483488,7932573,113190,'2010-08-19',NULL,'66f86626ebd43201d31d39cc1b917811','421','2UGE6955',NULL,NULL,74),(101948685,7932587,113587,'2011-01-08',NULL,'8962e4cb99a05035713daa2f63e0258c','562','2UU9QV7Q',NULL,NULL,74),(102724866,7932581,113274,'2010-05-03',NULL,'2a7d53373a0842c8921a2a661e96bbf1','174','2VLE243U',NULL,NULL,74),(102900290,7932627,113545,'2010-09-05',NULL,'40d65a9b4472dffe21db13b32141d854','265','2VQLBKMP',NULL,'2021-03-18',74),(103539964,7932576,113515,'2011-10-11',NULL,'ac9fae15c01fab77d8fe5bbfa8cd2058','707','30DNCUP3',NULL,NULL,74),(104149201,7932574,113630,'2012-03-15',NULL,'7228151de04304d6cef978f3cc98f1ec','467','30VSDCHR',NULL,NULL,74),(104705927,7932574,113102,'2012-03-03',NULL,'150a5bfb3bd121707e0eaf30d25687ed','861','31GFBALL',NULL,NULL,74),(106428962,7932574,113535,'2010-07-05',NULL,'a0805a8751a0cff83ba640b14247e81d','657','333QI5R1',NULL,NULL,74),(106690269,7932574,113104,'2011-12-10',NULL,'c596442796e301f326abc3f291b3295a','809','33BJOKJH',NULL,NULL,74),(107253615,7932580,113141,'2012-01-29',NULL,'a12a5c5b7f9b19dcec8273dab181d8f7','660','33SD0J1C',NULL,NULL,74),(107310018,7932575,113516,'2012-02-14',NULL,'57f7bde6e62efb17481e9e76888f26ab','360','33U2PRPO',NULL,NULL,74),(108285277,7932587,113304,'2012-03-17',NULL,'e1b85f8e339e9089ec3eaf50d930df57','924','34R4SDN4',NULL,NULL,74),(108715788,7932574,113679,'2011-08-14',NULL,'a6f4a0ccea37b21af3bbd56d047a15cf','683','357VEICB',NULL,NULL,74),(109865676,7932574,113401,'2012-03-27',NULL,'c6859eab241c671c23d2d1258142432c','813','36A82C0D',NULL,NULL,74),(110140712,7932598,113193,'2011-11-17',NULL,'fde27f23850d90f24b7e757eecfd0ffb','103','36IEBP57',NULL,NULL,83),(110217063,7932574,113449,'2012-02-15',NULL,'cbbe9efa947160fdaf145e5108b40caa','834','36KN5RCQ',NULL,NULL,74),(110804449,7932587,113581,'2012-01-19',NULL,'61d731d06b36b43caa77cdb9ebe4217e','400','3767BE3O',NULL,NULL,74),(111953534,7932574,113247,'2011-07-23',NULL,'a7c0d103ebd4c786ac06044d1c293d2c','687','388F6NMV',NULL,NULL,74),(116181893,7932605,113419,'2010-10-14',NULL,'31f8586f517b85f4facd6501d62682b5','204','3C6FM02K',NULL,NULL,83),(116905025,7932602,113113,'2011-07-07',NULL,'7d97b1fa4d979603ddbd622866a32248','514','3CS1A7VA',NULL,NULL,83),(117269421,7932598,113468,'2011-11-10',NULL,'9e26fdd30a44f34d4abf7d3e3e955798','647','3D6SQNIF',NULL,NULL,83),(119545141,7932588,113141,'2010-08-17',NULL,'097cd9b9cc8f6373b5e93ce55f7da1a4','388','3FAN464C',NULL,NULL,83),(120796576,7932574,113665,'2012-04-09',NULL,'c07347001bd4c40fe015239bd32ed0fc','788','3GG0IV0K',NULL,NULL,74),(121088123,7932568,112983,'2011-09-24',NULL,'b2c76e0abc065f16bddb4a5d6d89c94a','732','3GOMK8QK',NULL,NULL,74),(122225942,7932574,112980,'2010-11-21',NULL,'a0408c97c7324f4984f254cc962cfd38','656','3HQJNO40',NULL,NULL,74),(122542584,7932568,113348,'2011-06-27',NULL,'c2922bdbe1f7488150abdbb96d9a1b63','796','3I41MSUS',NULL,NULL,74),(123090066,7932588,1,'2010-09-10',NULL,'56a7c62eb6cf6a07c8534d152a65fe55','354','3IKBQMTI',NULL,NULL,73),(126396181,7932588,113142,'2011-12-19',NULL,'da7236cbcf8e72b0736ea902cf9a95f6','894','3LMSPBC6',NULL,NULL,74),(127572246,7932587,113007,'2011-03-07',NULL,'bc91c7ae2917734093e533420472c9be','772','3MPUC07K',NULL,NULL,74),(129518850,7932574,113099,'2010-11-12',NULL,'8a3261023f36d4242878fc3a35244f28','566','3OJUPKG6',NULL,NULL,74),(130759975,7932581,113276,'2010-11-16',NULL,'c0c9a46a3095f62a0cff6d909c027d98','789','3POUDORD',NULL,NULL,74),(131178720,7932587,113031,'2010-09-19',NULL,'f0db5ee354addd91059b309dd787c863','986','3Q5DORMQ',NULL,NULL,74),(131256286,7932574,113607,'2010-09-21',NULL,'7f72dcb784f61c308357de9f35511f99','522','3Q7NNV9Q',NULL,NULL,74),(131634610,7932580,113186,'2011-01-02',NULL,'fa369a7e9b244f0a60607932f5dd0cb7','102','3QJ0HFTM',NULL,NULL,74),(133963096,7932587,113171,'2011-03-12',NULL,'efbb10aba62c110ac73d0a0dc14e4d67','981','3SOD58SL',NULL,NULL,74),(134044986,7932587,113056,'2010-10-14',NULL,'955db67181d997bf869f68624f192445','611','3SQR8B7J',NULL,NULL,74),(134990330,7932574,112928,'2012-04-16',NULL,'54ad42498dc51d405042ee77c9525608','346','3TN0PUFA',NULL,NULL,73),(135965816,7932627,113519,'2011-07-11',NULL,'be904b2559ad04ff02bf75ff4c135e32','780','3UK33DUC',NULL,'2021-03-20',84),(136378005,7932568,113287,'2012-01-26',NULL,'61a134dc7a3e0324406c31810b4a161c','399','3V0C6DSN',NULL,NULL,74),(136607745,7932568,113362,'2011-10-22',NULL,'a1a33d83a05e891c22aea24b7df7da09','662','3V779HJU',NULL,NULL,74),(138254981,7932577,113194,'2010-12-20',NULL,'014ac6b6f4f081c4abb5a1b907181757','529','40OA76CP',NULL,NULL,74),(141608078,7932574,113505,'2010-12-05',NULL,'244b835adabba6516c7444e4dc447641','148','43S7VIQ4',NULL,NULL,74),(142318008,7932588,113156,'2011-04-19',NULL,'af38cb4c85538af8b6125fb1afa6ac4c','717','44HD0UCD',NULL,NULL,74),(142499175,7932579,113408,'2011-07-19',NULL,'ce493f73fc45b14d288567aea64ed08c','844','44MPPND4',NULL,NULL,74),(142967564,7932574,113179,'2010-10-10',NULL,'c022c41916d885b7851c5c54b9095efa','786','454OFQFI',NULL,NULL,74),(144014221,7932573,113362,'2011-09-01',NULL,'e0a49a742f11f0c2e4622afcbc5434aa','920','463UL8J0',NULL,NULL,74),(144370577,7932575,1,'2010-08-05',NULL,'4c056ead935e83c135d844a543f87667','311','46EIGBSV',NULL,NULL,73),(144745558,7932580,113272,'2010-11-05',NULL,'fa2a68112347007d9c755bf6bd095457','102','46PO3S2M',NULL,NULL,74),(148261004,7932567,112993,'2011-03-18',NULL,'0ef79f76066481dd4310f4e2460261c0','613','4A2GMPA5',NULL,NULL,74),(148415977,7932605,113141,'2010-12-07',NULL,'626757dbf6cc66d181982b195c491abd','403','4A74G5TR',NULL,NULL,83),(150371525,7932598,112990,'2010-09-24',NULL,'da566d6b2adb89ae7466d383e73690ed','894','4C1DEP86',NULL,NULL,83),(151684803,7932616,113237,'2010-11-03',NULL,'ead9bdbb3062c1c520def2340379957c','961','4D8HSRBP',NULL,NULL,74),(152436710,7932587,113370,'2012-01-26',NULL,'9a72fdb13ab051ceede43b86aaa4b516','632','4DUUV778',NULL,NULL,74),(152477805,7932589,113141,'2012-01-01',NULL,'8f2e7f911d551f547bc07ec58a4a0c02','586','4E065B0I',NULL,NULL,83),(153493591,7932605,113415,'2010-12-18',NULL,'387a4f66eb494c3a1eeb0d507452ea5b','231','4EUESL5V',NULL,NULL,83),(154311616,7932575,113113,'2011-05-02',NULL,'9b6c0c9ec868e215cfd23357cf9a5f90','636','4FMR0Q3S',NULL,NULL,74),(157101783,7932574,113626,'2012-02-08',NULL,'c7f5e18ef095999e76adb06a6e24b080','819','4I9VTUOB',NULL,NULL,74),(158895285,7932623,113519,'2012-02-27',NULL,'807485e30e6ba3cb4429659aea966d12','526','4JVEB98M',NULL,'2021-03-20',84),(159669546,7932574,112984,'2012-03-15',NULL,'673b7ca15f4d777b7cb816ed0f0e4118','422','4KMGNRDM',NULL,NULL,73),(161695779,7932579,113089,'2011-04-21',NULL,'8091d065d064aaad896827874d050c1c','526','4MIT3IM6',NULL,NULL,73),(163049942,7932572,112971,'2010-07-19',NULL,'300fba022d046b162d65830c570a1945','196','4NR8HB5K',NULL,NULL,73),(163849583,7932567,1,'2011-11-22',NULL,'ea2966b07cd467db166edc994778bce9','959','4OJ34FAN',NULL,NULL,73),(164124376,7932568,113504,'2012-02-05',NULL,'7e48f1cdee437ea4bbf08327e3f32d8c','517','4OR96FE5',NULL,NULL,74),(164192890,7932579,113407,'2012-01-26',NULL,'d997fa8b07f4603a2c69efef73d23458','891','4OTAHC0B',NULL,NULL,74),(164766530,7932587,113052,'2011-03-13',NULL,'5d37e68d31262b37ad5252f21862fc20','381','4PEDJEQD',NULL,NULL,74),(165501028,7932616,113561,'2010-05-15',NULL,'581dcf125dad26829e003b55d5651660','360','4Q4A2I08',NULL,NULL,74),(166637983,7932574,113492,'2010-12-05',NULL,'94585878aa82e9dc653a78056fb6300c','607','4R66BLRN',NULL,NULL,74),(166708843,7932581,113280,'2011-03-25',NULL,'9d8e51de2327f615696d32c01a410264','645','4R89U53T',NULL,NULL,74),(167980931,7932607,113140,'2011-08-25',NULL,'1e6715a302b5ae4cc8895675384d21b9','124','4SE7361K',NULL,NULL,83),(168467317,7932572,113194,'2012-03-13',NULL,'a951f00e7774847de451325d48e47404','693','4SSMUGTT',NULL,NULL,74),(169230556,7932577,113122,'2010-07-24',NULL,'e13e80aa02ae076b99dcb7441bae87e8','922','4TJEQNNQ',NULL,NULL,74),(169604406,7932579,113680,'2011-07-24',NULL,'729cd1f79ecff8f3a437a08aad6263de','469','4TUJBN65',NULL,NULL,74),(170514086,7932598,112988,'2012-01-19',NULL,'1d147bc4e931f2147e347bb01a8e4a19','119','4UPMSU77',NULL,NULL,83),(172000146,7932581,113282,'2012-04-01',NULL,'e16f7d2a0c2d03703c232a888c60ad3a','923','50603TFB',NULL,NULL,74),(172157273,7932568,113189,'2011-05-13',NULL,'ac06aa549276f63220aedd41888be923','704','50ALV1J8',NULL,NULL,74),(172370148,7932587,113144,'2011-11-04',NULL,'765201b2e4e0e6b875a46a2cc81437a6','484','50H0VF44',NULL,NULL,74),(173149876,7932627,113282,'2010-12-26',NULL,'bad4458be7e2ad1d42fc4490b9a43320','765','5188ISGT',NULL,'2021-02-14',74),(176245933,7932580,113285,'2011-01-06',NULL,'554b616448916ace052f11628284bc2b','349','544H7195',NULL,NULL,74),(176309802,7932574,113294,'2010-08-14',NULL,'de7f4181d8c79f6632aae001e189c8bd','911','546E45SV',NULL,NULL,74),(176366330,7932574,113128,'2012-01-02',NULL,'643e6f8d558e5b3e80f0fd1d2449cd56','410','548418HA',NULL,NULL,74),(176571754,7932573,113422,'2010-12-08',NULL,'1b49093bc17acb8761a4eeac6ce0839c','111','54E7U9JV',NULL,NULL,74),(177735607,7932568,112978,'2012-04-21',NULL,'bbe9cce2aa0d750d6cfa57ddcc1fa5ab','769','55GTS9EP',NULL,NULL,73),(178740973,7932568,113448,'2010-06-15',NULL,'17724d8e6ac65dc5f2b97c23c067438d','960','56ESLKC8',NULL,NULL,74),(178861388,7932580,113138,'2011-07-25',NULL,'cf57fbf8b8db175f22bc1e00e50f1cec','849','56IFGD1H',NULL,NULL,74),(180670287,7932568,113337,'2012-02-03',NULL,'de763e991aa464a905634b5186c4ae69','911','588CJK17',NULL,NULL,74),(180770542,7932576,113622,'2011-07-20',NULL,'5ca54e8d9371dcb5dae87b3096167ba2','379','58BC74PB',NULL,NULL,74),(182841928,7932587,113174,'2012-02-10',NULL,'3808719b55f10cdbba0f64ed6911d61f','229','5A93KQH5',NULL,NULL,74),(183239198,7932587,113625,'2012-02-13',NULL,'cd017465d29ff6293ea2f0e25ccaca58','839','5AKUGI3N',NULL,NULL,74),(185632515,7932573,113103,'2011-09-19',NULL,'74cf02c848fa57185b7ad832b44c567b','478','5CS8UPCM',NULL,NULL,74),(187898689,7932623,113545,'2011-10-24',NULL,'f79ea7cf30dd297c4fe0bcaa5e6f98a0','101','5EVQ4TID',NULL,NULL,74),(189131139,7932598,113634,'2011-08-21',NULL,'2597731ea0f87424b40cfcd5723164b5','153','5G4HGA2H',NULL,NULL,83),(189139110,7932574,113178,'2011-12-07',NULL,'c1719bd6a1975a6e4509dc441fe62254','792','5G4P3IS8',NULL,NULL,74),(189277051,7932567,113428,'2011-09-01',NULL,'516d48187c4f485ece7b4eb0a7a2f62c','333','5G8SL6E5',NULL,NULL,74),(190384954,7932587,113577,'2011-12-24',NULL,'2741523d2d362f5688751af8e6113f12','160','5H9T7MPG',NULL,NULL,74),(191150633,7932573,112981,'2010-09-27',NULL,'951c974aadff4a8feb77e63c02dfeab9','610','5I0NECKA',NULL,NULL,74),(191312865,7932574,113391,'2010-09-09',NULL,'92307d3bfb4029e165c258a57f09f8a3','598','5I5I5A9U',NULL,NULL,74),(191560123,7932572,1,'2011-03-24',NULL,'e9f368975373739fbe73bc2b698ad711','958','5ICTV1HM',NULL,NULL,73),(192613358,7932587,113371,'2012-01-19',NULL,'affbaac90abafca694b5215cdc8e6aa6','720','5JCAD740',NULL,NULL,74),(194138605,7932573,112986,'2010-12-07',NULL,'811dbfcb560fd7aa061ca2535525e043','528','5KPP01UO',NULL,NULL,73),(194545899,7932587,112954,'2011-07-20',NULL,'2ae7df4f14b91baffc3e889bd5999556','175','5L5TDLL7',NULL,NULL,74),(194559167,7932580,113400,'2010-11-26',NULL,'edc4cd6fcbe9e4a7cc878cb02b36564f','973','5L6A2JF5',NULL,NULL,74),(195172899,7932574,113335,'2010-06-06',NULL,'26c753c89c56f3d8f50c4db17c8c8bd7','158','5LOJC6AM',NULL,NULL,74),(195233315,7932568,113595,'2010-12-24',NULL,'61da56c5571985d1c5c97f688fb458da','400','5LQCVUI8',NULL,NULL,74),(197361221,7932568,113104,'2011-06-10',NULL,'8e614737b9380ae6cc09317f708f3da4','583','5NPQAFUF',NULL,NULL,74),(197766998,7932567,113139,'2012-03-16',NULL,'f36a2c48f7752f69e8dd799664b03da8','997','5O5T9QUL',NULL,NULL,74),(198203033,7932574,112954,'2010-12-26',NULL,'a562207e6bc737e768f9293c4b77f3d3','677','5OIT4I2D',NULL,NULL,73),(198706827,7932574,113672,'2011-10-01',NULL,'5d2b90b7fa5ba2de35593946d16fd609','381','5P1TJ43L',NULL,NULL,74),(201839354,7932574,112977,'2011-04-23',NULL,'0667dad3711766ffaa00aa0d53f5373e','262','5RV908CM',NULL,NULL,73),(203143259,7932623,113558,'2010-10-27',NULL,'d3187ddd4b8dd77e26c963d8df58308b','864','5T64G9MO',NULL,NULL,74),(203668067,7932602,113122,'2010-10-18',NULL,'58260a30963b4b706015a90417e8ac90','361','5TLP0511',NULL,NULL,83),(205506134,7932574,113428,'2011-10-09',NULL,'325da567ee8f5317d6ebbd98d29af13b','206','5VCHTG5U',NULL,NULL,74),(206674287,7932579,113686,'2011-02-12',NULL,'754b1d183ec426164f824a594a3ea48b','480','60FBUMRO',NULL,NULL,74),(207692998,7932589,113418,'2010-09-13',NULL,'b0a8e665b3db2f6e19f4df2c7ea679f1','723','61DNFA23',NULL,NULL,74),(207859177,7932587,113364,'2011-10-01',NULL,'4bca45dfec2ff68c74d1a40f784b61b3','310','61ILULQU',NULL,NULL,74),(209297831,7932587,113086,'2011-10-10',NULL,'85056c634258edef77b9b6f3be77a624','544','62THUTJO',NULL,NULL,84),(210327556,7932605,113379,'2011-10-12',NULL,'dc6476cd192902534e51d801d6948641','902','63S7VKP6',NULL,NULL,83),(210474382,7932616,113651,'2010-10-07',NULL,'06a271e2b1d8254a5fdc6b5b2f704c9f','271','640K0CTV',NULL,NULL,74),(210837980,7932574,113257,'2010-08-14',NULL,'714bb3aeca6b75d79ad45b8e5428b1d9','464','64BEOH9G',NULL,NULL,74),(212604617,7932587,113310,'2012-04-06',NULL,'605f1f4940723fc0c9c7ec4b03cfabfe','394','6603I0LI',NULL,NULL,74),(212732047,7932600,113116,'2012-01-01',NULL,'957dc254eb8e70a1ebb2d04238237ff6','612','663T2S7S',NULL,NULL,83),(214876909,7932573,113299,'2010-12-13',NULL,'c2e7e8c60608c8d113aa97a50b1b7256','798','683QIS76',NULL,NULL,74),(215551192,7932572,113122,'2011-02-22',NULL,'c42b8e88498e6752dd584ad74332c622','803','68NTKBN3',NULL,NULL,74),(216973197,7932573,113191,'2011-03-14',NULL,'adfa24411880d8f3d1af227df0022e3f','712','6A29OGCG',NULL,NULL,74),(218450667,7932605,113378,'2010-10-09',NULL,'a168b44469c28ea92dd91aaf8936ba0d','661','6BEAPA4D',NULL,NULL,83),(218763111,7932574,113659,'2010-11-09',NULL,'058d08385d24d84ecc241856f8f0e6ba','227','6BNKOAPR',NULL,NULL,74),(219917233,7932576,113354,'2011-03-10',NULL,'3c27b631a944f8593d9671467b2d1b79','246','6CQ1DB2U',NULL,NULL,74),(221131292,7932568,113324,'2011-06-30',NULL,'56ac55ae4c05699df78ba83b0b3c85af','355','6DU77FM3',NULL,NULL,74),(221767337,7932573,113139,'2011-03-24',NULL,'5c5c9c19960d1ae92e6ebc3d6cbd36a4','378','6EH5Q1D2',NULL,NULL,74),(221782901,7932616,113472,'2012-02-16',NULL,'035d9750fda0b127c66c025ec2326f78','137','6EHKL0CH',NULL,NULL,74),(223979187,7932573,113448,'2012-03-27',NULL,'dee4cb0bcc4620ec47ef7ac1e9885604','912','6GJ36BM8',NULL,NULL,74),(224007777,7932605,113387,'2011-06-05',NULL,'5fce177e0deea0e0f64cded8a3d464ff','392','6GJUER3G',NULL,NULL,83),(224402380,7932587,113002,'2010-11-21',NULL,'451b218e99d4e1e7029957e136385495','283','6GVMP5FR',NULL,NULL,74),(225333912,7932589,113420,'2011-10-19',NULL,'9ca94800caba215c07b1ab343f96213d','641','6HRF5921',NULL,NULL,74),(226155103,7932579,113406,'2010-10-29',NULL,'00aa65d7eb3a2f5c2a9e6ec76e6e68cc','272','6IJUA118',NULL,NULL,74),(226485844,7932607,113139,'2010-09-28',NULL,'24029af8cbaa3d4808ed2123a086a725','147','6ITPNE5J',NULL,NULL,83),(228126620,7932574,113566,'2010-09-13',NULL,'e221466c71c8e453549d6b103219a0fe','926','6KEMFV7U',NULL,NULL,74),(228912338,7932573,113200,'2010-07-30',NULL,'41078303ef48f00b42d9ac1fe2077ce7','266','6L63Q5AQ',NULL,NULL,74),(229421146,7932580,113469,'2011-08-01',NULL,'b28ec327e16d7df2bda690170504bfd9','731','6LL91OJB',NULL,NULL,74),(229570822,7932574,112932,'2010-10-02',NULL,'2c066eecdf74116127f1327e471b0121','180','6LPNPG14',NULL,NULL,73),(232313882,7932568,113515,'2010-10-07',NULL,'98821adef1224af9b84a4e6b0d467d02','624','6OBFP200',NULL,NULL,74),(232934453,7932623,113437,'2010-11-16',NULL,'878b66bc7cb0f9e560cfc82d83861a8a','555','6OTVJC9J',NULL,NULL,74),(233633714,7932574,113562,'2011-12-28',NULL,'902d72d28fba1833865114dc2856db6a','590','6PIQF4CU',NULL,NULL,74),(234545883,7932623,113439,'2011-03-24',NULL,'758d3ead38c545d3663d988570595d9c','481','6QE0CAAP',NULL,NULL,74),(236426322,7932574,113060,'2011-09-30',NULL,'7a0661922f08d4cc51421781ab74c438','499','6S61MOI3',NULL,NULL,74),(236539049,7932605,113156,'2011-06-06',NULL,'c4244642fef8b177e72ed284ad427d86','803','6S9D6TQB',NULL,NULL,83),(237237237,7932588,113368,'2011-07-20',NULL,'b0bdbd1c357d41451e400f1b1335c4a0','723','6SU71TUR',NULL,NULL,84),(237447078,7932587,113374,'2010-12-20',NULL,'5a2805fce50f41b0e4a471e94b6a2d16','369','6T4F5OF1',NULL,NULL,74),(237919155,7932587,113347,'2011-04-03',NULL,'d786e4c72fb9d8d70fb06ff5afb1486a','882','6TIHCDLA',NULL,NULL,74),(238196302,7932575,113658,'2011-08-02',NULL,'6eb319179f68648028895b40195f1af9','453','6TQPM8JL',NULL,NULL,74),(238651910,7932588,113381,'2010-10-25',NULL,'91fd132e6a8cd881af6c4bbc265eab28','597','6U8C6AE5',NULL,NULL,74),(240005662,7932574,113101,'2010-08-27',NULL,'14a29b0f57210125cf87f429e7dbb73c','845','6VGN7I3T',NULL,NULL,74),(241042915,7932574,112944,'2011-01-10',NULL,'35034018c931a22ba604c4ee19e9af75','217','70FKDVSH',NULL,NULL,73),(241274397,7932575,113498,'2010-10-18',NULL,'df1db893125d44853736ef2d44acee05','913','70MH696P',NULL,NULL,74),(241616212,7932579,113063,'2010-07-06',NULL,'3c28d64209185aae548ce3631c4733f2','246','710N5K8M',NULL,NULL,74),(241877861,7932605,113140,'2011-06-24',NULL,'a79b904572ca855cbcf864e44eb2ca49','686','718GMH9M',NULL,NULL,83),(242261877,7932583,113195,'2011-08-26',NULL,'bc473618f116e57b78d1baf8ff82c3c0','771','71JUTP0B',NULL,NULL,83),(242556643,7932593,1,'2011-11-23',NULL,'bc3a5373d498fafd0b45639504594ee1','770','71SO1ADQ',NULL,NULL,73),(242681676,7932569,112983,'2011-06-06',NULL,'c367935104faded2f5cbc24b24a5adca','800','720F9100',NULL,NULL,74),(243245946,7932579,113064,'2011-03-08',NULL,'cf46d122275fb842ae4848d1a253f879','849','72H9D5V1',NULL,NULL,73),(243529842,7932589,113413,'2012-01-25',NULL,'24992a833c0aec75577c4d330393e6f5','149','72PO4VF5',NULL,NULL,74),(243762129,7932574,112931,'2011-11-12',NULL,'2ff2dfa94821c169ac20e24c3b91114d','196','730LLQ9C',NULL,NULL,73),(245373509,7932605,113202,'2010-07-22',NULL,'190b3e46c3f463ff9b6e8d2fd63167bd','102','74GMD7FE',NULL,NULL,83),(246902385,7932568,112986,'2011-01-18',NULL,'15520d1376f783b53e34988e6cfcd8cd','873','75U8ER6H',NULL,NULL,73),(248415310,7932602,113497,'2011-03-28',NULL,'e22501172b0d9183357fe35712104ff2','926','77BB9L2E',NULL,NULL,83),(252286608,7932574,113290,'2010-10-26',NULL,'dbbe678be2d5ce3e47411678a611eca8','900','7AUN89G4',NULL,NULL,74),(252822480,7932587,113005,'2011-06-30',NULL,'6c9694d6091c2699df10aad805d43497','444','7BEM9PHS',NULL,NULL,74),(253075874,7932574,112966,'2010-12-21',NULL,'73f461c382e43e12ac2d68de54aea553','474','7BM7UOLA',NULL,NULL,73),(254314249,7932616,113653,'2011-12-31',NULL,'3115df1459ac3f42b77f4bef4ef93448','201','7CR4UUVH',NULL,NULL,74),(254510176,7932600,113120,'2012-03-22',NULL,'f308e9a708d9c852d725c759bfebf842','995','7D0VQ6N3',NULL,NULL,83),(256596357,7932574,113254,'2010-11-11',NULL,'1b2559178db7ae16a5592c6676b07953','111','7EV5BBVN',NULL,NULL,74),(256605291,7932574,113394,'2011-05-21',NULL,'2fc475428e9e38cbc30c0df5b011e38c','195','7EVDS0LR',NULL,NULL,74),(257076833,7932602,113554,'2012-04-13',NULL,'6924ec5b5a1afbb3ccc4c20c180953ca','430','7FDFIB4M',NULL,NULL,84),(258367143,7932570,113116,'2012-03-26',NULL,'4f7a49ae52a9115f3c0800d0cc325f79','325','7GJU3FCT',NULL,NULL,83),(259420723,7932616,113470,'2011-07-15',NULL,'c7e1ef39efbe3fb77118d701c77354f5','818','7HJAS6JA',NULL,NULL,74),(261757648,7932573,113063,'2012-01-14',NULL,'afe0c2d7bd97a49ddb0af5f1ae884531','720','7JOVHFQG',NULL,NULL,74),(261962384,7932579,113086,'2011-12-12',NULL,'29e23d7c001f69ff5e51485a71e84fdf','171','7JV2PGPB',NULL,NULL,74),(262480620,7932574,113460,'2012-03-21',NULL,'59c9321c5863fe01e5306d202618386a','367','7KEH0QQF',NULL,NULL,74),(262659516,7932587,113698,'2011-03-13',NULL,'d4e394e813f9edc1d37406c8b4b7c8c9','871','7KJRKAE7',NULL,NULL,73),(263770503,7932570,113657,'2011-01-13',NULL,'2bdc01f3f4fa962ea7a19a7b9952ff96','179','7LKV4U0B',NULL,NULL,74),(264491741,7932580,113279,'2010-05-10',NULL,'955a311b0024ccaae8a159eb5613ac40','611','7MAEVCDB',NULL,NULL,74),(267033863,7932574,112914,'2011-05-29',NULL,'bce0316d9c5f4ff5e87e77a3f4bfef70','773','7OM7APIT',NULL,NULL,73),(267540331,7932588,113366,'2012-02-29',NULL,'babc73d44a9e93e4ec6a7b3c733921f2','764','7P5AAV7K',NULL,NULL,74),(268310141,7932574,113328,'2011-11-05',NULL,'7b3e63c5f7a18130aeac5276a5545bac','504','7PS8FMI0',NULL,NULL,74),(268545339,7932616,113652,'2012-01-25',NULL,'02343f2f4da2e1d992b7d42b671cd069','902','7Q38PCFU',NULL,NULL,74),(268976613,7932580,1,'2010-08-12',NULL,'4320257075a296123e5dd663114daa95','274','7QG42PSQ',NULL,NULL,73),(269104419,7932589,113205,'2011-05-27',NULL,'f4cfd425d7a6b54cd55d314115c8bc53','100','7QJTV48S',NULL,NULL,74),(269506550,7932570,113499,'2011-02-08',NULL,'4d2aa82c3e9c222b3216d0caca5e0dde','316','7QVTF6HC',NULL,NULL,74),(270993633,7932573,113140,'2011-05-19',NULL,'e018d98f4f837e75343552a5695f25e1','917','7SC7LCJT',NULL,NULL,74),(273110189,7932568,113395,'2011-10-30',NULL,'7e17feaf50eb19c284d5dcc620409424','516','7UBA5HEC',NULL,NULL,74),(275946081,7932580,113324,'2010-11-04',NULL,'a62b57ac4ace22e082c14a0f663f13db','680','80VQM3CG',NULL,NULL,74),(278828953,7932587,113265,'2011-09-22',NULL,'d0041801b08540e3bc7aa56a9151f3af','852','83LO0C7S',NULL,NULL,74),(280984091,7932627,113540,'2011-02-14',NULL,'e5615219bbcf52999d5b831777af250b','939','85LV9V93',NULL,'2021-03-15',74),(281031281,7932587,113011,'2011-02-17',NULL,'ce876e9eba25a0df978df631b3a25367','845','85NCA35L',NULL,NULL,74),(281397688,7932581,113141,'2010-08-14',NULL,'d4e180ba5ae81a61d1a4f07ba3ab7a01','871','8629NUH7',NULL,NULL,74),(283091863,7932608,113141,'2012-03-23',NULL,'33555ba2b2560aaa272528d4040aabdd','210','87KPE1LA',NULL,NULL,83),(283200820,7932616,113553,'2012-03-30',NULL,'8c8aefbfeaa12fa49355133f23963006','575','87O1B5AV',NULL,NULL,74),(284822911,7932574,113604,'2010-10-14',NULL,'bae68eefc2f2dd776b53f746e63c45cf','765','898C9EOL',NULL,NULL,74),(285332337,7932574,113261,'2010-08-03',NULL,'7388cbcaccb9b2728d9f9fba361bd789','473','89NI3SQ1',NULL,NULL,74),(286980555,7932575,113114,'2011-12-21',NULL,'d3600bf4bede9b3b77d98577d34fbe47','865','8B8LVH2P',NULL,NULL,83),(287872507,7932587,113590,'2011-05-24',NULL,'cda9528c1a6a756e0981dce766094bfd','842','8C38JNU2',NULL,NULL,74),(288704629,7932567,113141,'2011-03-03',NULL,'282e3b193d3c28d0a8d2435e13a6f349','164','8CS262DC',NULL,NULL,74),(290051927,7932576,113612,'2010-11-19',NULL,'794132505489031d4d5f9448dd587f23','496','8E472BE8',NULL,NULL,74),(290436070,7932606,113140,'2012-04-15',NULL,'22d5f3f3e4b8757a895784a60eb3f060','142','8EFLDENU',NULL,NULL,83),(291029994,7932623,113541,'2012-03-17',NULL,'12eeb954ce1d8a8a630fb3402e75a1d0','775','8F1BQJ8N',NULL,NULL,74),(293061005,7932577,113405,'2011-08-26',NULL,'80eda97ab4003a463414f7b243079c4a','528','8GTSO46O',NULL,NULL,74),(295472839,7932598,113422,'2010-11-05',NULL,'03b0a49c15aafdd3ec5c1eca36ecd59b','151','8J5OREFF',NULL,NULL,83),(296238309,7932587,113172,'2012-03-11',NULL,'176621536bc6abb5f9e6f55cd96b56ba','958','8JSIROI6',NULL,NULL,74),(297041898,7932574,112948,'2012-01-26',NULL,'f722b7188d5dff0cc0f94c70641a338f','101','8KKH7AJL',NULL,NULL,73),(297684665,7932600,113656,'2010-08-13',NULL,'04ffeffe6d4c9fa239d8deb136153a33','204','8L7M70RK',NULL,NULL,83),(297768416,7932574,113597,'2010-11-29',NULL,'b8b2946e4536f389e5121811df459009','756','8LA62TFK',NULL,NULL,74),(297791416,7932570,113124,'2010-11-24',NULL,'87420270e7c6c51fa38170deae557a48','554','8LAS0Q7A',NULL,NULL,83),(298641450,7932574,113595,'2011-08-31',NULL,'e4068bb1ab280c617a76a1f921264905','933','8M46LPTL',NULL,NULL,74),(299272012,7932574,113141,'2012-03-14',NULL,'fd5b2cc11c50091141214681e9099257','103','8MN010A7',NULL,NULL,74),(301494634,7932580,113425,'2011-04-05',NULL,'2efd0b7f72cea5080e2823a31dd4f8cf','192','8OP7M1MG',NULL,NULL,74),(302944476,7932627,113543,'2010-05-02',NULL,'ce4b540525b69ed8829dc721b3c4a946','844','8Q4EBNLC',NULL,'2021-03-15',74),(303010081,7932576,113617,'2011-03-17',NULL,'9686aa32e4279787f397407916434778','616','8Q6CTQQG',NULL,NULL,74),(303293918,7932605,113203,'2010-11-17',NULL,'9b3f19ccf9ca68b46535fe8b47ec5a31','635','8QERJRDB',NULL,NULL,83),(303920331,7932580,113528,'2011-12-06',NULL,'3286dc90792ca49a3c18e58395bd0f48','206','8R1H0EE6',NULL,NULL,74),(303953112,7932581,1,'2010-08-05',NULL,'a38d3cfb471c7b7d9f8a80c16dab45e0','669','8R2G8RIT',NULL,NULL,73),(306935292,7932574,113182,'2010-10-20',NULL,'eae29db331105348f73da7b2a9a30770','962','8TRC9P12',NULL,NULL,74),(308147399,7932605,113122,'2010-07-10',NULL,'8c5a108edc624adb4d633060661efa40','574','8UVG8ASM',NULL,NULL,83),(311132958,7932605,113410,'2010-09-24',NULL,'5f41fdce62ff74125670fc1b2cdd9e48','390','91OFGBLM',NULL,NULL,83),(312922511,7932579,113685,'2012-04-10',NULL,'90c8f2a4e2852861bdfee6e4572032f5','593','93DQ5679',NULL,NULL,74),(313403574,7932574,113250,'2010-05-23',NULL,'28727de82d5854d4d0a2d6aadd0952bc','165','93S4U1SL',NULL,NULL,74),(313436297,7932587,113693,'2011-10-19',NULL,'78347d4ba8ec788190b73ac53d07f76f','492','93T44M8K',NULL,NULL,74),(313718331,7932567,113333,'2010-10-20',NULL,'9dc9c3323971bcbc7b338da993044344','646','945H3M7U',NULL,NULL,74),(315283518,7932581,113186,'2012-03-11',NULL,'281ab89699699fbbae37fc6c6c2e2f9e','164','95K5PCMK',NULL,NULL,74),(315332527,7932589,113415,'2011-08-08',NULL,'ab685050556ec78c5bed3cc4bf9df320','702','95LKH1IM',NULL,NULL,74),(316662350,7932607,113141,'2011-01-28',NULL,'0e025f6bcee9375a14eee1092cc6b3cf','573','96T8O0ND',NULL,NULL,83),(318997606,7932571,1,'2011-03-12',NULL,'c1edab49d6aa7a7c6996299c3fa03138','794','992RQCCA',NULL,NULL,73),(324866622,7932627,113525,'2012-01-22',NULL,'676e70a8cc858a2a820e7b2dfad3ca55','423','9EHOUGUN',NULL,'2021-03-20',74),(325202402,7932580,113460,'2012-02-08',NULL,'8015ef267e116fa72008347877f97d34','524','9ERP5N6S',NULL,NULL,74),(327495087,7932573,113425,'2010-12-28',NULL,'adabfeda253cf4abd4d5b7ff8a456569','711','9H03KTIV',NULL,NULL,74),(328761543,7932605,113155,'2012-02-12',NULL,'8ce4b8942194a0a4a5fc8f87a0a08d00','577','9I5RE2SP',NULL,NULL,83),(329746618,7932574,112930,'2011-06-01',NULL,'a4770cee2a50adef7004023b79e0e85d','673','9J36S69H',NULL,NULL,73),(330333249,7932587,113586,'2011-12-10',NULL,'f3861502a82950935f52a319c8d4643b','997','9JKMAOED',NULL,NULL,74),(330652366,7932579,113467,'2011-09-12',NULL,'8655ee852f58385aa50bd84bab0dfa25','550','9JU6LDMM',NULL,NULL,74),(331395170,7932574,112915,'2010-05-18',NULL,'2257e197a0d4856bf8b65c9432eeb371','140','9KKB1VQS',NULL,NULL,73),(331440189,7932600,113115,'2010-12-13',NULL,'328acf2d2537be3457616203ae52e3f5','207','9KLLVRON',NULL,NULL,83),(332556952,7932574,112962,'2011-01-03',NULL,'2e4dd5429f098d5c45a3e163d2a9e8be','189','9LMV0OJT',NULL,NULL,73),(333887311,7932576,113359,'2011-06-22',NULL,'8f1d562f162e01fe451a1ef516b02728','586','9MUJO3N2',NULL,NULL,74),(334405144,7932580,113275,'2012-04-02',NULL,'d11230bc96b8e0a53307bf3602d8acea','856','9NE1J48O',NULL,NULL,74),(334967127,7932589,113204,'2012-01-21',NULL,'707c18ee7e808dce239364d9356132ad','460','9NUPHFD4',NULL,NULL,74),(334997059,7932574,113296,'2011-05-14',NULL,'5f575d2147f1c233e6a7beb29e657831','390','9NVM2TPU',NULL,NULL,74),(335339208,7932623,113519,'2010-05-19',NULL,'80dc89fd9a224a50b30e0cfc81e04c1b','527','9O9SCFQF',NULL,NULL,74),(336850288,7932587,113166,'2010-10-22',NULL,'2c1b44a7b8081b0c78a051a3f816cc2f','180','9PMTEVHK',NULL,NULL,74),(336988799,7932574,113448,'2011-09-08',NULL,'ac0b7ec9e21dd5e81d13751941489d82','704','9PR1I0MO',NULL,NULL,74),(336997635,7932587,113168,'2011-06-15',NULL,'acf50cb8692a0907ccb6bd04a267644b','708','9PR9VLJS',NULL,NULL,74),(337782331,7932572,113198,'2011-02-20',NULL,'5000eaf6c13eeb7e7260e868adf2a1da','327','9QIMALTV',NULL,NULL,74),(339039624,7932598,113190,'2011-12-20',NULL,'95a6024b8d590463152239415c861721','612','9RO5C7D4',NULL,NULL,83),(340145256,7932568,112990,'2011-05-12',NULL,'4595351d44b44b7184d6b86e7c12d6e4','285','9SP3PDQT',NULL,NULL,74),(340231482,7932574,113608,'2011-02-21',NULL,'959e3036b4445ffb057ba3a8e0c73c61','612','9SRM0R7K',NULL,NULL,74),(340415465,7932574,112952,'2012-03-22',NULL,'c009e1d69e0a17c518b4b50cf6b6c6cf','786','9T15FI9Q',NULL,NULL,73),(341028534,7932598,113478,'2012-01-24',NULL,'867cdb43257a8557f3b6639c642611f4','550','9TJE4U8M',NULL,NULL,83),(341637269,7932574,113509,'2011-01-12',NULL,'98a3c7af587e8d98643f96461c40dcfe','625','9U5IM23P',NULL,NULL,74),(342317411,7932579,113294,'2012-03-09',NULL,'8fb70b013c7cc25b46874d33c17d5a8d','588','9UPRAB84',NULL,NULL,74),(344369686,7932600,113118,'2011-06-01',NULL,'daafaa2fa049dcccad39b4be3031c51b','895','A0N0GQBF',NULL,NULL,73),(345872033,7932574,113486,'2012-04-03',NULL,'6fd213c454133d50c1111305e7f95cda','458','A23P8PLI',NULL,NULL,74),(346044591,7932580,113277,'2010-11-27',NULL,'b24c0f8bbfbbcf1158ac7852ec6cd91a','730','A28TQRJI',NULL,NULL,74),(346469219,7932600,113121,'2011-04-27',NULL,'795c2270d374de1533203625aa55d163','497','A2LIPF59',NULL,NULL,83),(347664897,7932581,113277,'2010-10-09',NULL,'0b06b1d7fb398e062b102d9411cb5c10','451','A3P72LDB',NULL,NULL,74),(347956998,7932587,113037,'2011-11-02',NULL,'1acd7881a2c425eecf9ef91b8a7eedd4','109','A41TKRUT',NULL,NULL,74),(348710581,7932580,113274,'2012-01-31',NULL,'cc8bd72db761fabb2ffedf29cb626130','837','A4OCADID',NULL,NULL,74),(349665816,7932579,113094,'2012-04-05',NULL,'a71d22043891205ce322aa5c314ee4e9','684','A5KR9S3C',NULL,NULL,74),(352272261,7932574,113632,'2011-09-02',NULL,'c4611559ad05a956096a80b1f1ac657e','804','A82H08LC',NULL,NULL,74),(352729158,7932574,112951,'2010-05-26',NULL,'7bd1a40037a1d2e592fba8813063a1c6','507','A8G4NKRB',NULL,NULL,73),(354556045,7932570,112983,'2011-08-18',NULL,'00362c2954f42f315dd19fa830a3529d','866','AA6IVQHA',NULL,NULL,74),(354774142,7932568,113103,'2010-07-15',NULL,'9b9d8ebb3461a7e507ebe9c218688af0','637','AAD2VJLD',NULL,NULL,74),(357665756,7932568,112981,'2012-04-18',NULL,'c5970dd9ed5c01fed76cced90b9afbde','809','AD38KLK9',NULL,NULL,74),(357746800,7932608,113140,'2011-04-06',NULL,'68faffb26913994d33160d18f3261b89','429','AD5LTTPD',NULL,NULL,83),(359640600,7932588,113373,'2011-02-27',NULL,'19c8ec76d7ce72a5e7c0f740d8ba8bf1','105','AEU403H9',NULL,NULL,74),(360338166,7932588,113151,'2010-09-20',NULL,'5291bba1e97c9084b7d8666dcaa1a79e','338','AFIT84I2',NULL,NULL,74),(360359600,7932588,113150,'2010-09-12',NULL,'b8ba4e71fa613cc2a0b4a6a10ef41e5c','756','AFJHM8JK',NULL,NULL,74),(361700813,7932574,113068,'2011-07-29',NULL,'c6af67a3de888759938ad9a461b7306c','813','AGRGOQVL',NULL,NULL,74),(362305861,7932573,113331,'2010-06-14',NULL,'90dc424998a1c59b4be3686d5970f2d3','593','AHDHPDUP',NULL,NULL,74),(362977587,7932574,113397,'2011-02-09',NULL,'1a724e237bf13000900d099cabd6991d','108','AI1ICRT4',NULL,NULL,74),(363602759,7932573,113515,'2010-05-29',NULL,'267d1ea1c208eea64f6a6ef5ad810033','157','AIK6JJFL',NULL,NULL,74),(364623977,7932587,113043,'2010-05-24',NULL,'cab63e653454b4d009cf898f96a5ccfd','830','AJIKGNB6',NULL,NULL,74),(368023399,7932579,113097,'2011-03-25',NULL,'a66eea67b03a70e72592b0de83474f85','681','AMNUER81',NULL,NULL,73),(374215019,7932623,113524,'2011-08-24',NULL,'9e74cec12976bc6a4c5c05e109eec767','649','ASGF8341',NULL,NULL,74),(374870518,7932574,113177,'2011-05-21',NULL,'efde68fca38ab47f4e6d4db66f9bfb13','982','AT40CB66',NULL,NULL,75),(377524463,7932578,1,'2011-04-28',NULL,'1c962d64fbf6045b97988fa78162f31a','117','AVJ3C9GD',NULL,NULL,73),(381943914,7932616,113227,'2011-02-07',NULL,'8cc683c5a29bf19529ba558b77f9ba65','576','B3MQ382G',NULL,NULL,74),(382596495,7932568,113187,'2012-04-14',NULL,'1d30fb6620fe95ee6a9d0d90324e5f52','119','B4A8EDOF',NULL,NULL,74),(382918587,7932574,113131,'2011-04-02',NULL,'8d2d60083f93e0a4739fcf0a3b579396','578','B4JRJT5Q',NULL,NULL,74),(383254742,7932573,113188,'2011-01-28',NULL,'ea6ea05a3a52cd9e5774abb68339735f','960','B4TS6HTG',NULL,NULL,74),(383602708,7932574,113563,'2011-09-07',NULL,'5e883e141799d77f8c843d39ffcabae5','387','B5881JT3',NULL,NULL,74),(383664710,7932613,113116,'2011-08-10',NULL,'4f254f9a275d3459c718f08ea93baad3','324','B5A35OLK',NULL,NULL,83),(384345639,7932605,113382,'2011-12-30',NULL,'022fb3987c933409516ee9fc46b8b7c7','895','B5UCI2UN',NULL,NULL,83),(385784736,7932616,113232,'2011-02-02',NULL,'dba86fbf8bc0863dee5423b4b429053d','899','B798VR43',NULL,NULL,74),(385901279,7932577,113483,'2010-07-20',NULL,'7d31a8b0b48dd8ec5d4e6d9c5c1763f0','512','B7CO4E8O',NULL,NULL,74),(387838429,7932580,113282,'2010-06-30',NULL,'8e7772877198b83baa76305b9d2f9943','583','B96FHICF',NULL,NULL,74),(389012960,7932598,113192,'2011-10-27',NULL,'1fed74a80fc9e4027fe55147a2fa1d09','130','BA9FLCS2',NULL,NULL,83),(389137371,7932570,113515,'2011-03-05',NULL,'301cddf541e1bb13ce470881a23eac72','197','BAD6A41T',NULL,NULL,74),(389242154,7932575,113120,'2011-10-30',NULL,'16ce4d18e4a524d77da01c4717130f46','934','BAGA7RTM',NULL,NULL,74),(389595333,7932600,113655,'2010-11-20',NULL,'dc3e8302dc4a74af299a4471c4ff7a70','902','BAQR218E',NULL,NULL,83),(390638587,7932588,113383,'2011-04-07',NULL,'e42f54a73dc830527a8877bddc4cb7cc','934','BBPTVK0U',NULL,NULL,74),(390710488,7932569,113120,'2010-12-04',NULL,'eb76c8aa2860e7fe9972729ee1aadf5f','964','BBS2HRS4',NULL,NULL,74),(391916098,7932574,113183,'2011-04-25',NULL,'813c03997ea8ddb7ecad0c989c2168ed','529','BD00A4V1',NULL,NULL,74),(393010506,7932616,113550,'2010-06-22',NULL,'73872d66d1da2bb0122ae96b3e53e227','473','BE0K0QN9',NULL,NULL,74),(393975817,7932587,113697,'2011-07-24',NULL,'3c238232943051aa6d3ff51de4201db1','246','BETCJP0U',NULL,NULL,74),(394126331,7932574,112935,'2010-08-13',NULL,'0d60dfd9c674c793e9f0628d26b00324','547','BF1S53KR',NULL,NULL,73),(395066689,7932573,113337,'2010-12-17',NULL,'5ac570a6dd61c652e781bfe89e86c032','371','BFTSUHQR',NULL,NULL,74),(396559362,7932574,113491,'2010-06-10',NULL,'014a07c31efc2be7e43a32e11ab0d6b4','528','BHACFAF0',NULL,NULL,74),(396974787,7932588,113148,'2011-08-28',NULL,'e9ad374465411acfda887d4a0df907d1','957','BHMOL3BL',NULL,NULL,74),(398007722,7932580,112989,'2010-05-15',NULL,'129694d965898151045ac90dcd3f13a7','761','BILHNOO9',NULL,NULL,74),(401484921,7932589,113382,'2010-06-27',NULL,'5143480a67a8189a9bc1008eaaeca4f0','332','BLT5REFK',NULL,NULL,74),(401775304,7932580,113276,'2011-12-17',NULL,'8d57e74cbc0cc7a03134aa49aebd95e7','578','BM5QP7S2',NULL,NULL,74),(401921743,7932574,113333,'2011-04-27',NULL,'f79d263b5f315c0f1cb7ebcf744f687f','101','BMA6E67T',NULL,NULL,74),(403753634,7932590,113141,'2011-10-19',NULL,'8b49caef99847d2561cbb2fd5023ec72','570','BO0PF2OA',NULL,NULL,84),(407165899,7932574,113251,'2010-10-04',NULL,'945e38e3ef272232550fb263fd908aea','607','BR6FL4QN',NULL,NULL,74),(407595488,7932574,113340,'2012-01-07',NULL,'b8b58a445b9c753f77dc083dd5f21831','756','BRJ9B5FK',NULL,NULL,74),(407632117,7932574,113447,'2012-03-11',NULL,'f7d7260755210e0756f826a590a66a6c','101','BRKC8VBD',NULL,NULL,74),(408716836,7932615,113139,'2011-06-04',NULL,'1a070d6a7fa462bbe8138ec51d900d78','106','BSKMNV8A',NULL,NULL,74),(409480527,7932581,112993,'2011-03-24',NULL,'6babe4f9fe2bc9dbe78165545db1a17d','441','BTBF1VIH',NULL,NULL,74),(410064939,7932574,113184,'2011-07-09',NULL,'0bc2a5966a768b2414cce686985919ab','481','BTSSCQEP',NULL,NULL,74),(411189237,7932574,113637,'2010-11-21',NULL,'5d224592469c646944246ed50544bd02','381','BUUCJLK5',NULL,NULL,74),(412879264,7932574,113493,'2011-06-14',NULL,'b54cb0fdae52959c0eff1ad33df9731a','742','C0GOB6V6',NULL,NULL,74),(413252752,7932587,113646,'2012-03-20',NULL,'fd58ad135181dceab5abf1415aac0bef','103','C0RSH4N7',NULL,NULL,74),(414315603,7932616,113228,'2010-05-07',NULL,'becd19922bda6bbba5b478d55c9763e3','781','C1RI4PQ5',NULL,NULL,74),(415849868,7932587,113050,'2012-04-20',NULL,'a16534b5e9c689301d9535e4ac253c4e','661','C399ARBL',NULL,NULL,74),(416028545,7932627,113559,'2011-02-15',NULL,'f81f40d740e453256fab6021dcfc9c04','101','C3EJNK2D',NULL,'2021-03-20',74),(416567753,7932574,112933,'2011-11-03',NULL,'f7880e065fc15bc99c7bdd705a32fa72','101','C3ULUUCD',NULL,NULL,73),(417350322,7932570,113117,'2012-01-19',NULL,'7cbbcbc9d755d66d5b7b40efa6a69aaf','510','C4M092AE',NULL,NULL,74),(417399465,7932574,113098,'2011-06-08',NULL,'cb354e2f971b699cb4f87e8c08ba23cc','832','C4NF4PR8',NULL,NULL,74),(422263182,7932574,113018,'2011-12-12',NULL,'86a2b11059bda514352c68af8d6a0cce','551','C98DHL6N',NULL,NULL,73),(422332911,7932605,113159,'2010-07-19',NULL,'c8bf330f5811224960be2dbd46a520d5','822','C9AG1K6E',NULL,NULL,83),(423108865,7932574,113501,'2010-10-28',NULL,'dc8fbb6dc175d511f2d89058d54ede69','903','CA1K1RRF',NULL,NULL,74),(423114405,7932574,113105,'2011-05-25',NULL,'2d010647146579b5499376ba668d4bcc','184','CA1PATA0',NULL,NULL,74),(423191736,7932581,113283,'2011-05-24',NULL,'24d1a985b191c08cb7057b3e8e4d4e6c','150','CA432RQM',NULL,NULL,74),(424379864,7932567,112981,'2011-03-04',NULL,'ed2138bc07096abd8e53f1c86e38dd13','971','CB7G5LSB',NULL,NULL,74),(424421152,7932616,113238,'2011-01-30',NULL,'972c79a5b1d566af58f9d63db7dfc0c9','619','CB8NHLRB',NULL,NULL,74),(424519825,7932587,112936,'2012-04-07',NULL,'91a5dead6cacdaa635cb462c99c7f2d0','596','CBBLKU5S',NULL,NULL,74),(425154535,7932587,113040,'2011-12-03',NULL,'21387aac849e94f502506172c51a6e5f','136','CBUIUNN0',NULL,NULL,74),(425461455,7932587,112926,'2011-11-25',NULL,'8d3b241ecd2b1363a3ae87a4d015ee98','578','CC7NL6MQ',NULL,NULL,74),(425791175,7932587,113015,'2010-11-18',NULL,'1fa8e5641b12194cc44e998eba6426ce','129','CCHI3EEP',NULL,NULL,74),(427044094,7932587,112938,'2010-10-07',NULL,'35e41da67115d232aa995c79d70602d0','220','CDMSVG8C',NULL,NULL,74),(427571675,7932577,113195,'2011-10-06',NULL,'21110a87cad946ac98b140611ce91475','135','CE6K3VVV',NULL,NULL,74),(428066484,7932589,113140,'2010-06-28',NULL,'f5b8b35d56ff53b28a8dc76285524cc4','100','CELC0BS4',NULL,NULL,84),(428938412,7932576,113125,'2010-05-20',NULL,'30bca63290068308e45f0186ca4d1204','199','CFFBHG57',NULL,NULL,83),(429092228,7932587,113175,'2010-09-07',NULL,'8a676f4bd82a07fce6333beed55ec9f7','566','CFJU7JEM',NULL,NULL,74),(429358806,7932574,1,'2011-02-13',NULL,'3cf77032477345e335d72e0fb1bb59a7','249','CFRSET79',NULL,NULL,73),(429664645,7932623,113525,'2011-03-13',NULL,'c9d9ef7e1d307ab1ee13008f1bbb4db7','826','CG504CM2',NULL,NULL,74),(431658666,7932568,113457,'2011-07-16',NULL,'bc8017c5c51bc58a405b6e6cb6daad32','772','CI0DP2OK',NULL,NULL,74),(432784607,7932575,113657,'2012-03-25',NULL,'77a9587412519e364078b02fb3265b44','490','CJ1VI282',NULL,NULL,74),(432795035,7932592,1,'2012-03-28',NULL,'ae4d17d6d57c2f1fa277b38d0cf77dcd','713','CJ29GA21',NULL,NULL,73),(433330445,7932588,113389,'2010-09-09',NULL,'a95d2a5563fe72cc65e51036d5467f93','693','CJI83NBT',NULL,NULL,74),(433776497,7932576,1,'2011-04-13',NULL,'9237523f76b2c9a0a3a2cabe33bba71d','598','CJVHG4TU',NULL,NULL,73),(435378337,7932581,113275,'2011-02-03',NULL,'d8fb409881a65291ff5ec65c0a410cd5','888','CLF94E30',NULL,NULL,74),(435903345,7932568,113320,'2011-04-30',NULL,'dd215e6f1fb236ebc8c26cbb97f4b5d5','905','CLUTQD7H',NULL,NULL,74),(437797940,7932616,113647,'2010-07-01',NULL,'9340e26248eb90b47b94c800516eef0b','603','CNNCKRBR',NULL,NULL,74),(438210162,7932587,113012,'2012-04-23',NULL,'de4139035e83117ef7f8e415ac015584','910','CO3LOS6U',NULL,NULL,74),(438721577,7932613,113122,'2011-03-02',NULL,'93c78f70aae456141c7ea5e630705b96','605','COITG0K5',NULL,NULL,83),(440177765,7932570,113498,'2012-02-01',NULL,'dc586f9557f72e458c9f5d8e5122f8e7','902','CPUA7BGE',NULL,NULL,74),(440555881,7932587,113044,'2011-07-29',NULL,'3011515dba3b684fea14aa816ba6a6a4','196','CQ9IQGNC',NULL,NULL,74),(441680840,7932567,113425,'2010-10-22',NULL,'6a5677e88e82680e96105f0e71492082','435','CRB3LHNJ',NULL,NULL,74),(445326248,7932627,113523,'2011-10-09',NULL,'b14ac4c65efabf8fc75962e3061b7027','726','CUNO6IOM',NULL,'2021-03-20',74),(445602004,7932587,113001,'2011-09-28',NULL,'f33b3a251125f02f55fb45749dea919b','996','CUVV6004',NULL,NULL,74),(446568504,7932587,113053,'2012-02-15',NULL,'6b2d9cdddb5978aa25a8d21ec180040c','439','CVSOT73N',NULL,NULL,74),(447619821,7932599,113468,'2012-01-15',NULL,'912ac75a02908df3b0d156b105aad308','594','D0S3GS0Q',NULL,NULL,83),(447745675,7932581,113278,'2011-11-26',NULL,'8f82dac8376caec5e9aaa0f7181ee397','587','D0VRHKA3',NULL,NULL,74),(448204166,7932567,113468,'2011-10-25',NULL,'aa75e53ab597a3f2a0bc85a212a56a5d','698','D1DGPLHA',NULL,NULL,74),(448393086,7932588,113152,'2011-02-23',NULL,'3fefe047f027604c95eafcdecc403a46','261','D1J4V19L',NULL,NULL,74),(450612480,7932574,113005,'2011-07-16',NULL,'5d5fd4ae22b8b0355c9a3264773db0f5','382','D3L9HIBU',NULL,NULL,73),(451798392,7932573,113104,'2010-05-23',NULL,'3fc4f97429c5f057359d3d08b2fcc2d3','261','D4OKGNE5',NULL,NULL,74),(452486204,7932573,113395,'2011-12-01',NULL,'70ac60cfe728bb0cabe9eda3b605f6d9','461','D5D4F31D',NULL,NULL,74),(453667122,7932580,113278,'2011-08-02',NULL,'b5b87176dd4aed49a7c7afbf74ebebb2','744','D6GALRHO',NULL,NULL,74),(454187285,7932583,113484,'2011-02-12',NULL,'77dd6430f99fe497fa1c0f3c9444dfa3','490','D6VQNUVI',NULL,NULL,83),(454299276,7932587,113576,'2011-07-18',NULL,'a2f79c0d14ae6e39cae157b7e171ea25','667','D735HLBR',NULL,NULL,74),(457623069,7932588,113379,'2010-12-04',NULL,'78f02449b83398dc209eec13a0b82fd6','495','DA67BOPN',NULL,NULL,74),(457635432,7932587,113302,'2012-02-22',NULL,'395b362fd1a80dfe5b08fb970be24ea5','234','DA6J51PA',NULL,NULL,74),(460757255,7932579,113444,'2011-12-30',NULL,'799654c2450163b4ef146534df1a3179','498','DD3KBHAA',NULL,NULL,74),(461214296,7932570,113658,'2011-07-20',NULL,'47c356bc89c7680c095cb44c515d967b','293','DDH87A75',NULL,NULL,74),(461677697,7932574,113345,'2010-05-14',NULL,'24798fc2fadddfc75f2161950c80efd7','149','DDV2563T',NULL,NULL,74),(461739933,7932574,113660,'2010-09-22',NULL,'ceb055cc327a9f3308732fe7ae92fd8f','846','DE0TGG4M',NULL,NULL,74),(462047676,7932574,113139,'2011-07-08',NULL,'9dd6c38c7da188a07d24b192a9d6b7d1','646','DEA30276',NULL,NULL,74),(463731658,7932587,113267,'2011-11-28',NULL,'bbc6a085447debb5edaf6f12911e0b63','769','DFS8V40H',NULL,NULL,74),(465042421,7932602,113114,'2012-03-08',NULL,'fef0505f1f83630f45aee16ea17e05e3','104','DH3B0DBG',NULL,NULL,83),(467809312,7932570,1,'2010-10-21',NULL,'72de06dd1259e63141f61823e4fe5823','470','DJLPN7MM',NULL,NULL,73),(468758152,7932587,113571,'2011-06-21',NULL,'8eb4b8d3135c65f5f7d4f3502ff0e7b0','584','DKI2JHC8',NULL,NULL,74),(468861399,7932574,113459,'2012-01-20',NULL,'6669ac0a7487dde46b5868fa18b3f46d','419','DKL52CBR',NULL,NULL,74),(469090016,7932587,113018,'2011-10-12',NULL,'b2755aea818c5767534ceeaf5353f986','730','DKRV37EQ',NULL,NULL,74),(469997088,7932576,113615,'2011-10-18',NULL,'ba7959018cb7d425da0b4da063469c84','763','DLN04RVR',NULL,NULL,74),(470985935,7932574,113320,'2011-10-25',NULL,'638557f9cbf5a95bc0c982de941345f5','407','DMKF62HF',NULL,NULL,74),(472805420,7932568,113141,'2010-10-25',NULL,'f0900c327737a01bd561438d8c2cf141','985','DOAMCBTP',NULL,NULL,74),(473377469,7932573,113287,'2010-08-30',NULL,'598e10cb47b599527ff4183df56d04ae','366','DORNTSTM',NULL,NULL,74),(473472309,7932579,113682,'2010-12-28',NULL,'5119fd8e37dee726efa9badc49e5bf7b','332','DOUIC62K',NULL,NULL,74),(474410119,7932574,112950,'2011-02-23',NULL,'806ffb220168ab40ce244d83e0b60fe8','526','DPQGNSB6',NULL,NULL,73),(475204773,7932574,113488,'2011-12-26',NULL,'ad2b691a683407e93af7c2183c213947','709','DQI6IPQD',NULL,NULL,74),(475340511,7932580,112993,'2011-11-04',NULL,'6c124b8a0883f54cce3d9866a033bf9e','442','DQM8166I',NULL,NULL,74),(475863751,7932574,112939,'2010-07-02',NULL,'a110f2e1e08a6c5b50ba2885f1baf96f','659','DR5R16VB',NULL,NULL,73),(477065665,7932575,113496,'2011-09-23',NULL,'25eff34c74e1f25817dd1e93602270ba','155','DS9L8MK3',NULL,NULL,74),(478409712,7932596,1,'2010-11-11',NULL,'0bc9e4a7c0d9743b7932dd596233e677','482','DTHN1OR2',NULL,NULL,73),(478893875,7932573,113186,'2011-05-22',NULL,'e55fbe8cac4acba7db6a6936db054627','939','DU04P8N3',NULL,NULL,74),(480086076,7932581,113120,'2012-04-02',NULL,'8bf754222e6ab9e305f2db871cb3d8fa','573','DV3LOB4T',NULL,NULL,74),(480486621,7932605,113150,'2010-10-24',NULL,'0f0b6fa7846d440f08da67d5f930aa27','616','DVFJO0DG',NULL,NULL,83),(482415155,7932587,113042,'2012-04-23',NULL,'70234a43ab3e94192fac6974e13d2207','459','E192U683',NULL,NULL,74),(482796851,7932574,113536,'2012-02-28',NULL,'b9f792470bddbf77941a47c46f53c827','761','E1KEUKHH',NULL,NULL,74),(483107399,7932574,113109,'2011-08-17',NULL,'cfbefb5991411d2ce93956203e7e2c30','850','E1TN3Q5A',NULL,NULL,73),(483749034,7932587,113583,'2010-08-09',NULL,'d91191217ac4965651ea78ca88adfc84','889','E2GR0US9',NULL,NULL,74),(483925390,7932574,113638,'2010-06-29',NULL,'bc5dcc238163d3962148a92de6bc6298','771','E2M36TDJ',NULL,NULL,74),(487192471,7932576,113356,'2011-10-06',NULL,'3acbf32a240fb8420c57cd03aaa5ef69','240','E5NEU9M8',NULL,NULL,74),(487585506,7932575,113115,'2011-10-22',NULL,'7abe5d168f6e455caac21018008f14a5','502','E635OP66',NULL,NULL,83),(490533723,7932602,113654,'2010-11-28',NULL,'823f3406f6f8a04bc5418eca8f2268f2','533','E8R1D7CD',NULL,NULL,83),(491381126,7932579,113087,'2012-01-17',NULL,'99871a61a50faa5f01fb6870808067b4','628','E9K9HTF4',NULL,NULL,74),(492641957,7932605,113201,'2011-04-10',NULL,'aec0e1347781cc430d04fe5fad6fbe26','715','EAPRVDQJ',NULL,NULL,83),(492736991,7932570,112965,'2011-09-13',NULL,'949c80c0f27846859d717a642a3ecb35','608','EASMJKBO',NULL,NULL,74),(492928458,7932583,113199,'2012-02-28',NULL,'ef6d3339364e22cb2de9944c45ac6aef','980','EB2D6O74',NULL,NULL,83),(493096642,7932575,113118,'2011-02-18',NULL,'27339338b88847cfb386cbebf6698ca2','160','EB7DJ9JG',NULL,NULL,83),(493879554,7932573,113390,'2010-05-21',NULL,'e275c53992e9efbeaeddb6a326f04b83','927','EBUO7SRF',NULL,NULL,74),(497331247,7932568,113200,'2010-10-05',NULL,'b31b670e3e4959646ef4374358b3e388','733','EF5K16JL',NULL,NULL,74),(498467999,7932616,113234,'2011-08-13',NULL,'32ae0ad2ed2b36e02eb20493b762278f','207','EG7G43F7',NULL,NULL,74),(500467026,7932572,113063,'2011-02-10',NULL,'d03602937da3ad185722172df1c904b2','852','EI32HIT4',NULL,NULL,74),(500943285,7932570,113115,'2010-07-09',NULL,'28c62872ef820eb1450bf5a032a7b508','167','EIH8NQTF',NULL,NULL,83),(501855386,7932575,113113,'2011-05-19',NULL,'5c08dd4d9ed969d354a5f51193d55d8b','376','EJCEIUO8',NULL,NULL,73),(502165040,7932587,113045,'2010-12-05',NULL,'4664ea768630edd93883fda6d7e3c7d3','288','EJLLSR50',NULL,NULL,74),(504463425,7932627,113558,'2011-07-13',NULL,'166e0bbff46347548b2a05e6452f8a5f','918','ELQ5Q0BU',NULL,'2021-03-20',74),(504564417,7932570,113118,'2010-11-03',NULL,'95f14b15c6820076d00264f2e35cd9c7','614','ELT6412E',NULL,NULL,83),(505756694,7932587,113372,'2011-09-18',NULL,'07290e02b3d2ed446fcf0715f85f0293','293','EN0N5DOL',NULL,NULL,74),(507602540,7932572,113087,'2012-02-08',NULL,'030ca98fadd33b7218b9d7ba89fd338a','124','EONNG5IS',NULL,NULL,74),(512288475,7932602,113500,'2011-09-21',NULL,'d4d5c34385662c8e38e229267cbc7036','871','ET3CBIMV',NULL,NULL,83),(512320386,7932587,113164,'2010-08-27',NULL,'336a3e84c7a29a86d6723e2dc84a0f2e','210','ET4APD52',NULL,NULL,74),(513903845,7932567,113299,'2011-10-09',NULL,'5c10f6c473298c967b00e56e62dc0a21','377','EUJGSO01',NULL,NULL,74),(514830790,7932567,113469,'2011-06-11',NULL,'d0a32937e37378321b417c22d4ac0df5','854','EVF4SS66',NULL,NULL,74),(516134704,7932575,113121,'2010-07-17',NULL,'961f68f1affbcd8e78032a8362da2405','614','F0M0D5F6',NULL,NULL,83),(516146280,7932577,113467,'2010-06-10',NULL,'29cba53b73e51d8ba37d49a66a829f63','171','F0MBEDNB',NULL,NULL,74),(517669876,7932574,113455,'2011-04-10',NULL,'a16f8dc83291101fde399fd1dae4eda1','661','F23OESTL',NULL,NULL,74),(518743706,7932587,113589,'2010-12-16',NULL,'556c870cc86e0cff480af83b38bb24a4','349','F33OHIND',NULL,NULL,74),(519773575,7932573,112987,'2011-02-04',NULL,'3cf8e69bd604c250c2df6a4e24288d6c','249','F42EMM2H',NULL,NULL,73),(519920266,7932587,113046,'2010-06-05',NULL,'3b01d8ca39359a7df076560f72ca0cf1','241','F46QJB01',NULL,NULL,74),(520136938,7932587,113000,'2010-08-01',NULL,'700d024f0cee8a6cf1c79d5657772c87','458','F4D97KUQ',NULL,NULL,74),(520846440,7932574,113337,'2010-12-18',NULL,'9e98f802cb154d48319017e76e6bd4b3','649','F52DRU69',NULL,NULL,74),(522045849,7932575,113123,'2011-05-27',NULL,'a8a07e23a761117b0f2b1363ff1e1cc1','690','F665N02Q',NULL,NULL,74),(522192767,7932574,113504,'2011-12-19',NULL,'a482a126b8482674aefdfb6535208e49','673','F6AHQILP',NULL,NULL,74),(523608354,7932574,113186,'2011-04-26',NULL,'7219a84bcfceedd38973b800d72dbaff','467','F7KNQRL3',NULL,NULL,74),(524020718,7932615,113140,'2010-08-27',NULL,'78f0dbb57c405663840a2980c006fd33','495','F81136SV',NULL,NULL,74),(524462822,7932568,113186,'2011-03-30',NULL,'733ecbf411df9f37f596cdf95bd8e1ce','472','F8E6N528',NULL,NULL,74),(527218020,7932576,113613,'2011-10-29',NULL,'3e16c005e096a58afeaef4934b4d9022','254','FB0A93SU',NULL,NULL,74),(527236092,7932576,113609,'2010-06-23',NULL,'4878a98bdddb552995fcdd7e15ffee46','296','FB0RGKC8',NULL,NULL,74),(528419759,7932587,113165,'2010-09-17',NULL,'1b7406fcc930edd011dc4ebd5ba9d4e5','112','FC44B908',NULL,NULL,74),(528620924,7932587,113579,'2010-10-10',NULL,'9de7e64ceaf168310d27bdd7e385eefb','646','FCA46BN6',NULL,NULL,74),(528767549,7932580,113139,'2011-10-27',NULL,'95e61bfd6ade0108c036a05e9fc20ac5','613','FCEG105D',NULL,NULL,74),(529371171,7932587,113271,'2011-09-19',NULL,'34e1a6f71c7e189a08df34c6aec5b1a1','216','FD0FM2CG',NULL,NULL,74),(529662033,7932572,112970,'2011-04-27',NULL,'2dfc1f85d67211e35fc3af957d94de65','188','FD952F94',NULL,NULL,73),(531028391,7932574,113334,'2010-10-14',NULL,'9c5c41ac9583285823e454cc421b03a0','640','FEHS4DMO',NULL,NULL,74),(531117197,7932574,113494,'2011-12-10',NULL,'e0c9f81c83e00f0a3434aa31ea53cb23','920','FEKGQIJ0',NULL,NULL,84),(531552461,7932616,113289,'2011-08-20',NULL,'d85dc7b0d3fef91bdb60717539400bf8','886','FF1FTP1U',NULL,NULL,74),(533160722,7932605,113157,'2010-06-22',NULL,'384eb2cdaa16632e3bdfa7986b21ea10','230','FGHDLVPM',NULL,NULL,83),(533726827,7932574,112943,'2010-12-21',NULL,'0c0dd5b9b16b196d3b4a84e7d80e9ae3','493','FH29I4V5',NULL,NULL,73),(535096381,7932627,113524,'2010-08-01',NULL,'720fd59deaf2df608b533468e2b057b0','467','FIB3LK0R',NULL,'2021-03-20',74),(535344250,7932616,113221,'2011-03-08',NULL,'c80d82acafb0fdae4755a9b7bcf2af9d','819','FIIG1VU3',NULL,NULL,74),(535723715,7932568,113333,'2011-09-07',NULL,'6a79a5947b71e3efc18c80de71a52006','436','FITPUARC',NULL,NULL,74),(536399783,7932598,113423,'2010-10-03',NULL,'1fbf96f5d6b9935ee0eacd8b552a6cfb','130','FJHUM96Q',NULL,NULL,83),(537469189,7932570,113497,'2011-09-04',NULL,'edadbf693b800a7c3f020581f1cf001d','973','FKHQHVQL',NULL,NULL,74),(537521282,7932573,113595,'2010-09-20',NULL,'ece58ceefc7b8a2c1c5545ead101524b','970','FKJC7NSQ',NULL,NULL,74),(540402091,7932598,113476,'2011-03-02',NULL,'9ea9703dd72068c9d2e5d824ce3b1344','649','FN97J1K1',NULL,NULL,83),(540844925,7932583,113483,'2011-03-28',NULL,'8c63ee31729e528a08c624a8c6e39730','575','FNMDT8K7',NULL,NULL,84),(542600263,7932576,113610,'2010-12-26',NULL,'5503bbb1f8af50c43355a17d0e3783d8','348','FPANTTLK',NULL,NULL,74),(543533873,7932572,113467,'2010-06-11',NULL,'0bc69218c556202502815737dfb08658','482','FQ6I9EAA',NULL,NULL,74),(543734510,7932623,113282,'2011-10-17',NULL,'e19a76683c520a77e1f0f308a9636e1b','924','FQCHKDAC',NULL,NULL,74),(545660034,7932605,113418,'2012-03-24',NULL,'70c4b6ef86ddaf080b73f7fddd7db9de','461','FS5TUNCT',NULL,NULL,83),(546188363,7932575,113655,'2011-05-31',NULL,'792be39ced506651cb4ea9340fa7c6f2','496','FSLLQ1N8',NULL,NULL,74),(547162892,7932581,112980,'2011-10-13',NULL,'823a49ab1be5a30930d8ca75500e77c7','533','FTIN6A7L',NULL,NULL,74),(547395726,7932587,113691,'2010-12-18',NULL,'8e5a0b58ffec270ef1971bcf7e8990e2','583','FTPL7R7N',NULL,NULL,74),(548253814,7932616,113246,'2012-04-13',NULL,'1b119a8819c5dc49433e9beab8be6179','110','FUJ7IJAU',NULL,NULL,74),(549076825,7932598,113200,'2010-08-07',NULL,'211d7c0c407126bab078fd563d4fd882','135','FVBOET1F',NULL,NULL,83),(550294808,7932616,113241,'2012-03-13',NULL,'a2bc93a56829b22fa9d54a168a279b3b','666','G0G20Q2Q',NULL,NULL,74),(551085824,7932574,113503,'2011-07-27',NULL,'13a05aba2f25ff321bcc04a819bcfe0d','803','G17KCMP3',NULL,NULL,74),(551471828,7932579,113196,'2010-09-14',NULL,'273bfe006891c48cb1cf75ce5844958d','160','G1J4GJ60',NULL,NULL,74),(552039753,7932587,113577,'2010-05-04',NULL,'574e2355744dd27f7a636cab2b4012f6','357','G24249KD',NULL,NULL,84),(552191548,7932602,113498,'2011-07-31',NULL,'6cc12d8a5e650ad018583498751d40a2','445','G28ISN0T',NULL,NULL,83),(552778265,7932567,113324,'2012-02-08',NULL,'afc1719cdffa233dc72f588e35bc5fa3','719','G2Q2DT3N',NULL,NULL,74),(552836879,7932623,113526,'2011-08-24',NULL,'bfe3eb3ad0d2a75baab465df733c8e1d','785','G2RQALD9',NULL,NULL,74),(553261247,7932574,113507,'2011-12-06',NULL,'13fbca7bdae5a44e5b67f33de6103922','818','G38F1BAA',NULL,NULL,74),(553766492,7932616,113217,'2011-10-12',NULL,'c509053d4d66f8a9962b8449b1689581','807','G3NGS6K7',NULL,NULL,74),(555093490,7932574,113395,'2012-04-06',NULL,'4c8e33a4174b29eabb5cb5e8283cb7ef','313','G4V2CUK9',NULL,NULL,74),(555416276,7932598,112989,'2011-02-13',NULL,'904864c4870170cf5790ff85e5951653','590','G58M7JJE',NULL,NULL,83),(556115797,7932570,113654,'2010-10-01',NULL,'e32901f5d0e360852a0b70ce554a4b29','930','G5THB9TA',NULL,NULL,74),(556428635,7932574,112964,'2011-06-16',NULL,'52e56fd8de5b39d4747527a8e17eaef3','339','G66RMB6B',NULL,NULL,73),(560230682,7932598,113189,'2010-12-06',NULL,'76bdae0e1cbb16d0ef052ef6ac5be757','486','G9O5JJRM',NULL,NULL,83),(560848722,7932589,113414,'2012-04-17',NULL,'008d01ffbc6be80d7d500fa44d402ca4','225','GAAJ0M9H',NULL,NULL,74),(561334788,7932615,113141,'2010-08-31',NULL,'582ba42cbc13ff5235e692d7647998a0','361','GAP2I889',NULL,NULL,74),(562342419,7932589,113207,'2012-02-20',NULL,'671798d383c4c33362e4edb9e750f70f','422','GBN3GMUU',NULL,NULL,74),(562761463,7932599,113122,'2012-03-13',NULL,'59280bb4b7b2c93686e11335144162ed','365','GC3J4TI5',NULL,NULL,83),(563417791,7932574,113326,'2010-07-15',NULL,'f881f952868b78f60142c978e0a34614','101','GCN52EJT',NULL,NULL,74),(563549454,7932570,113125,'2010-10-15',NULL,'b99facb241991eb159fec6639221e59c','760','GCR2KGD8',NULL,NULL,83),(564592406,7932587,113366,'2010-05-21',NULL,'650fc9158859ebd0c5e02e87248c98ab','413','GDQ58RSD',NULL,NULL,74),(564971169,7932568,113192,'2011-10-23',NULL,'a55b63cdeb099ecd793c44c120ba81b4','677','GE5EFPSD',NULL,NULL,74),(566752482,7932574,113564,'2010-09-15',NULL,'ef012addaead686b5d041ebeeb907ad3','978','GFQH95L2',NULL,NULL,74),(567057272,7932574,113446,'2012-04-26',NULL,'fbdd2187f0cb448f1f575ece283fcff4','103','GG3JUJ97',NULL,NULL,74),(567137379,7932605,113416,'2012-01-22',NULL,'76d719870b0fedf102172d808291993a','486','GG60B94U',NULL,NULL,83),(567352157,7932574,113699,'2010-11-05',NULL,'dd656fc8a0261b83da86b7dc2a7248c3','906','GGCD5PMI',NULL,NULL,74),(569239100,7932575,113124,'2011-10-08',NULL,'eeccafdc23c0e080683683aeea1f0994','978','GI4KMNHI',NULL,NULL,83),(570064322,7932598,113122,'2011-09-17',NULL,'656542b86d3eabfbc56656e20c426e10','415','GIT7MFRF',NULL,NULL,83),(570152501,7932587,113209,'2011-01-04',NULL,'3b10f866e7fe74eb478599d072220ed5','241','GIVRPFVP',NULL,NULL,74),(570364260,7932587,113644,'2011-08-04',NULL,'27bb66d7e7272de6122ce26357a17bbe','162','GJ65NRQ2',NULL,NULL,74),(572613795,7932568,113139,'2010-06-11',NULL,'b96ff1665fc12e43fb70f408e90ea95d','759','GL9727TF',NULL,NULL,74),(572626470,7932574,113605,'2011-04-16',NULL,'c5099836e8240732ebc64294221d2ea5','807','GL9J51SN',NULL,NULL,74),(575529281,7932587,113690,'2010-06-06',NULL,'cfca1e571f29010148146512496521d0','851','GO03FQ9R',NULL,NULL,74),(576133114,7932587,113033,'2010-07-13',NULL,'0571b5e6a7b9b3030db908948cd9885e','222','GOI3BABE',NULL,NULL,74),(579080862,7932574,113014,'2010-11-09',NULL,'4683799fcb31f58c816ee1ce458a7b84','288','GR9UHEIG',NULL,NULL,73),(579428778,7932589,113412,'2011-09-04',NULL,'4c35134824d2a74d0d39f77c5040f01a','312','GRKAB0A8',NULL,NULL,74),(581555140,7932574,113505,'2011-10-21',NULL,'b67166447b27c21b63272d6521992a96','747','GTJM6E4B',NULL,NULL,84),(584286569,7932605,113386,'2011-03-28',NULL,'46dcf58322a0e21cd0cd470dde2b2b45','290','H05330QA',NULL,NULL,83),(585676807,7932574,113565,'2011-10-30',NULL,'109c6333785885ecf966978f880eaae6','680','H1EGTNG0',NULL,NULL,74),(586867121,7932568,113459,'2010-11-18',NULL,'bea504afa76093965e734d40cd06c774','780','H2I037JK',NULL,NULL,74),(587901448,7932569,113116,'2012-01-28',NULL,'02945c226dc9e58d89f8c81424c5fe63','105','H3GQGBT9',NULL,NULL,74),(588731417,7932588,113161,'2011-11-08',NULL,'28ba72d906b889840022d3fda48b42f5','166','H49I10IE',NULL,NULL,74),(591656491,7932587,113645,'2011-07-29',NULL,'2e4b331db5a9a1120f43c406603386e4','189','H70NJ65L',NULL,NULL,74),(592016376,7932605,113151,'2010-09-27',NULL,'3beadf796141d0b1d577e68fca36c955','245','H7BEQ0DL',NULL,NULL,83),(592940858,7932572,113199,'2012-03-25',NULL,'87c6ff1755259012b41a8d8241264fa6','556','H870EV5S',NULL,NULL,74),(593443763,7932568,113477,'2010-09-10',NULL,'6a4e7e565757b2e2f3863fd49829cbca','435','H8M02D7B',NULL,NULL,74),(594510504,7932574,113530,'2011-04-06',NULL,'c7d0195e42b7f13d75c4deb372502e8e','818','H9LPCORI',NULL,NULL,74),(594842267,7932568,113108,'2011-07-14',NULL,'e5a5461ca342d53ac38d093723a6cfe6','940','H9VLPC94',NULL,NULL,74),(595413067,7932579,113465,'2011-08-05',NULL,'e60858e6981d9b624cdaee5558433eae','942','HAGM4Q56',NULL,NULL,74),(598318100,7932616,113218,'2011-07-11',NULL,'c82d1bbf599f84a9e59df0048724f3f2','819','HD78JCAJ',NULL,NULL,74),(599001377,7932574,113349,'2012-01-01',NULL,'fb3950bf27b00887e95ca6bea2c67dd0','102','HDRK7AAE',NULL,NULL,74),(601069837,7932616,113218,'2010-08-11',NULL,'afe0a4df553b9c22cfa5bd30c3657197','720','HFP8RNCO',NULL,NULL,74),(601399574,7932589,113374,'2011-11-04',NULL,'351842d9092c33e4c7f23986b9c9a895','217','HG33AFM9',NULL,NULL,74),(602461737,7932576,113614,'2010-07-22',NULL,'b178ef86bd29c617d9c36d76e0d62bc7','726','HH2O94NU',NULL,NULL,74),(602870295,7932587,113167,'2011-06-06',NULL,'e7e66d99560c6d647669041bd650bc3f','949','HHETTBCD',NULL,NULL,74),(604034122,7932574,112946,'2011-11-23',NULL,'dfd1ffef1226c305fa6f0806fab5abda','916','HIHJQH54',NULL,NULL,73),(604124814,7932568,113326,'2011-06-12',NULL,'1eda2badd8b566241ffe8459090590c4','126','HIKAA6PE',NULL,NULL,74),(604589063,7932587,113574,'2010-06-29',NULL,'f123df2203d2aaffb2aa673452d014a8','987','HJ251VPJ',NULL,NULL,74),(605699455,7932568,113464,'2011-05-08',NULL,'35b9de861116161df6dcce09b168563d','220','HK380E7K',NULL,NULL,74),(605879533,7932589,113201,'2010-07-28',NULL,'a2bafa56fee46df9d38b4a470ea1f62c','666','HK8JO032',NULL,NULL,74),(607398409,7932616,113242,'2011-07-30',NULL,'f722efd46f5b0b777db9ae08f72d47a4','101','HLLS8CSD',NULL,NULL,74),(607818878,7932623,113559,'2011-03-13',NULL,'9af7c21f7c6b0e5949a8c05f4020a426','634','HM2D83LA',NULL,NULL,74),(608025107,7932573,112985,'2011-01-14',NULL,'5838256b94796717e8df9fdde711c21b','361','HM8HTMT1',NULL,NULL,74),(608329027,7932574,113532,'2010-12-02',NULL,'e6255654dd3c79869684829c225c5ab2','942','HMHJOKB6',NULL,NULL,74),(609709040,7932588,113159,'2011-06-01',NULL,'b683c0576bd7bcd76f4bd126c27fb5c6','747','HNQNR93B',NULL,NULL,74),(610762301,7932587,113032,'2011-11-03',NULL,'589f63dba7de729d51c6a2f752b1dcdc','362','HOQ4A7TI',NULL,NULL,74),(612197728,7932627,113541,'2011-05-10',NULL,'e2dffba3ac0d30c745e1ac9a45df7953','929','HQ4T80L1',NULL,'2021-03-15',74),(617143989,7932574,113596,'2010-06-10',NULL,'b504995158fc1ba560e8525289525885','741','HUOABTFD',NULL,NULL,74),(617214179,7932581,113140,'2011-12-07',NULL,'f04019bbd15d6199704a36a199837e1e','984','HUQD9UKG',NULL,NULL,74),(619971481,7932574,113390,'2011-04-26',NULL,'e9951416d2d21e846819ab20699b12f0','956','I1CIS4B4',NULL,NULL,74),(620711587,7932587,112926,'2011-01-30',NULL,'5b9d86a2f045b17a5be60be9bd0b7c35','375','I22KMBHF',NULL,NULL,75),(621591209,7932587,113264,'2010-11-10',NULL,'3e2a89046733b775f0a7262626cd48ae','254','I2SRI996',NULL,NULL,74),(621932235,7932568,113428,'2011-11-14',NULL,'1f244d84d632ce7dfd666e7702cd5bd7','127','I370PIBN',NULL,NULL,74),(623705166,7932600,112965,'2012-03-20',NULL,'4a1a5339d52ccc73956504aeb8c874a8','303','I4RRJ4EV',NULL,NULL,83),(626975450,7932579,113090,'2011-02-15',NULL,'7c095d12203317a04a0079803e3f3c73','508','I7TAC9CC',NULL,NULL,74),(628078694,7932574,113300,'2012-03-26',NULL,'108f87d3b177ba0cd482c861700ead96','678','I8U6GK8M',NULL,NULL,74),(630668558,7932575,113515,'2011-02-02',NULL,'16fac7e80ff2570ab30f1cb88772bca3','941','IBBCD0IT',NULL,NULL,74),(631410960,7932573,113192,'2011-09-10',NULL,'08da483ccfb837c32d83832e940534b4','362','IC1GD9VA',NULL,NULL,74),(631893213,7932580,113527,'2011-05-20',NULL,'dc31bf796f6b153916d46d294c9e9fa0','901','ICFSAGMD',NULL,NULL,74),(631945785,7932574,113180,'2011-08-12',NULL,'3576e32c5fa68f9190eebc6c84a3c6c0','218','ICHEERS2',NULL,NULL,74),(632456453,7932572,113195,'2011-11-20',NULL,'30af5d5095767ed8a259d72186030f76','199','ID0LF72F',NULL,NULL,74),(632514220,7932574,113430,'2010-10-06',NULL,'80e57c821687fa663c37d8cf2843be79','527','ID2CI4FF',NULL,NULL,74),(632979676,7932568,1,'2011-03-27',NULL,'54d984d0e1f278f5146fc9651afbada1','347','IDG8EN5R',NULL,NULL,73),(634111785,7932574,112985,'2010-07-21',NULL,'87b067bff2f94635cf6d6af23d7d0384','555','IEI03UIJ',NULL,NULL,74),(634911914,7932589,113419,'2010-10-19',NULL,'778b5e45b62ad1645a8273545ef1a446','489','IF9R5UFP',NULL,NULL,74),(638413270,7932602,113499,'2011-02-17',NULL,'d827ad11abed6744a4515214ddd470aa','885','III6ARR5',NULL,NULL,83),(638738547,7932574,113515,'2011-08-25',NULL,'7418b4bb14f5c0db23e18b6430a48145','475','IIRSHGOJ',NULL,NULL,74),(640148131,7932616,113650,'2011-05-13',NULL,'2c444ad2d148e69efbed8d641f63ebf9','181','IK5SQJBD',NULL,NULL,74),(640472854,7932591,1,'2012-04-29',NULL,'a3bcfd2bac533aa473c559368ba2dbac','670','IKFIGC4E',NULL,NULL,73),(641172241,7932574,113321,'2010-12-30',NULL,'5de430de993d26a31999b925f06575ca','384','IL4DFUV8',NULL,NULL,74),(641954456,7932587,113035,'2011-02-04',NULL,'e7aa99622d22f0d972276d39d1686228','948','ILRNF9BK',NULL,NULL,74),(642395051,7932574,113057,'2011-07-16',NULL,'d9d98578b7b69cdb64a0879011752795','892','IM8RL5RK',NULL,NULL,74),(642434177,7932567,113337,'2011-12-25',NULL,'3013f2a1c7e1f9099aebe8219bb338fe','196','IMA0V65C',NULL,NULL,74),(642579486,7932573,112989,'2010-10-22',NULL,'ecd44d1b65ef8e17c6abc2138f718e55','970','IMEBHM7Q',NULL,NULL,74),(643889879,7932574,112953,'2011-08-07',NULL,'d9bea3bc68828d7b7ba432da8ca2a276','891','INLD7MQJ',NULL,NULL,73),(644684525,7932577,112972,'2011-03-26',NULL,'41c0d9e1f5a2373629335ee8fb07771a','269','IOD32BML',NULL,NULL,74),(647068909,7932616,1,'2011-06-11',NULL,'314e86e6a0b8939f62770b31e3885ea2','201','IQK4VVKH',NULL,NULL,74),(647398159,7932587,113145,'2011-07-03',NULL,'47e21fe9d16b6c1dd13cab00c91e151f','294','IQTUVSTU',NULL,NULL,74),(648475619,7932574,113287,'2012-01-26',NULL,'dc702f3682bc0aedd30c2f9c6b4ee861','902','IRU2HCHU',NULL,NULL,74),(648627817,7932589,113416,'2010-10-04',NULL,'52176f77554c081660fd03b32c89d976','336','IS2JM2RO',NULL,NULL,84),(649789943,7932579,113091,'2011-05-21',NULL,'e7ba533a717db9e2e62064d35bdfc922','949','IT57VC4D',NULL,NULL,73),(650505154,7932570,113516,'2010-08-06',NULL,'0ee9d15039b6c7451ae89cc6c7a7c289','610','ITQI1S1I',NULL,NULL,74),(651005486,7932574,113248,'2011-10-17',NULL,'7d891cc326dbe52967091e32d9cac3e6','514','IU9F6PDI',NULL,NULL,74),(652096139,7932568,112987,'2012-02-11',NULL,'eca370ed4f151267f427f91f21d34c8d','969','IV9VASM1',NULL,NULL,73),(652319458,7932587,1,'2011-11-19',NULL,'0a3fd906213ded0001b5f71c78eb1295','419','IVGKA13J',NULL,NULL,73),(652711489,7932587,113306,'2012-02-19',NULL,'7f72ca17438e4540a29765087e7f03a5','522','IVSA5RVI',NULL,NULL,74),(653265666,7932574,113537,'2010-06-15',NULL,'3d5dbad5d80826b14f33804fdd570434','251','J0CQM06B',NULL,NULL,74),(653269312,7932574,113140,'2011-09-11',NULL,'946691ffb0b73ebd0d9a85c3f1463f70','607','J0CU592V',NULL,NULL,74),(653279816,7932627,113439,'2010-11-03',NULL,'05f2a757c5c40df1f5b1520bf0ef11b5','243','J0D85QHJ',NULL,'2021-02-14',74),(653576736,7932568,112989,'2010-06-03',NULL,'50e9fc17b2f364bd350884a3ddda0f24','331','J0M3B3IB',NULL,NULL,74),(653639608,7932600,113118,'2010-10-31',NULL,'c3387b58a3e182b2a8bbac7d0d6312fd','799','J0NV9QEV',NULL,NULL,83),(654725702,7932580,113468,'2010-06-09',NULL,'66c04b0ce92b6ebbd0b7b458f45c45c0','420','J1OB2OOK',NULL,NULL,74),(654945048,7932602,113124,'2011-01-07',NULL,'daf4c949db32117dc1f838cb06981c9f','896','J1US8MA0',NULL,NULL,83),(655648759,7932587,113010,'2010-05-03',NULL,'7bc89d546b258adb8b583cd327ee23d5','507','J2JRC7MJ',NULL,NULL,74),(656532941,7932605,113152,'2011-06-27',NULL,'0a30f0a72e49f56a00c53cdb702f8ead','417','J3E6JAJ9',NULL,NULL,83),(656864210,7932568,113508,'2010-10-10',NULL,'fd4ba3a9e1bed7e5670f5d529f80dcf1','103','J3O2GR5N',NULL,NULL,74),(657207458,7932587,113147,'2011-06-15',NULL,'69314642cdec7806ab8fc8c559057f1a','430','J429RUJU',NULL,NULL,74),(658491984,7932589,1,'2011-06-27',NULL,'00738c73dd2394400b430f1654d597ac','184','J58ISI9O',NULL,NULL,73),(660275377,7932587,113048,'2010-09-22',NULL,'6a0cfb691563549ae536451dbbed1053','434','J6TNLD8Q',NULL,NULL,74),(660358559,7932588,113144,'2011-02-20',NULL,'f62f07751be66364e6d5ef6c20a9d474','100','J706VTBS',NULL,NULL,74),(661639053,7932589,113203,'2011-06-23',NULL,'51970ba67c41b793323c4deab00a9d48','334','J86C5G0M',NULL,NULL,74),(662342387,7932605,113162,'2011-07-12',NULL,'62aa9bdca90542defdd6a4d20e7eab9c','404','J8RATHMC',NULL,NULL,83),(662827625,7932577,112971,'2012-01-21',NULL,'a38d461244182846c241e4fbc206237f','669','J99PLR65',NULL,NULL,73),(663070910,7932574,113628,'2010-05-14',NULL,'25f4872c0bd95c11f814e8a70a4f17eb','155','J9H1M9MB',NULL,NULL,74),(669197762,7932575,113497,'2011-01-24',NULL,'a65d92af27c21c3162676218dcb3d994','681','JF7KN03P',NULL,NULL,74),(669733524,7932574,113332,'2010-11-28',NULL,'73ef8cd9f24957afddf4a8887d8e5511','474','JFNJL4VQ',NULL,NULL,84),(670604463,7932574,113338,'2010-11-29',NULL,'8c80e7f142e10f149192254709f95530','575','JGHI83EN',NULL,NULL,74),(672088672,7932576,113355,'2010-12-24',NULL,'0c14d635672e5054af5fa2cdbdcff83d','494','JHTPMI7E',NULL,NULL,74),(672376984,7932570,113114,'2012-02-25',NULL,'6a97679f34e5d9b544fee802c2abb354','436','JI6CL4RK',NULL,NULL,83),(672952963,7932616,113222,'2010-05-18',NULL,'f8a827add9e534e88480a76094e7f084','101','JINHUK0T',NULL,NULL,74),(673009482,7932605,113414,'2010-06-06',NULL,'da3484b9c7ee9f0e7060f9090007ffb1','893','JIP7RF4D',NULL,NULL,83),(673107157,7932574,112949,'2010-05-04',NULL,'b011fa824d7cfb803be29bd62e1c1433','721','JIS508MP',NULL,NULL,73),(673349662,7932569,1,'2012-03-02',NULL,'230d4e631f11435a9ce39a4312a2df9b','143','JJ3C8TDV',NULL,NULL,73),(674671496,7932574,113699,'2011-01-10',NULL,'2bb08223f00a48a25ce66a3efb8c76ea','178','JKAOS2VI',NULL,NULL,74),(675827914,7932588,113153,'2011-03-16',NULL,'c2169c0d821344385e8f286470fd4e34','794','JLD7N61A',NULL,NULL,74),(676054847,7932580,113428,'2011-08-19',NULL,'4d281cdeffbe81c9e61c7e5b66b19ed5','316','JLK04JQK',NULL,NULL,74),(676861194,7932568,112985,'2011-09-04',NULL,'cbfe3996e3cd0f83a5e1d5afeebde06c','835','JMC14CIJ',NULL,NULL,74),(677838583,7932574,113055,'2010-10-15',NULL,'c32b7f8faed96ce20711fded284ce5aa','799','JN957TVN',NULL,NULL,74),(678417772,7932574,112976,'2012-01-06',NULL,'3e7917ea7d50953923711dfbed74c0c2','255','JNQDJBMV',NULL,NULL,73),(678768604,7932605,113388,'2011-10-17',NULL,'fbd993cd3bfc382fa3413ee30a8d3c0e','103','JO4S5SU7',NULL,NULL,83),(679065853,7932572,113405,'2011-02-22',NULL,'7168f324d47402efa48eec7f2d3bda6e','464','JODNL7GO',NULL,NULL,74),(679337635,7932587,113041,'2010-10-13',NULL,'78a598449cc73e9765fc4bc6a5583d4b','494','JOLQRBL6',NULL,NULL,74),(679544777,7932573,112978,'2011-08-27',NULL,'7f585a18563a5da008638244ebac7bb5','521','JOS0CQPH',NULL,NULL,73),(679752690,7932575,113513,'2010-11-10',NULL,'fd0c462a6af6b3cf746115de2ac75d78','103','JP26LQDN',NULL,NULL,74),(680309994,7932579,1,'2011-05-19',NULL,'860c2c5dc4fc15c18c9c7107850738c5','549','JPIQ5D1L',NULL,NULL,73),(680691179,7932587,113169,'2010-05-06',NULL,'1601cae7f016dbe51c9507c23a71a30f','901','JPU5M8BT',NULL,NULL,74),(681710443,7932587,112943,'2011-02-19',NULL,'56f3dc0c3cab0354fda464eda99df281','356','JQSHNMQS',NULL,NULL,74),(681918457,7932587,113216,'2012-01-29',NULL,'db82d9fced39a285c5afaac3d0d15947','899','JR2O3Q1B',NULL,NULL,74),(683128611,7932574,113510,'2011-03-22',NULL,'dc698f715d8263ff7e736da55ec3dbc7','902','JS6Q6P1U',NULL,NULL,74),(685345020,7932574,113527,'2011-01-26',NULL,'cd5cf6aa584fe3b2f842570569054289','841','JU8RU6T9',NULL,NULL,74),(687228292,7932581,112989,'2011-11-18',NULL,'3d37e34d7d83e029a8b22bc051271d91','250','K00VV34Q',NULL,NULL,74),(688967805,7932574,113112,'2011-03-31',NULL,'0a14d82a1d3922f61ad0e2edd7937ad9','412','K1KQSQF4',NULL,NULL,73),(691550320,7932598,112993,'2011-10-27',NULL,'4f139f13fc443b7e451f98bc454e1d72','323','K41POTM3',NULL,NULL,83),(691774167,7932573,113141,'2012-03-11',NULL,'7de5bacc0778b09ea9d8358c0f7fb7c1','515','K48F86ER',NULL,NULL,74),(696554694,7932574,113259,'2011-01-19',NULL,'51706ce095ba1b956f0eff7125adffca','333','K8MUA9LT',NULL,NULL,74),(696576663,7932581,113281,'2011-06-25',NULL,'d727eeb54dae2953b4186466c1c22b0e','881','K8NJ8OA9',NULL,NULL,74),(697293214,7932580,113464,'2010-05-12',NULL,'d2ddef4c48ad35169eea394c0f827c66','863','K9CUK54F',NULL,NULL,74),(698036547,7932588,113374,'2011-02-06',NULL,'2425e80efaa0739cfe0809a86be7d2fa','148','KA33GRIC',NULL,NULL,74),(698440805,7932574,113100,'2012-04-04',NULL,'f8fd1a7c577bc20c0a1c184e80430911','101','KAF51QND',NULL,NULL,74),(700156456,7932574,113110,'2011-06-29',NULL,'1ba1e7f178987b57f62608a00cf5f653','113','KC297B5H',NULL,NULL,73),(700691691,7932576,113436,'2011-01-03',NULL,'6c1485e557aff7317a4d5940fe223d38','442','KCI7LDTI',NULL,NULL,74),(702096203,7932627,113519,'2011-05-27',NULL,'6af0a4d043029a74a346c2dbedafb478','438','KDS33NLE',NULL,'2021-03-20',74),(702118718,7932574,112960,'2011-10-02',NULL,'a1fdc80ef88456af612d60b27f7b7230','663','KDSOIR67',NULL,NULL,73),(702430450,7932598,112994,'2011-10-20',NULL,'3433974607232b55b7bde4fa5ee0ffe6','213','KE61S4H5',NULL,NULL,73),(703185600,7932574,113633,'2011-04-09',NULL,'cad38fc1d2cbe8532dc9df9849db6f24','830','KESI1G9U',NULL,NULL,74),(703445656,7932574,113108,'2011-12-29',NULL,'74baa40ba07404f2c0c21f287eb7af88','478','KF4A1OSU',NULL,NULL,74),(703465372,7932616,113239,'2012-03-19',NULL,'8e4ecddc9ff1e4358483bdf53143edcb','582','KF4SRET6',NULL,NULL,74),(703967740,7932575,113119,'2011-07-07',NULL,'4e053d13b5f1ffe1ee156c13f9dee093','319','KFJRUGCV',NULL,NULL,83),(708163067,7932574,113107,'2011-08-18',NULL,'8fc32d913e2a0bca272e85b014ff7f7b','588','KJGSTNM4',NULL,NULL,74),(710060119,7932587,113367,'2011-08-18',NULL,'9da4534f9489f9d9c0374b8ab2834b49','645','KL9E35IT',NULL,NULL,74),(710656550,7932587,113636,'2010-08-03',NULL,'62096ea5cfd8ba8513b90c73ad29db80','401','KLR6SPG1',NULL,NULL,74),(711078829,7932587,113263,'2011-02-23',NULL,'8f0441218a85c3e476ac05a6bc16557a','585','KM7PJNGH',NULL,NULL,74),(712322529,7932567,113186,'2012-02-11',NULL,'5a571bf3292875dffcb16dc99a9c9be4','370','KNCRME2Q',NULL,NULL,74),(712835753,7932583,1,'2010-10-19',NULL,'6774e452ad83c9afb2553b61497a5b2f','423','KNS54PEF',NULL,NULL,73),(712998378,7932573,113400,'2011-10-16',NULL,'1cf4451796833bdcd2af0c84a4a5a928','118','KO107MK6',NULL,NULL,74),(717011885,7932573,112980,'2011-12-08',NULL,'c0d91c92eedbd455e951a37c3476e283','789','KROJQ7MT',NULL,NULL,74),(717273466,7932605,113389,'2012-03-14',NULL,'ed21683c8dec5be6c619d38b6c3ec0e5','971','KS0D922R',NULL,NULL,83),(717336808,7932587,113049,'2010-08-12',NULL,'0550aec1fd656cc1b0ecce39ce4bc135','217','KS29M2OP',NULL,NULL,74),(718450454,7932574,113489,'2011-11-04',NULL,'c2da5d0b1989b1b75a04767a0928a5ff','798','KT3FNS8E',NULL,NULL,74),(718524231,7932616,113649,'2010-11-18',NULL,'41a080b664cd960a07f6105e2b32626b','268','KT5M3BJ4',NULL,NULL,74),(718669112,7932574,113451,'2011-06-12',NULL,'bfd77db8f2bc8c635ebc4a6ede89c31f','785','KTA08PEH',NULL,NULL,74),(719880381,7932587,113146,'2011-08-29',NULL,'de4dab195c9cc06031847b7523561784','910','KUE3DPEM',NULL,NULL,74),(720404787,7932575,113125,'2011-05-18',NULL,'1af0c388a1b99cfa1b64f8470d347c8b','110','KUTNHBT6',NULL,NULL,83),(720464197,7932587,113055,'2010-08-25',NULL,'f6ed634f33c447992785009641fb2f8e','101','KUVG6DFD',NULL,NULL,74),(720612063,7932588,113162,'2011-03-06',NULL,'406104943234799307798ed5c5e553bb','263','KV3T6U0V',NULL,NULL,74),(720928429,7932574,112936,'2011-03-23',NULL,'308dd6916f87873a7e9d40d34ea8f03e','198','KVDATL4E',NULL,NULL,73),(721496890,7932580,112981,'2010-12-08',NULL,'64952ec1215d57185b7f9b2e07823cda','411','KVU91N1B',NULL,NULL,74),(723727944,7932573,113476,'2011-02-10',NULL,'b25b6f3db649d2bb73291202cb6d7e63','730','L20OO30Q',NULL,NULL,74),(723749224,7932623,1,'2010-09-20',NULL,'f89bae1d807ce9e4bed45dec2282c1c3','101','L21D1FL5',NULL,NULL,73),(724221972,7932583,113122,'2011-07-28',NULL,'ab415e1c75bebf586c42c1a1361ebf34','701','L2FFSK6T',NULL,NULL,83),(727167825,7932579,113088,'2010-05-09',NULL,'52a32b1b98a95e88662ad3c12ea17e4c','338','L5798TDQ',NULL,NULL,73),(728350302,7932587,113142,'2011-08-08',NULL,'431bb5536462db6003efc49a2eec9f4f','274','L6AGV822',NULL,NULL,74),(729188049,7932574,112979,'2011-10-06',NULL,'faba9a984954ed5d5833d70d114d67a3','102','L73FT86E',NULL,NULL,73),(729658634,7932574,113429,'2012-04-05',NULL,'8590e585735511c4eedb2b90a69e0622','547','L7HGMC9J',NULL,NULL,74),(730332405,7932567,113460,'2012-01-21',NULL,'00ae5fc2f186c41e53ecf8bf3963e37a','278','L85J87GU',NULL,NULL,74),(731425858,7932574,113661,'2011-02-22',NULL,'d53bbb8592614f2bd57d749503364bcd','873','L9661P9P',NULL,NULL,74),(731863938,7932602,113657,'2011-12-24',NULL,'bd49bc45f95748c25b39736e533f90a9','775','L9J7QTMN',NULL,NULL,83),(732695272,7932574,113291,'2010-09-16',NULL,'bd1d07b46f69b1e7e0e53ce01d214aee','774','LAC0L7A6',NULL,NULL,74),(733818732,7932598,113477,'2011-09-14',NULL,'42938fa71260ddb65ef00b8b531a728d','272','LBDG2FNG',NULL,NULL,83),(733914487,7932587,113215,'2011-09-04',NULL,'35e5522aa982109d7788739466eace0e','220','LBGBCMDK',NULL,NULL,74),(735373802,7932587,113309,'2011-11-13',NULL,'03cb8f948248b2e5397b5fdf3226fc40','155','LCRR3ELB',NULL,NULL,74),(735770785,7932577,1,'2012-04-18',NULL,'8bab7402c60ed02b95b9d7f289f797bc','572','LD7LMDP4',NULL,NULL,73),(737466603,7932587,113038,'2010-07-23',NULL,'f8c579e7a2d1da8af0b3b16dced8c4b1','101','LEQ6ULIT',NULL,NULL,74),(738686287,7932574,113463,'2010-10-17',NULL,'d78a4320db028543a982c456f5d44af7','882','LFUI4G0A',NULL,NULL,74),(739996103,7932573,112990,'2011-03-19',NULL,'51739f785dfb453886b58e11d71a109d','333','LH5J8SL5',NULL,NULL,74),(743122067,7932572,112972,'2011-02-10',NULL,'807a6473d5cb23cbe774b56770f607e7','526','LK2ODO26',NULL,NULL,74),(743498614,7932574,113627,'2011-07-01',NULL,'64f1bfec9a57b175fb408d69f5c328cb','413','LKDVH1KD',NULL,NULL,74),(743503124,7932568,113298,'2010-12-21',NULL,'495ee28db9fab87ccf307281d7190be0','300','LKE3QLQC',NULL,NULL,74),(744159050,7932574,112963,'2011-07-08',NULL,'c5b18ebdfd281eb179128cd36fd282d9','809','LL1LBV1P',NULL,NULL,74),(744590568,7932587,112925,'2011-08-18',NULL,'5191fbdce6548b58d5b7cbff78d552f1','334','LLEGSQSE',NULL,NULL,74),(746800062,7932574,113603,'2011-02-15',NULL,'3e8cc42626bbebe919c3025aadeae327','256','LNGC17PG',NULL,NULL,73),(747605278,7932605,113417,'2011-12-15',NULL,'becfad5a99329df743b91638436eca79','781','LO8BUG1T',NULL,NULL,83),(747880582,7932581,113272,'2011-03-20',NULL,'246258c3bbc7e6c19e8e44ef0a523042','149','LOGIG305',NULL,NULL,74),(748656603,7932587,113268,'2011-05-10',NULL,'10b8eec2d263669f7635fb1eb28fa18a','684','LP7MICH4',NULL,NULL,74),(750167701,7932572,113484,'2012-03-05',NULL,'7f54b80f7342a6a3c926f4af1f95a0f7','521','LQKNLE0H',NULL,NULL,74),(754166196,7932574,113063,'2010-10-14',NULL,'2cffc56c5fcf48b8d6d4dea1fa186ba4','184','LUBSTPUO',NULL,NULL,74),(755391663,7932588,113386,'2010-07-31',NULL,'b9cf012503247f18691562d4cb8aee96','761','LVGDK3KH',NULL,NULL,74),(759393503,7932574,113458,'2010-12-17',NULL,'153b5649ad39e5cec953dcf9e6f9e086','869','M37M2IJT',NULL,NULL,74),(761667203,7932568,113140,'2011-12-12',NULL,'ad1cfd6ff8be37966addbfb7cf0d0ea7','709','M5BEECJT',NULL,NULL,74),(762860384,7932588,113388,'2011-04-22',NULL,'39757f7efc5d7a1b24f971afa55f2489','235','M6F0BBVB',NULL,NULL,74),(763757381,7932602,113496,'2011-07-15',NULL,'9fccfd5f9c6422c60c3dcb17ad2fd261','654','M79NPI0M',NULL,NULL,83),(765676838,7932587,113212,'2011-09-11',NULL,'260aea6ff29444a8a3e2e95a4c3bb719','155','M92UAN8B',NULL,NULL,74),(766024711,7932576,113620,'2011-05-26',NULL,'69ac964216cd3895ed86e947b2c8296d','432','M9DA2V88',NULL,NULL,74),(767130335,7932576,113621,'2011-08-16',NULL,'ea2119547354cd2c7b727b2b5080d47d','958','MAE8FUMM',NULL,NULL,74),(769396382,7932574,113678,'2010-06-13',NULL,'8607a3e8264260fa825e6e0f4caf455a','548','MCHPI6QK',NULL,NULL,74),(769447956,7932574,113456,'2011-11-03',NULL,'4cc742c754f9726c9c1b20b56720f655','314','MCJAO3QQ',NULL,NULL,74),(770569857,7932573,113189,'2011-04-18',NULL,'f56cbc33cd172dd70badc149585953fb','100','MDKOLQ2C',NULL,NULL,74),(770686944,7932574,113301,'2010-08-09',NULL,'f979b8fff0f11ac0b0b5ffb81ecc4d75','102','MDO8B0R6',NULL,NULL,74),(772148606,7932574,113639,'2010-12-03',NULL,'674edebcffba7c48e4bd8613cb0ecf73','423','MF3Q9DEN',NULL,NULL,74),(772409727,7932570,113113,'2010-11-21',NULL,'c5ef2c161cc5c32550cf246f48223591','810','MFBJA6Q2',NULL,NULL,83),(774167991,7932605,113384,'2012-03-08',NULL,'ce4b71b9029b7f4823ad24f36b016be1','844','MH0045H4',NULL,NULL,83),(774304196,7932568,113460,'2011-10-11',NULL,'77377aefece8c40dd614229001da61f6','488','MH420PS8',NULL,NULL,74),(775289597,7932574,113454,'2011-04-10',NULL,'cff22977445ec405e65060238bcbdc26','851','MI1DORSR',NULL,NULL,74),(777996139,7932589,113372,'2010-10-26',NULL,'0a5664cd04fe2aec08a7e2f22e1e483e','423','MKI2TUSV',NULL,NULL,74),(781239811,7932570,113095,'2010-11-09',NULL,'57985f8e829a9ba190dd90aba273cec3','358','MNIOAV8U',NULL,NULL,83),(781556788,7932574,112974,'2011-07-15',NULL,'b8b9a522011fb419a770ce914c7e9f19','756','MNS6KBGK',NULL,NULL,73),(781735022,7932574,112927,'2011-03-29',NULL,'ef0bb108f90f513ba822f4c0cccf9925','979','MO1GJKC3',NULL,NULL,73),(781837515,7932587,112996,'2011-11-07',NULL,'4e3ecb3e99e433897e3dba42c02f3aff','320','MO4IBEHO',NULL,NULL,73),(784005980,7932587,113025,'2011-06-13',NULL,'0e320b540a40df5787d076586eeeb4ab','581','MQ56BOD5',NULL,NULL,74),(784102096,7932580,113337,'2011-12-23',NULL,'5c273651a69079a74def1a5fa84a78d6','377','MQ820VFP',NULL,NULL,74),(784472349,7932574,112965,'2011-12-07',NULL,'6757e0f7b5e4ebe57aad82a663b8c767','423','MQJ346NF',NULL,NULL,73),(784969925,7932574,113461,'2011-05-04',NULL,'fd10443e2c096258c17bd977d8db5d61','103','MR1TL0FF',NULL,NULL,74),(785205918,7932587,113004,'2010-11-24',NULL,'63459f3127cf7e46eef4f2dbee158abb','406','MR8UMUM6',NULL,NULL,74),(785215195,7932605,113413,'2011-11-09',NULL,'b2d257934b0a954198826ce96fe6d374','732','MR97I2IK',NULL,NULL,83),(785979433,7932579,113683,'2011-12-23',NULL,'62f42de22739979f68ddfb64d61c029c','405','MS00CODT',NULL,NULL,74),(786259380,7932574,113452,'2011-08-03',NULL,'d94b70bb875f1ff0639786087f27ae88','890','MS8BC2KQ',NULL,NULL,74),(786355915,7932570,113513,'2010-12-09',NULL,'45b4b93bbce3a01c693c11ad6a010e70','285','MSB7E2GL',NULL,NULL,74),(787717111,7932568,113425,'2011-05-28',NULL,'ad10a2c1ac9a7293ce57eb6c1d7b610f','708','MTJPIFSS',NULL,NULL,74),(788513140,7932598,113191,'2011-03-23',NULL,'0f7c257206e5abd676c6fd78f963ec8f','634','MUBGNBSQ',NULL,NULL,83),(789408721,7932581,113138,'2010-05-15',NULL,'0a8a20a42c4bf3eff99d82629f346acd','431','MV66QAGN',NULL,NULL,74),(789842819,7932605,113205,'2011-07-03',NULL,'3f09fdf0a72b442033452774ed2232a4','258','MVJ4PU5Q',NULL,NULL,83),(791516585,7932587,113696,'2011-06-30',NULL,'d46d2f328929f75c8a444094c647abde','870','N15117SE',NULL,NULL,74),(791712697,7932574,113327,'2011-02-26',NULL,'415e3b7bcc51da8fde32e8e3eb667881','267','N1AS22TJ',NULL,NULL,74),(792903429,7932574,113322,'2011-03-14',NULL,'95543836cc170812bfff590aac2daccf','611','N2EBKBFB',NULL,NULL,74),(794386558,7932574,113332,'2011-05-28',NULL,'e3eaa203236d9c905b53efdc1482f062','933','N3QI1RUL',NULL,NULL,74),(794419993,7932616,113552,'2012-02-14',NULL,'7625a0387380ce325613457d87633711','483','N3RHU6SB',NULL,NULL,74),(795207195,7932587,113369,'2011-02-01',NULL,'d82ca2889a0657d7f217555ba3242567','885','N4J0LN7D',NULL,NULL,74),(795501250,7932574,113106,'2010-10-30',NULL,'77d3fb02a946add4b88928a9d405d33c','490','N4RP3HTQ',NULL,NULL,74),(797933149,7932574,113398,'2010-09-03',NULL,'b8944af0b0dcad1434770ef6063ed8ff','756','N748B7HS',NULL,NULL,74),(799919250,7932577,113087,'2011-09-29',NULL,'82d520a8f0e3cb816ce23e8ec45fe8d4','535','N8VEE737',NULL,NULL,74),(800584179,7932574,112968,'2010-05-20',NULL,'7ef19dda278e121abb7bf19f69bdd8b5','519','N9J8I7PV',NULL,NULL,73),(800763987,7932605,113153,'2012-03-14',NULL,'64f638845325f9192a3c3cb22ece97c8','413','N9OK1HEL',NULL,NULL,83),(803512682,7932574,113103,'2010-07-27',NULL,'00ea7ab7f66ae73b281319b360ff8e86','375','NCAHD1S7',NULL,NULL,74),(803926277,7932574,113629,'2011-04-10',NULL,'53604d12bd754982e7291df78f151df0','341','NCMRQV6T',NULL,NULL,74),(804670356,7932598,113095,'2011-09-24',NULL,'fe6088fe7243a467b744c8e39ae253ba','104','NDD1EEK8',NULL,NULL,83),(805693284,7932574,113663,'2011-06-30',NULL,'9b3473ec9444e46d0787931819a5e16d','635','NEBGVO8R',NULL,NULL,74),(807367401,7932568,113331,'2011-05-09',NULL,'2bb67fc2db1fe84663f983794d21ad91','179','NFTDHNMR',NULL,NULL,74),(809218092,7932574,113445,'2010-05-11',NULL,'dbcdc329dcaa62ed5ec78cadcca26018','900','NHKIGBR4',NULL,NULL,74),(809922407,7932574,113664,'2010-05-10',NULL,'3f5e300423c0a5a9c89ab01a10afd159','259','NI9I6AQR',NULL,NULL,74),(810369028,7932587,113269,'2011-01-28',NULL,'026827b091dd074dd2f430c2b2d1f354','985','NIMS44RP',NULL,NULL,74),(811880302,7932580,112990,'2012-02-25',NULL,'5d1d092c8e3e7a7b9a61b74e13efc198','381','NK3TCHPD',NULL,NULL,74),(813783027,7932602,112983,'2010-05-11',NULL,'a7ab6d00de915829a3e1995821201c24','686','NLSJV3V6',NULL,NULL,83),(816765694,7932572,113094,'2011-02-26',NULL,'f563138b10cc69d1e4b921ad71ca8526','100','NOLGES4K',NULL,NULL,74),(817378487,7932589,113410,'2012-04-18',NULL,'a23e9c4650a2de8bb5f67f3e16c1fd89','664','NP7ORRBG',NULL,NULL,74),(817651712,7932616,113670,'2011-05-12',NULL,'e33bc4a1560ce1c035be7b412996f40e','930','NPFTE0T2',NULL,NULL,74),(818339362,7932574,113348,'2010-12-14',NULL,'8da44ce65a6a43211ace540ee584af79','580','NQ4D7DOK',NULL,NULL,74),(818662753,7932574,113457,'2011-06-09',NULL,'df9e646fc5cff84bf343ad599196f6e4','915','NQE1KHJR',NULL,NULL,74),(819955151,7932587,113578,'2011-10-23',NULL,'147bbb7a1e4d6ff6a132a26bfe071c66','838','NRKI5CUU',NULL,NULL,74),(820561564,7932568,113391,'2010-10-12',NULL,'94e4330d3c367f030acc6ebe295a4eb3','609','NS6KFKU1',NULL,NULL,74),(822545905,7932577,113484,'2010-10-09',NULL,'9e9c3f79dba05b63943fbfba2edc3185','649','NU1OSTVH',NULL,NULL,74),(824054111,7932581,112965,'2012-02-23',NULL,'1f58b04fbc7132695e0298514ca2fd19','128','NVEN7MSO',NULL,NULL,74),(824869100,7932587,113643,'2011-01-24',NULL,'fa4a3700d171e897129d658515eff25d','102','O070F6I6',NULL,NULL,74),(825586305,7932623,113543,'2011-11-19',NULL,'845a2bf3b2a8ac2e733f6bf879dfbeda','542','O0SCEIG6',NULL,NULL,74),(826013925,7932605,113420,'2011-04-21',NULL,'11b353689c3d2762e2f215554a7428c6','725','O1948GAT',NULL,NULL,83),(826292020,7932574,113324,'2011-06-28',NULL,'e613decfa89316b6d4f8c0b632cdd1c2','942','O1HDF9ME',NULL,NULL,74),(826344407,7932588,113384,'2011-01-18',NULL,'3c869b63bca2add1e6d3cad2e2835d45','247','O1IVE06F',NULL,NULL,74),(826766864,7932583,112972,'2012-03-28',NULL,'3cf4eb892ebbaf8582acaa2948deb9df','249','O1VIABRP',NULL,NULL,83),(828991194,7932587,113173,'2011-03-06',NULL,'c0e4456b946a4f00354d955c5d12a9ab','790','O41RJHL6',NULL,NULL,74),(829520452,7932573,113187,'2012-01-03',NULL,'d7e34521e294adb8daf639f73cd52115','884','O4HKB78K',NULL,NULL,74),(830604652,7932574,113671,'2011-10-11',NULL,'16e3afe85ea9ed6c23637859fe1ac61c','937','O5HUACC9',NULL,NULL,74),(831088681,7932587,113021,'2012-02-19',NULL,'0629a0feec9b94710c659efc52094299','252','O60BTO94',NULL,NULL,74),(831911408,7932611,113122,'2011-11-07',NULL,'c9b762911e24a6de5f5011ffc654b546','826','O6OSHD5Q',NULL,NULL,83),(833772618,7932602,113498,'2010-12-16',NULL,'6285ecbc7d4e711f33f51a82f22384ad','403','O8GBH0L3',NULL,NULL,84),(834307583,7932570,113120,'2012-04-08',NULL,'e14a1660562f9ddb08a06f014cbc56bc','922','O909MRTI',NULL,NULL,74),(838308458,7932568,113476,'2011-02-28',NULL,'50af008ea3e31997bf84d2dc7cb56f50','330','OCNH7RQQ',NULL,NULL,74),(838936171,7932570,113656,'2011-06-18',NULL,'52fd5faa2419b01905c2aff421e324ad','339','ODA7S4QB',NULL,NULL,74),(840135244,7932576,113516,'2011-03-14',NULL,'fea99ceac6ca6aed7b8e6689037dbfa9','104','OEDVCUA8',NULL,NULL,74),(840202401,7932588,113378,'2011-05-17',NULL,'579126dc456fafc584873c2b05bd03dd','358','OEFVEDIE',NULL,NULL,74),(840593675,7932587,113700,'2011-05-21',NULL,'f9f1e9d37bcd8a1aab3059ce3b484fb6','102','OERKJ4QU',NULL,NULL,74),(841522500,7932574,113675,'2011-03-24',NULL,'4ffaf2ed30dd951833f1a61062d8e7e0','327','OFNACKN7',NULL,NULL,73),(844320823,7932595,1,'2012-02-02',NULL,'001e69082d6495465ec119a82db23390','486','OIAN2M5U',NULL,NULL,73),(844936676,7932587,113208,'2010-05-19',NULL,'1cb61895d4f1ad08c4fe52552f262de3','117','OIT2D0OL',NULL,NULL,74),(845903452,7932598,112986,'2011-04-29',NULL,'d0d339c77ea12da517b746f7418ddb52','855','OJPSCMLN',NULL,NULL,73),(846153467,7932574,113132,'2010-06-08',NULL,'6cce60f920ff6af23a25c89d6562e895','445','OK1AQHHL',NULL,NULL,74),(847129356,7932574,113402,'2011-09-13',NULL,'b04fb2e0e22f1f4ed33337fa9bfcb654','722','OKUDGADI',NULL,NULL,74),(848507568,7932627,113437,'2010-07-20',NULL,'05bd174d85baf2095c872d239f87a6ca','235','OM7FS03B',NULL,'2021-02-14',74),(850043735,7932573,112978,'2012-03-27',NULL,'43f623ca80a078bc959e451b4cd3ec6c','278','ONL8S37E',NULL,NULL,73),(850249537,7932568,113188,'2011-03-28',NULL,'78107b927925819ec7d56a3092c1b7fe','491','ONRD4LUJ',NULL,NULL,74),(851809542,7932605,113149,'2010-11-05',NULL,'668c003f1bdc8f1be3c2fab74cb879a8','420','OP9SS88K',NULL,NULL,83),(851936226,7932583,113483,'2010-12-23',NULL,'a8c0a4d9cca6d64579d7003af0b82a19','691','OPDLMBC3',NULL,NULL,83),(852996831,7932579,113687,'2010-06-14',NULL,'6b5b1cfdf06e2bdcbdb1383c01d34b0a','439','OQD95E6F',NULL,NULL,74),(853613287,7932587,113575,'2012-04-08',NULL,'6387d922cab7410aae8f243efedf60f6','407','OQVL25VF',NULL,NULL,74),(853967900,7932574,113485,'2012-02-23',NULL,'95e940ce05186bdab6bb6fefa9d340bb','614','ORA783U6',NULL,NULL,74),(854736713,7932587,113694,'2011-05-04',NULL,'fce798b15cf3df5f5b3e8188c38c02b9','103','OS14EDCF',NULL,NULL,74),(856005431,7932627,1,'2011-08-27',NULL,'3d987ca2c16b6b604f5d5869aefb4ed6','252','OT6UCJUK',NULL,'2021-02-21',73),(856523407,7932587,113368,'2010-08-28',NULL,'bd125d691d2b0f24d488ac1cf8653548','774','OTMCC0CU',NULL,NULL,74),(856755779,7932574,113109,'2011-04-17',NULL,'d533318ab3cca3747c47840916fe5cb1','873','OTT9VE91',NULL,NULL,74),(857257888,7932574,113287,'2011-01-15',NULL,'da3931c7815cf93929bef16f46138bb6','893','OUC8QJ3T',NULL,NULL,84),(858548358,7932579,113425,'2011-12-12',NULL,'3313687a3c11382d009d695e744e23a8','209','OVINGJ21',NULL,NULL,74),(859086124,7932597,1,'2011-09-16',NULL,'0537b109c9d57aa7f6ba5e8c0652bd22','213','P02OBT5L',NULL,NULL,73),(860201513,7932615,1,'2011-08-20',NULL,'4b591ee15e89ccf8f49be36efbcbc956','308','P1402SAS',NULL,NULL,73),(860764097,7932587,113315,'2011-11-06',NULL,'080d4624b7b00daffdab6cfecfba9b5d','329','P1KOJIPH',NULL,NULL,74),(861136681,7932574,113432,'2011-12-07',NULL,'b73a93fab84d400bebf4cacfc574ff51','750','P1VRTUOM',NULL,NULL,74),(862003655,7932605,113412,'2010-06-10',NULL,'4845a1bd82a35ef4f144c1d09c4dd53e','296','P2PMNSK0',NULL,NULL,83),(863633348,7932577,113094,'2011-10-06',NULL,'085d8d43ca1d5d163649fa105e090a81','342','P4A8U5NM',NULL,NULL,74),(865842851,7932573,113333,'2012-03-05',NULL,'47b02af58677e02a0bf42b435993f7f4','293','P6C42RET',NULL,NULL,74),(865982485,7932577,112970,'2011-04-08',NULL,'c7397d4ca966116a5c42740e02ef40ba','816','P6G9859O',NULL,NULL,73),(866029147,7932568,113400,'2011-09-08',NULL,'816083714a68d375abb30c3293d0ccf1','529','P6HLO5C9',NULL,NULL,74),(866941216,7932574,112978,'2010-10-20',NULL,'e24a53d0ac499bdce22b462a7d022a1e','926','P7CRIA4U',NULL,NULL,73),(869051487,7932575,112983,'2011-03-27',NULL,'23a91dce0a2545cfe0360d50cb91df42','146','P9BO2KTA',NULL,NULL,74),(871597665,7932574,113134,'2010-10-31',NULL,'fe7429e83e03c08d131c4557094523cf','104','PBNK9QQG',NULL,NULL,74),(872324895,7932579,113681,'2010-06-06',NULL,'9845ae539c67aadceec2575cb2ba2598','623','PCD9R4S7',NULL,NULL,74),(873260157,7932573,113464,'2011-08-31',NULL,'11f439190bad5063456932ee24c79401','735','PD95P2P7',NULL,NULL,74),(874097559,7932598,112987,'2010-05-29',NULL,'fecab2ede3810166129aa00d714f76fc','104','PE24CHI0',NULL,NULL,73),(876314363,7932581,113285,'2010-08-24',NULL,'f20873972fa912b8277bd49549aaed62','991','PG46G22N',NULL,NULL,74),(877424990,7932572,113483,'2010-09-17',NULL,'d0b9d4effe996ef9dbe4101e00c5011d','854','PH59LMK6',NULL,NULL,74),(879567270,7932577,113063,'2011-10-27',NULL,'e0d916b1882e2f5791fceb5c7711caa3','920','PJ54MT08',NULL,NULL,74),(881465168,7932574,113674,'2010-12-12',NULL,'a21f675e6c2ae2a61460c5e6cdb6c120','664','PKTMM4OO',NULL,NULL,74),(882018752,7932570,113655,'2010-08-28',NULL,'bc71d9e2e92191c30615027dcc9ff5ad','771','PLE6K683',NULL,NULL,74),(882758371,7932574,113673,'2010-09-21',NULL,'0b6813178be0286005e6b9b484f01316','467','PM47VI4B',NULL,NULL,74),(883131449,7932587,113591,'2011-10-08',NULL,'27c00203d2c3a73d1dc65a8c4da22514','162','PMFBOVQA',NULL,NULL,74),(884960388,7932574,113569,'2012-01-29',NULL,'1648429fd11655e98e0a94f487109a1d','912','PO5RVPPG',NULL,NULL,74),(885857814,7932574,113487,'2010-08-01',NULL,'a5d709e583bc69ef0d7af9638974a9d5','679','PP0JR24N',NULL,NULL,74),(885890546,7932574,113570,'2012-02-23',NULL,'69385c69b9f46fd9ec4b20601a598acc','430','PP1J1UNU',NULL,NULL,74),(886290874,7932599,113469,'2012-04-18',NULL,'b81d5c54ab6786b3fa8889e9e17c9488','754','PPDGR0C2',NULL,NULL,83),(887190167,7932575,113656,'2012-03-17',NULL,'595fc8e2640b7231ae8f5d9bc6a57579','366','PQ8AF7Q6',NULL,NULL,74),(887249646,7932576,113611,'2010-10-03',NULL,'f14d2d1df3721607c0d844ee01901e19','988','PQA36DCC',NULL,NULL,74),(887551235,7932587,113266,'2011-12-25',NULL,'7d3f0c4209f73a784ffe5a0c0bdef173','513','PQJ2Q5DP',NULL,NULL,74),(889278996,7932574,113490,'2010-10-30',NULL,'c33336a9ca4662429c2efded7509704f','799','PS6IH89V',NULL,NULL,74),(889803477,7932589,113417,'2011-09-10',NULL,'eddf4c1d6c68189051ba661db5d339f1','974','PSM6N4UM',NULL,NULL,74),(890056360,7932574,113533,'2010-05-07',NULL,'5a0cd7bc2b367c53f5d904d747490984','368','PSTNSGDG',NULL,NULL,74),(890747196,7932579,113093,'2011-08-27',NULL,'067d92e31f0f47c5c07fd19ea2b62471','265','PTIAN4R9',NULL,NULL,73),(892521535,7932576,113517,'2011-10-13',NULL,'e7de9e71156340b5598eda7990a99ab5','949','PV76RMED',NULL,NULL,74),(892543689,7932587,113635,'2011-03-16',NULL,'cfaacbe54e5de0695885f047b5be68a1','850','PV7RVP3Q',NULL,NULL,74),(892778340,7932575,113499,'2010-09-18',NULL,'f37ff5cbd54dc8982fbf7004ab9c1973','997','PVEROOK5',NULL,NULL,74),(897903020,7932587,113582,'2010-12-01',NULL,'2c190f9b3c2a5ef8e05e86f4accf65a1','180','Q47J1I4K',NULL,NULL,74),(899384772,7932587,113692,'2011-04-24',NULL,'f041dea2d7ba5c8038bfd6c1aff52bb7','984','Q5JO52BO',NULL,NULL,74),(899654258,7932568,113063,'2011-08-24',NULL,'bd0994579cb08444393e7e7225a9e88e','774','Q5RP542M',NULL,NULL,74),(900733019,7932574,113400,'2011-09-19',NULL,'d465837e0446ca7caa61d521f3608a84','869','Q6RTU9MT',NULL,NULL,74),(900794239,7932605,113161,'2010-09-18',NULL,'cf2de4f4ef7dbbbf35ef73accc3b52a7','848','Q6TOAIR8',NULL,NULL,83),(902004385,7932568,113390,'2010-09-07',NULL,'1a7c82025dd920137431a74ef8e3999d','108','Q81QD9AK',NULL,NULL,74),(904708471,7932574,113506,'2010-12-22',NULL,'1fc8c697463e7f05bc9ce2ef384922cd','130','QAID7EAQ',NULL,NULL,74),(906049785,7932574,113403,'2011-06-20',NULL,'19872ddb715d9915ded7f093054e9825','104','QBQCD38G',NULL,NULL,74),(906203291,7932587,113319,'2010-09-15',NULL,'89d687b1c1cd6d05dd0ca99ca83140d8','564','QBUUPNTC',NULL,NULL,74),(906278746,7932608,113139,'2011-02-08',NULL,'1089f9b6ccc48d7495ad41edec87a0e3','677','QC16OEHL',NULL,NULL,83),(906616569,7932574,113295,'2010-10-06',NULL,'1f0983c8eccde12e1eb5659f673e28f3','127','QCB8TV97',NULL,NULL,74),(907930224,7932587,112998,'2011-10-06',NULL,'06874aa24913763b73bed2cd4ce906d1','267','QDIDNHKB',NULL,NULL,73),(908033983,7932574,113343,'2010-10-03',NULL,'6f5f25f0962aa74d1987ce83d4b34cf2','456','QDLGM0V0',NULL,NULL,74),(908494678,7932587,113024,'2010-06-14',NULL,'93448773f32418a50be3beda2add4a75','603','QE381AIB',NULL,NULL,74),(909311000,7932574,113393,'2011-06-11',NULL,'db3048e373109503b8aadf8b988688b0','897','QERIHGA1',NULL,NULL,74),(910382425,7932574,113129,'2010-12-20',NULL,'9cf0af534cb65504027ed0cdd8577bde','642','QFRGAPHA',NULL,NULL,74),(911962354,7932574,112967,'2010-09-22',NULL,'3658fc3dcad291f2de9112ba4c9a78fb','222','QHAJ2CHE',NULL,NULL,73),(914398144,7932594,1,'2010-06-03',NULL,'a38947bd8558d59c1f873e30c6b6afe8','669','QJJ60Q4T',NULL,NULL,73),(918220745,7932580,112983,'2011-02-12',NULL,'b0edb4b24586be0fa65ae5127b73b477','724','QN53HAVS',NULL,NULL,74),(920841941,7932602,113113,'2011-10-17',NULL,'0d9241d14720dbffa32127077525e621','555','QPJ79SHJ',NULL,NULL,73),(921322250,7932580,113333,'2011-12-04',NULL,'6c066dac32d09074a195a3439b17be18','442','QQ1HBO6A',NULL,NULL,74),(921637846,7932573,113108,'2011-11-09',NULL,'05e21721dc6c972e1b6c0c6b4a71f04d','240','QQAUAV70',NULL,NULL,74),(921668599,7932598,113187,'2011-10-22',NULL,'5834d276aaac769ee127ad1cc2378805','361','QQBRLFI1',NULL,NULL,83),(922424613,7932577,113198,'2011-03-03',NULL,'f8025f86405883a986c30f058adfcc93','101','QR2CL67D',NULL,NULL,74),(922604286,7932588,113147,'2011-06-21',NULL,'4009e311f482b5b17417c3d54ee6e43a','262','QR7O0C9M',NULL,NULL,74),(923189755,7932590,1,'2011-01-08',NULL,'847285e7b0dc9bcd9672cde443aef52e','542','QRP6BFKM',NULL,NULL,73),(924561603,7932574,112926,'2011-03-12',NULL,'98fa4e7c4083f16574a20f4e5b93aab2','626','QT22KV1A',NULL,NULL,73),(925098615,7932581,113279,'2011-11-20',NULL,'cac393bd061545607a4b4eed4723fb0c','830','QTI2P90M',NULL,NULL,74),(925746302,7932616,113233,'2012-02-03',NULL,'a809af17487f97cdc3494aaa86cba7a1','688','QU5CF3N0',NULL,NULL,74),(927726569,7932616,113069,'2010-11-06',NULL,'305fc13bf002fd1113a42934b623d047','198','R00D01NE',NULL,NULL,74),(928353762,7932567,112989,'2011-11-13',NULL,'5c421567458611bea42e871197ac8b1a','377','R0J34F29',NULL,NULL,74),(928640029,7932587,112968,'2010-11-05',NULL,'b16617d79ce1b3f74d04be882a5154f2','726','R0RK4L0U',NULL,NULL,74),(929139238,7932605,113381,'2011-09-27',NULL,'0391217690b796ea9c67f348295c04b0','146','R1AG7982',NULL,NULL,83),(929732828,7932609,113122,'2011-11-22',NULL,'0f4711e408ef0b84ee49f0139fd61cf2','625','R1S6A7EH',NULL,NULL,83),(929876099,7932574,113531,'2011-10-21',NULL,'ffcb9e14f9acfc348983ad74977b59eb','104','R20EUG10',NULL,NULL,74),(929924764,7932581,113139,'2011-08-11',NULL,'5c7218a1d190de37a3e13eb6bd902832','378','R21TBKMQ',NULL,NULL,74),(930622993,7932573,113193,'2011-08-24',NULL,'fd9e18ecdfe4d1467890a3b56346b20f','103','R2MN7SMF',NULL,NULL,74),(932685897,7932616,113648,'2011-11-02',NULL,'505843da0178d0ff0163131308273fa8','329','R4K6INJH',NULL,NULL,74),(933416808,7932583,112970,'2011-07-25',NULL,'43afdcece219ccd0470c035fa79b6f76','277','R59VKBQL',NULL,NULL,83),(935097707,7932575,113116,'2011-02-24',NULL,'47656ac826813f65ba0887cd7d6601df','292','R6S2LAOS',NULL,NULL,83),(935695404,7932574,113450,'2011-10-09',NULL,'bbe78e661138ba48d9050500ff5f3753','769','R7DSLJN1',NULL,NULL,74),(936053110,7932580,113190,'2011-09-03',NULL,'e4e4cb574b98ce6a81a767994d95dba3','937','R7OHPU4P',NULL,NULL,74),(936853379,7932574,112924,'2011-04-10',NULL,'f2dbe91d2c7d2d99d756491f9aa68bb1','994','R8GD06SQ',NULL,NULL,73),(937271502,7932568,112994,'2011-04-19',NULL,'c348feade5a669c1a5f1d13eefe69fbd','799','R8SRO9UF',NULL,NULL,73),(938701648,7932587,113308,'2011-09-20',NULL,'33b44b139cfb02da61e739f58c2bd9aa','211','RA7FKSAJ',NULL,NULL,74),(939720570,7932577,113196,'2011-06-23',NULL,'f760bac201891afd59ad5876d6dfa552','101','RB5RBT7L',NULL,NULL,74),(942317391,7932567,112990,'2011-12-04',NULL,'1b6c0a09e06937d643c310a014a4c3b4','112','RDJ7SJ88',NULL,NULL,74),(942339269,7932580,112980,'2011-07-08',NULL,'426f2f514e967b1307fe15e9d8fc4abd','272','RDJSO8KO',NULL,NULL,74),(944002447,7932574,113602,'2011-08-29',NULL,'c03febd9ea6245de08918dc692acbd75','787','RF5ESEDB',NULL,NULL,74),(944754565,7932567,113464,'2012-02-27',NULL,'dfb38300639e49369b9ab85a629831e1','916','RFRS58OS',NULL,NULL,74),(944974706,7932574,113137,'2010-12-18',NULL,'c76bfea9823b117c62987fdf9532ebc3','816','RG2E3E40',NULL,NULL,74),(945864629,7932587,113695,'2010-05-24',NULL,'5da0b29b52c8cd9dd83a989e02d9bfe0','383','RGSUPN47',NULL,NULL,74),(947024342,7932574,112925,'2011-06-20',NULL,'75dbbca876613fd303252be96cb6e1d5','482','RHVGPBEI',NULL,NULL,73),(947608728,7932573,113460,'2011-06-28',NULL,'21619a2b102dfdfb44556f02bc8e0787','136','RIGU3CI8',NULL,NULL,74),(948264561,7932616,113225,'2010-11-04',NULL,'51ab79d1aa702bbe1d6a2f084efedd62','334','RJ4FHQLM',NULL,NULL,74),(948530653,7932574,112938,'2011-09-25',NULL,'48f3fbd26d5912df3c9a5c8534e1d7cf','298','RJCDAA3I',NULL,NULL,73),(949919451,7932598,113425,'2011-01-28',NULL,'ad486a7da4054e66074af327886de7d5','709','RKLPP2HT',NULL,NULL,83),(949965460,7932580,113140,'2010-08-12',NULL,'de91255e54f63345dc35e1adde5884bd','911','RKN5L5DF',NULL,NULL,74),(950805418,7932623,113523,'2011-08-17',NULL,'2a6f636fc9f0cbf7479ded022c47da9c','173','RLG6MK5T',NULL,NULL,74),(950943426,7932587,113373,'2012-02-01',NULL,'be2f5ddcb08f5b0e93603cbccfb0338d','778','RLKAAA6Q',NULL,NULL,74),(952443427,7932580,113283,'2011-02-27',NULL,'81cb0d30394fb46d7e0859e8037c8027','531','RN10QMMB',NULL,NULL,74),(955135618,7932574,113298,'2012-03-15',NULL,'6fb03c6de4127059239aab2f21eced99','457','RPH89RCP',NULL,NULL,74),(956100325,7932575,113117,'2011-09-19',NULL,'d667c197ecb0e05082e026c540db8307','878','RQE0ACFM',NULL,NULL,74),(956668862,7932568,113190,'2011-02-14',NULL,'459b3e60677cc7fae3e173de318c67b4','285','RQUUGNQD',NULL,NULL,74),(957408681,7932580,113299,'2010-09-21',NULL,'2c597b2005b51a4a90d1fcf65e9507a7','181','RRL0276T',NULL,NULL,74),(958201493,7932568,113193,'2010-06-22',NULL,'63ee550c4579fdb6da90be561f47075f','409','RSCK4TT1',NULL,NULL,74),(959684519,7932587,113368,'2012-01-13',NULL,'c8bcde21ad3cc37e8cbd253419551ec5','822','RTOQF9SE',NULL,NULL,84),(965507981,7932587,113317,'2012-01-01',NULL,'86beb68caa40d83c51d528d2b72afe3e','551','S36C587F',NULL,NULL,74),(966193737,7932580,113120,'2010-05-27',NULL,'eb9a66648652c71a64b6f59d69b83347','965','S3QQ4S7D',NULL,NULL,74),(966412648,7932574,113329,'2011-06-05',NULL,'59dfc1d15c81f42ce882e5b98244c738','368','S41ATFTG',NULL,NULL,74),(968596477,7932583,113198,'2011-01-18',NULL,'de011d8fa7125cb5404717af7fe71994','909','S62DILUL',NULL,NULL,83),(968815596,7932602,113095,'2011-08-09',NULL,'4a9dbf744da153a29648e33cc933c42e','305','S68UHKOH',NULL,NULL,83),(969514857,7932605,113383,'2010-07-09',NULL,'573a77c4c3d5e4654d50347c7e7abe1c','357','S6TPDCSD',NULL,NULL,83),(969827133,7932574,113598,'2011-05-20',NULL,'c036a5ae8756ba5a1dc71f32f263fe0a','787','S7737AAR',NULL,NULL,74),(969898111,7932574,113431,'2011-03-23',NULL,'6607757321d5c6c93de2874bdf2ba6b8','417','S796TCDP',NULL,NULL,74),(974316305,7932616,113244,'2012-03-20',NULL,'abd31204d5640560780bab95bbf5531a','703','SBCSDV97',NULL,NULL,74),(974323102,7932588,113149,'2011-07-12',NULL,'1db17f8219faf3f458e4f9410ee5f132','121','SBD2TCD9',NULL,NULL,74),(974341191,7932576,113619,'2010-07-16',NULL,'ae671de3f0600b7bdb18253015fc6eb9','714','SBDK5E12',NULL,NULL,74),(974766338,7932574,113601,'2012-04-03',NULL,'e83c8b72e8f6e2dfa843ccb6121e86be','951','SBQ9JSS7',NULL,NULL,74),(975360564,7932602,113119,'2011-02-26',NULL,'bf77f9c4e6876c9db95e8b7e9ac7e486','784','SCC0A7HG',NULL,NULL,83),(977690649,7932616,113548,'2010-09-14',NULL,'be244126c40211ce7f48a6c54263ebd2','778','SEHEEP5I',NULL,NULL,74),(977902712,7932616,113560,'2010-10-13',NULL,'5e4c0b68259f1a814117bf1a3fc9a664','386','SENOMDI2',NULL,NULL,74),(979211445,7932574,113557,'2011-08-25',NULL,'7e4a85beb38bbfa3668f09288f3239a2','517','SFUOPP8D',NULL,NULL,74),(979820156,7932573,113326,'2012-01-29',NULL,'5db2fad344fccf53b867feaa3f34360f','383','SGGTA5EV',NULL,NULL,74),(982756813,7932580,113281,'2011-05-20',NULL,'c56227462190504f118171bec0a9ff23','808','SJ8DTQVG',NULL,NULL,74),(982877338,7932626,1,'2011-03-10',NULL,'0d6ed65cdab949666712d7d170886d1c','550','SJC0RUTM',NULL,NULL,73),(984694777,7932574,113512,'2011-07-15',NULL,'7f55b3eb8be1773a6ffa512c9cfb2a8a','521','SL263PLH',NULL,NULL,74),(985377442,7932587,112944,'2012-01-02',NULL,'d5088d22ddd16d7fd54f27d313e7c8ba','872','SLMH531O',NULL,NULL,74),(986183654,7932574,112921,'2011-07-23',NULL,'376f0ffb5d8fdaa65ec5da5123a8a58b','227','SMEI0MQJ',NULL,NULL,73),(986891154,7932612,113122,'2012-03-17',NULL,'e359867ec204a07209d4df436970f6e1','931','SN3KNTFJ',NULL,NULL,83),(987694106,7932574,113631,'2010-08-11',NULL,'1951112cc587543130ee6ae72565a05b','103','SNRIG1FN',NULL,NULL,74),(987913159,7932579,113466,'2011-10-13',NULL,'18d4c9be16bd4a6fbec5c043b8828f4b','101','SO23D0DT',NULL,NULL,74),(988027899,7932574,113299,'2012-01-28',NULL,'5f4094e56adbcfe94f883a11dd71b16a','390','SO5GQJFU',NULL,NULL,74),(988860885,7932579,113405,'2011-11-29',NULL,'5aa1bbe3ea8cd22835183265ce225c8b','371','SOUB7ABR',NULL,NULL,74),(989397251,7932574,113464,'2011-12-06',NULL,'5cc49d5e20475694eb9eb4a4115b709e','379','SPEANT9J',NULL,NULL,74),(990483085,7932574,113127,'2010-11-29',NULL,'2be4f4bee034ca1786e2f6f8670d5017','179','SQEM8TRR',NULL,NULL,74),(990818855,7932574,113502,'2010-12-29',NULL,'e7852f8bb1c98bf0f455e1ab6441f1ec','948','SQOMFR0C',NULL,NULL,74),(993127232,7932574,113677,'2011-01-29',NULL,'8cd8cc84be212c41a96954287b1faabc','576','SSTFTT20',NULL,NULL,74),(995355149,7932567,113140,'2011-04-10',NULL,'c9512f44083ac0ea835f00c0b12e1f25','824','SUVSKHG0',NULL,NULL,74),(995400362,7932573,112994,'2012-03-21',NULL,'f1043af53148350357fddd029757ed20','987','SV17OAVB',NULL,NULL,73),(996125404,7932574,113256,'2011-02-08',NULL,'8f2eb645864791e2dbf06c4e383e8ff1','586','SVMR6RDA',NULL,NULL,74),(996440287,7932568,113422,'2011-10-23',NULL,'70c66c64c1eaf0a65a92cbcd59799e89','461','T007GA75',NULL,NULL,74),(997312962,7932574,113297,'2012-01-24',NULL,'91eca6c20f5f3a7fd437d9e4f95a3430','597','T0Q7O815',NULL,NULL,74),(997734705,7932605,113160,'2010-06-02',NULL,'9ac99b03488567fa39d8373a460e18dd','634','T16PUQF2',NULL,NULL,83),(999070848,7932587,112932,'2011-05-29',NULL,'3a832ba843f604e2e9a2490424b7acb1','239','T2EK6L7F',NULL,NULL,74),(999138514,7932573,112983,'2011-02-04',NULL,'21c308cf2e659a98cc1a2fcc2906450e','138','T2GKNL6Q',NULL,NULL,74);
/*!40000 ALTER TABLE `coms_certificate_participant` ENABLE KEYS */;
UNLOCK TABLES;

--
-- Dumping data for table `coms_certificate_type`
--

LOCK TABLES `coms_certificate_type` WRITE;
/*!40000 ALTER TABLE `coms_certificate_type` DISABLE KEYS */;
INSERT INTO `coms_certificate_type` VALUES (1,'ICO role',89),(2,'ICO exam',89),(3,'ICO training',89),(4,'ICO trainer',89),(5,'ICO training organisation',89),(6,'FOREIGN',89),(7,'CUSTOMER 1 role',89),(8,'CUSTOMER 2 Exam',89),(9,'ISIS12 exam',89),(10,'ISIS12 role',89),(11,'ISA+ exam',89),(12,'ISA+ role',89);
/*!40000 ALTER TABLE `coms_certificate_type` ENABLE KEYS */;
UNLOCK TABLES;

--
-- Dumping data for table `coms_delivery_type`
--

LOCK TABLES `coms_delivery_type` WRITE;
/*!40000 ALTER TABLE `coms_delivery_type` DISABLE KEYS */;
INSERT INTO `coms_delivery_type` VALUES (4,'ATO_BULK_PAPERBASED',92),(5,'ATO_SINGLE_ONLINE',92),(6,'SELF_SINGLE_ONLINE',92);
/*!40000 ALTER TABLE `coms_delivery_type` ENABLE KEYS */;
UNLOCK TABLES;

--
-- Dumping data for table `coms_exam`
--

LOCK TABLES `coms_exam` WRITE;
/*!40000 ALTER TABLE `coms_exam` DISABLE KEYS */;
INSERT INTO `coms_exam` VALUES (157281,5,NULL,'BPMspace EXAM 157281',NULL,30,20,77),(157282,5,NULL,'BPMspace EXAM 157282',NULL,50,33,77),(157283,5,NULL,'BPMspace EXAM 157283',NULL,30,20,77),(157284,5,NULL,'BPMspace EXAM 157284',NULL,50,33,77),(157285,5,NULL,'BPMspace EXAM 157285',NULL,30,20,77),(157286,5,NULL,'BPMspace EXAM 157286',NULL,50,33,77),(157287,5,NULL,'BPMspace EXAM 157287',NULL,50,33,76),(157288,5,NULL,'BPMspace EXAM 157288',NULL,20,13,76),(157289,5,NULL,'BPMspace EXAM 157289',NULL,30,20,76),(157290,5,NULL,'BPMspace EXAM 157290',NULL,30,20,76),(157291,5,NULL,'BPMspace EXAM 157291',NULL,6,3,76),(157292,5,NULL,'BPMspace EXAM 157292',NULL,6,3,76),(157293,5,NULL,'BPMspace EXAM 157293',NULL,6,3,76),(157294,5,NULL,'BPMspace EXAM 157294',NULL,20,13,77),(157295,5,NULL,'BPMspace EXAM 157295',NULL,30,21,76),(157296,5,NULL,'BPMspace EXAM 157296',NULL,30,21,76),(157297,5,NULL,'BPMspace EXAM 157297',NULL,30,21,76),(157298,5,NULL,'BPMspace EXAM 157298',NULL,999,999,76),(157299,6,NULL,'BPMspace EXAM 157299',NULL,20,13,76),(157300,6,NULL,'BPMspace EXAM 157300',NULL,30,20,76),(157301,6,NULL,'BPMspace EXAM 157301',NULL,30,20,76),(157302,6,NULL,'BPMspace EXAM 157302',NULL,50,33,76),(157303,6,NULL,'BPMspace EXAM 157303',NULL,30,20,76),(157304,6,NULL,'BPMspace EXAM 157304',NULL,50,33,76),(157305,6,NULL,'BPMspace EXAM 157305',NULL,30,20,76),(157306,6,NULL,'BPMspace EXAM 157306',NULL,50,33,76),(157307,6,NULL,'BPMspace EXAM 157307',NULL,50,33,76),(157308,6,NULL,'BPMspace EXAM 157308',NULL,30,20,76),(157309,6,NULL,'BPMspace EXAM 157309',NULL,6,3,76),(157310,6,NULL,'BPMspace EXAM 157310',NULL,6,3,76),(157311,6,NULL,'BPMspace EXAM 157311',NULL,6,3,76),(157312,6,NULL,'BPMspace EXAM 157312',NULL,20,12,76),(157313,6,NULL,'BPMspace EXAM 157313',NULL,30,21,76),(157314,6,NULL,'BPMspace EXAM 157314',NULL,30,21,76),(157315,6,NULL,'BPMspace EXAM 157315',NULL,30,21,76),(157316,6,NULL,'BPMspace EXAM 157316',NULL,999,999,76),(157317,5,NULL,'BPMspace EXAM 157317',NULL,20,13,76),(157318,5,NULL,'BPMspace EXAM 157318',NULL,30,20,76),(157319,5,NULL,'BPMspace EXAM 157319',NULL,30,20,76),(157320,5,NULL,'BPMspace EXAM 157320',NULL,30,20,76);
/*!40000 ALTER TABLE `coms_exam` ENABLE KEYS */;
UNLOCK TABLES;

--
-- Dumping data for table `coms_exam_cert`
--

LOCK TABLES `coms_exam_cert` WRITE;
/*!40000 ALTER TABLE `coms_exam_cert` DISABLE KEYS */;
INSERT INTO `coms_exam_cert` VALUES (1,157281,7932573,'joined certificate with exam',95),(2,157282,7932573,'joined certificate with exam',95),(3,157302,7932573,'joined certificate with exam',95),(4,157281,7932574,'joined certificate with exam',95),(5,157301,7932574,'joined certificate with exam',95),(6,157284,7932575,'joined certificate with exam',95),(7,157304,7932575,'joined certificate with exam',95),(8,157283,7932576,'joined certificate with exam',95),(9,157303,7932576,'joined certificate with exam',95),(10,157286,7932577,'joined certificate with exam',95),(11,157306,7932577,'joined certificate with exam',95),(12,157287,7932578,'joined certificate with exam',95),(13,157307,7932578,'joined certificate with exam',95),(14,157285,7932579,'joined certificate with exam',95),(15,157305,7932579,'joined certificate with exam',95),(16,157288,7932581,'joined certificate with exam',95),(17,157299,7932581,'joined certificate with exam',95),(18,157289,7932580,'joined certificate with exam',95),(19,157300,7932580,'joined certificate with exam',95),(20,157294,7932587,'joined certificate with exam',95),(21,157312,7932587,'joined certificate with exam',95),(22,157295,7932588,'joined certificate with exam',95),(23,157313,7932588,'joined certificate with exam',95),(24,157296,7932589,'joined certificate with exam',95),(25,157314,7932589,'joined certificate with exam',95),(26,157297,7932590,'joined certificate with exam',95),(27,157315,7932590,'joined certificate with exam',95),(28,157293,7932594,'joined certificate with exam',95),(29,157311,7932594,'joined certificate with exam',95),(30,157292,7932595,'joined certificate with exam',95),(31,157310,7932595,'joined certificate with exam',95),(32,157291,7932596,'joined certificate with exam',95),(33,157309,7932596,'joined certificate with exam',95),(34,157290,7932597,'joined certificate with exam',95),(35,157308,7932597,'joined certificate with exam',95),(36,157317,7932616,'joined certificate with exam',95),(37,157318,7932623,'joined certificate with exam',95),(38,157319,7932625,'joined certificate with exam',95),(39,157284,7932570,'joined certificate with exam',95);
/*!40000 ALTER TABLE `coms_exam_cert` ENABLE KEYS */;
UNLOCK TABLES;

--
-- Dumping data for table `coms_exam_event`
--

LOCK TABLES `coms_exam_event` WRITE;
/*!40000 ALTER TABLE `coms_exam_event` DISABLE KEYS */;
INSERT INTO `coms_exam_event` VALUES (876043,157281,4,26539818,773533,17239803,0,'00Q3ENE0','adee7c8996cb8f30adb8f6188fd72828','712','2011-06-01 - [00Q3ENE0] - DE - BPMspace EXAM 157281 - Wright','2011-06-01 00:00:00',NULL,'Cum facilisis amet felis lorem inceptos mollis metus viverra. Aliquam velit praesent placerat felis metus odio orci felis orci etiam. Lectus semper sagittis mattis.',NULL,NULL,38),(876044,157281,5,26539816,773533,17239803,0,'00Q3EOK2','16b6991c49e4c0ee68b6b73f43221b93','930','2010-08-20 - [00Q3EOK2] - DE - BPMspace EXAM 157281 - Wright','2010-08-20 00:00:00',NULL,'Ridiculus consequat facilisi consequat praesent duis varius at metus. Integer sem tempus vestibulum duis cursus dolor magnis suscipit semper molestie. Faucibus ad curae; quam etiam cum tristique.',NULL,NULL,38),(876045,157281,5,26539816,773533,17239803,0,'00Q3EPJH','e4f007fa1870f77e23e0b772d5998202','937','2010-06-27 - [00Q3EPJH] - DE - BPMspace EXAM 157281 - Wright','2010-06-27 00:00:00',NULL,'Cras phasellus adipiscing amet cursus placerat vitae scelerisque at. Mattis posuere aenean aenean aptent dis scelerisque lacus pretium fusce montes phasellus semper adipiscing penatibus. Lacus eros aliquam in sem ullamcorper curae; amet purus nibh primis. ',NULL,NULL,38),(876046,157286,4,26539817,773532,17239804,0,'00Q3EPSQ','3924b2b371c5bdfe353b8405fa6a397e','234','2010-05-22 - [00Q3EPSQ] - DE - BPMspace EXAM 157286 - Wilson','2010-05-22 00:00:00',NULL,'Consequat bibendum at bibendum eget tincidunt quisque cum ligula. Quam eu diam amet pharetra euismod interdum convallis lorem ut fames posuere nunc aliquet. Laoreet dui risus est volutpat dictum varius curabitur velit habitant sollicitudin. Nam commodo sus',NULL,NULL,38),(876047,157286,4,26539817,773532,17239804,0,'00Q3ERAO','ac02866d7dbefb72f16db0468600057e','704','2011-07-09 - [00Q3ERAO] - DE - BPMspace EXAM 157286 - Wilson','2011-07-09 00:00:00',NULL,'Dolor lacus mauris euismod ullamcorper posuere semper ut eros. Penatibus tempus lacinia lacus tempor congue ultrices et nostra et mattis primis. Hymenaeos magna habitant facilisi.',NULL,NULL,39),(876048,157281,4,26539816,773532,17239816,0,'00Q3ERUP','545d6e6e30046688aef3fb4ff2f3a062','345','2011-03-03 - [00Q3ERUP] - DE - BPMspace EXAM 157281 - Wilson','2011-03-03 00:00:00',NULL,'Sed inceptos montes mollis ante orci auctor libero volutpat. Est integer diam porta vitae rutrum vitae morbi scelerisque hymenaeos lacus accumsan scelerisque. Luctus leo sapien odio.',NULL,NULL,38),(876049,157285,4,26539821,773532,17239804,0,'00Q3ETHB','1785a0490e60e5e811ed26badde7c30f','963','2011-12-19 - [00Q3ETHB] - DE - BPMspace EXAM 157285 - Wilson','2011-12-19 00:00:00',NULL,'Ipsum metus id fames lacus dis posuere vitae quam. Sodales rhoncus facilisis dolor congue vehicula lacus eros aliquet lacinia vitae odio eros in. Mauris diam.',NULL,NULL,38),(876050,157282,4,26539816,773532,17239808,0,'00Q3ETNB','260a20686699a2c268a7b42f1046fcd4','155','2011-01-18 - [00Q3ETNB] - DE - BPMspace EXAM 157282 - Wilson','2011-01-18 00:00:00',NULL,'Dictum dapibus felis arcu id pede dolor aenean montes. Justo elit viverra donec at proin lorem cras facilisi aptent integer sem tempus. Eros id auctor elementum volutpat.',NULL,NULL,38),(876051,157281,4,26539822,773532,17239811,0,'00Q3EUTM','5d6cd344cd48c922f235ddf9ab81a1b1','382','2010-11-10 - [00Q3EUTM] - DE - BPMspace EXAM 157281 - Wilson','2010-11-10 00:00:00',NULL,'Sociosqu duis netus eros nascetur ad ipsum vestibulum pede. Tristique ipsum fermentum in venenatis pharetra metus morbi dapibus elementum per. Fames molestie praesent ad urna nullam fringilla risus tristique.',NULL,NULL,38),(876052,157285,4,26539821,773532,17239804,0,'00Q3F073','1143b55af354b5111c92bcfd5ee4527e','707','2010-09-11 - [00Q3F073] - DE - BPMspace EXAM 157285 - Wilson','2010-09-11 00:00:00',NULL,'Ligula ornare ullamcorper orci litora habitant inceptos tortor feugiat. Proin sociis vestibulum id urna nam volutpat facilisis mi praesent accumsan ullamcorper nam aliquam massa. Nam mollis.',NULL,NULL,39),(876053,157294,4,26539818,773533,17239803,0,'00Q3F15M','a7b525f7a03bf13d41cf57f2338e85d5','686','2010-05-13 - [00Q3F15M] - DE - BPMspace EXAM 157294 - Wright','2010-05-13 00:00:00',NULL,'Fringilla elit duis hymenaeos curae; pretium consequat litora tristique. Curabitur erat semper fames class natoque morbi adipiscing luctus felis. Sociis placerat vivamus sociis dui neque elementum lorem nulla praesent. Lobortis cubilia fringilla elit eleif',NULL,NULL,38),(876054,157281,4,26539816,773532,17239805,0,'00Q3F231','98ac0e5f7d63501887085ad1e02c5c6a','625','2011-03-05 - [00Q3F231] - DE - BPMspace EXAM 157281 - Wilson','2011-03-05 00:00:00',NULL,'Sagittis praesent egestas venenatis diam vivamus integer aenean velit. Per erat elit lorem non nulla facilisi nulla dui dui lacus lorem blandit. Tincidunt hymenaeos cum ornare senectus cum facilisi adipiscing elementum. Taciti.',NULL,NULL,38),(876055,157285,4,26539816,773532,17239805,0,'00Q3F34J','aab8239440b3c0071b045f843d9dd27d','699','2012-04-25 - [00Q3F34J] - DE - BPMspace EXAM 157285 - Wilson','2012-04-25 00:00:00',NULL,'Senectus amet quisque pellentesque aptent etiam eleifend fringilla velit. Dictum luctus sociis proin diam porta vestibulum purus senectus tempor ultricies volutpat donec amet. Tempor nisl hymenaeos ad viverra tortor montes.',NULL,NULL,38),(876056,157281,4,26539820,773534,17239817,0,'00Q3F3I0','1f4b424508317849ed07536c0ef2bd89','128','2010-05-05 - [00Q3F3I0] - DE - BPMspace EXAM 157281 - Kelly','2010-05-05 00:00:00',NULL,'Ac sit consequat consequat eros ultrices sodales lobortis risus. Duis morbi blandit sed ridiculus leo tempus congue torquent cubilia ante sem. Conubia tristique cum aliquet pulvinar neque phasellus placerat laoreet aliquet ultricies.',NULL,NULL,38),(876057,157294,4,26539823,773532,17239818,0,'00Q3F53O','affe184daff45283b80395ad52d6ce5c','720','2011-05-12 - [00Q3F53O] - DE - BPMspace EXAM 157294 - Wilson','2011-05-12 00:00:00',NULL,'Lacus pulvinar laoreet ullamcorper faucibus sapien arcu ullamcorper integer. Vehicula augue morbi magnis sed nec libero metus enim phasellus. Mauris lacinia montes libero non posuere proin molestie litora pharetra at etiam dignissim congue. Nullam cursus v',NULL,NULL,38),(876058,157281,4,26539821,773532,17239804,0,'00Q3F61K','a50a9e170846ac56649c16398e191b6b','676','2010-10-03 - [00Q3F61K] - DE - BPMspace EXAM 157281 - Wilson','2010-10-03 00:00:00',NULL,'Tristique ad id scelerisque torquent auctor pharetra dolor vehicula. Tortor arcu nonummy tempor nascetur cursus curabitur eu vehicula tristique. Pharetra inceptos tincidunt etiam pretium risus pretium facilisi facilisis nullam elit habitant a. Rutrum ante ',NULL,NULL,38),(876059,157284,4,26539824,773532,17239806,0,'00Q3F6FL','1e85e8bb8ea09458f50d37ddc2b8af6e','125','2011-01-11 - [00Q3F6FL] - DE - BPMspace EXAM 157284 - Wilson','2011-01-11 00:00:00',NULL,'Donec tempor sagittis faucibus dictum vivamus id tristique laoreet. Sociis tincidunt vehicula class nonummy rutrum class congue euismod consectetuer pretium. Commodo.',NULL,NULL,38),(876060,157294,4,26539818,773532,17239802,0,'00Q3F88O','e8811c0018c82b285c329cf551793cae','952','2011-10-28 - [00Q3F88O] - DE - BPMspace EXAM 157294 - Wilson','2011-10-28 00:00:00',NULL,'Ullamcorper fames ridiculus varius ipsum donec semper lobortis suspendisse. At mollis magnis sit phasellus velit proin rutrum proin fermentum ipsum auctor cubilia mauris consequat. Aliquam ultrices mi suscipit porta urna natoque aliquet.',NULL,NULL,38),(876061,157295,4,26539818,773532,17239802,0,'00Q3F8FD','286400019bdb8fc38fd941a614690fd8','165','2011-04-27 - [00Q3F8FD] - DE - BPMspace EXAM 157295 - Wilson','2011-04-27 00:00:00',NULL,'Facilisi justo cursus nisl metus risus habitant justo accumsan. Aptent sociosqu aliquam odio commodo nibh orci litora hymenaeos lacus aliquet ut nec ante. Mi accumsan magna interdum montes massa torquent.',NULL,NULL,38),(876062,157296,4,26539818,773532,17239802,0,'00Q3F9GA','3540a91cbd17740eabec5b743febb750','218','2012-04-05 - [00Q3F9GA] - DE - BPMspace EXAM 157296 - Wilson','2012-04-05 00:00:00',NULL,'Sociis proin cursus orci primis placerat fames libero facilisi. Tempor urna aliquet interdum tincidunt elit nascetur at pellentesque consequat. Porta penatibus eros facilisi placerat.',NULL,NULL,39),(876063,157286,4,26539821,773532,17239804,0,'00Q3FB23','c6326e92a24628c1bc3e289b01a10a00','811','2011-07-09 - [00Q3FB23] - DE - BPMspace EXAM 157286 - Wilson','2011-07-09 00:00:00',NULL,'Nunc mollis quisque donec quis cum massa ante quis. Tellus luctus quis hendrerit mi morbi dapibus dui mus conubia vestibulum massa nec. Diam quisque est amet lectus aenean sollicitudin diam feugiat congue neque. Auctor pharetra dis ut congue primis feugiat',NULL,NULL,38),(876064,157282,4,26539835,773532,17239810,0,'00Q3FC5T','e9cf19f5b1934a4b71a49a407d4af677','957','2012-04-27 - [00Q3FC5T] - DE - BPMspace EXAM 157282 - Wilson','2012-04-27 00:00:00',NULL,'Fermentum laoreet dapibus nibh lectus justo purus magnis eget. Pede faucibus nascetur tellus pharetra sem a nec tellus orci nonummy congue.',NULL,NULL,38),(876065,157285,4,26539821,773532,17239804,0,'00Q3FD6A','f2b0f75da884d9e60aaeadbb2cb0ef0d','994','2011-10-25 - [00Q3FD6A] - DE - BPMspace EXAM 157285 - Wilson','2011-10-25 00:00:00',NULL,'Nostra viverra commodo molestie habitant dapibus scelerisque mattis congue. Vel non curabitur vitae lacus dictum parturient pretium parturient. Nisi orci lectus enim urna urna tellus nam cursus. In interdum sociis viverra.',NULL,NULL,38),(876066,157281,4,26539837,773534,17239817,0,'00Q3FE4S','ed4e2dc5563ba76ce0cb6f5c65f8ebde','972','2011-03-14 - [00Q3FE4S] - DE - BPMspace EXAM 157281 - Kelly','2011-03-14 00:00:00',NULL,'Proin aptent augue duis suscipit orci odio etiam luctus. Dignissim in iaculis pharetra fames malesuada nascetur feugiat varius pulvinar tempus dignissim. Tristique pede nisi vivamus convallis.',NULL,NULL,38),(876067,157282,4,26539838,773534,17239817,0,'00Q3FEL5','787ebaf72150100e6788cbe5f630b927','493','2011-10-13 - [00Q3FEL5] - DE - BPMspace EXAM 157282 - Kelly','2011-10-13 00:00:00',NULL,'Ut aenean fermentum molestie per scelerisque viverra molestie pharetra. Class ac primis nunc volutpat arcu feugiat ligula euismod blandit nec nisi erat massa. Dolor sapien hymenaeos.',NULL,NULL,39),(876068,157281,4,26539822,773532,17239811,0,'00Q3FFH6','5f4e6fbd0600472430e29e4fe7637a9e','390','2011-03-06 - [00Q3FFH6] - DE - BPMspace EXAM 157281 - Wilson','2011-03-06 00:00:00',NULL,'Tristique lacus interdum purus molestie ipsum ligula aenean rutrum. Torquent urna vestibulum augue lobortis augue ad sociosqu cum elit risus curae;.',NULL,NULL,38),(876069,157281,4,26539818,773532,17239802,0,'00Q3FGFC','5716971b7677c0f23e3c0420b322cf74','356','2011-04-04 - [00Q3FGFC] - DE - BPMspace EXAM 157281 - Wilson','2011-04-04 00:00:00',NULL,'Sapien litora turpis dolor erat per odio cursus ultrices. Sapien nunc rutrum accumsan pretium neque proin ultrices laoreet. Nonummy turpis pulvinar vel natoque velit congue per arcu est curabitur. Ligula facilisi cras semper penatibus turpis mus accumsan i',NULL,NULL,38),(876070,157299,4,26539827,773532,17239803,0,'00Q3FHJP','7f459aefb71f6c9326e34577991ab34a','521','2011-10-06 - [00Q3FHJP] - EN - BPMspace EXAM 157299 - Wilson','2011-10-06 00:00:00',NULL,'Lobortis curabitur in lorem dapibus lorem semper placerat ad. Varius pulvinar suscipit arcu proin mattis felis at ipsum. Sociosqu ridiculus habitant lectus congue et adipiscing fames litora hymenaeos litora dignissim nec fames. Cras et vehicula ultricies s',NULL,NULL,38),(876071,157300,4,26539827,773532,17239803,0,'00Q3FIGB','6a680c7347d1f285441e399284695a74','435','2011-01-05 - [00Q3FIGB] - EN - BPMspace EXAM 157300 - Wilson','2011-01-05 00:00:00',NULL,'Conubia gravida gravida porttitor magnis fusce egestas condimentum suscipit. Elit hendrerit aenean bibendum feugiat inceptos velit parturient in vel nulla enim integer duis ullamcorper. Tempus ornare nisl aptent luctus dui nullam mattis.',NULL,NULL,38),(876072,157314,4,26539839,773539,17239819,0,'00Q3FJBE','076521119b817c32a31be2c0b6e01e3c','302','2011-08-16 - [00Q3FJBE] - EN - BPMspace EXAM 157314 - Foster','2011-08-16 00:00:00',NULL,'Ornare condimentum neque neque curabitur amet ridiculus pretium facilisi. Pretium odio aenean elit conubia tristique cras a neque tempus placerat. Auctor tellus cubilia condimentum class cursus nam eu purus taciti consectetuer vestibulum molestie posuere. ',NULL,NULL,38),(876073,157312,4,26539839,773539,17239819,0,'00Q3FKKI','9713b7b9ba27e159ae89625b4143f7bd','618','2011-03-12 - [00Q3FKKI] - EN - BPMspace EXAM 157312 - Foster','2011-03-12 00:00:00',NULL,'Praesent neque purus a quisque semper scelerisque mus gravida. Hendrerit morbi pede per justo ad taciti eu sem. Nulla magna.',NULL,NULL,38),(876074,157281,4,26539821,773532,17239804,0,'00Q3FL8T','41b6aac72d6023fcb49fe9b1b09783ca','269','2011-06-03 - [00Q3FL8T] - DE - BPMspace EXAM 157281 - Wilson','2011-06-03 00:00:00',NULL,'Quisque vestibulum netus volutpat eget curabitur commodo aliquam tempor. Ridiculus adipiscing sapien tristique cubilia ac nisi vitae blandit molestie. Eget arcu nostra tristique per pharetra imperdiet sociosqu augue.',NULL,NULL,38),(876075,157289,4,26539829,773532,17239808,0,'00Q3FM6H','352353b5fa49c52fe15c8b3d71cf65d6','217','2012-01-30 - [00Q3FM6H] - DE - BPMspace EXAM 157289 - Wilson','2012-01-30 00:00:00',NULL,'Arcu tortor fringilla vehicula quisque vehicula luctus mi dis. Lectus venenatis mollis rutrum facilisis cursus ultrices consequat suscipit tortor varius. Fermentum mattis netus inceptos.',NULL,NULL,38),(876076,157289,4,26539817,773532,17239801,0,'00Q3FNHH','90c9df9b80110d99323b93cc749314ad','593','2010-09-25 - [00Q3FNHH] - DE - BPMspace EXAM 157289 - Wilson','2010-09-25 00:00:00',NULL,'Neque imperdiet curae; penatibus tincidunt lectus malesuada cursus id. Orci cursus ullamcorper auctor nostra suspendisse lobortis pretium eleifend a felis. Ullamcorper tellus non laoreet fames est lacinia eu dapibus ad nam purus amet. Suscipit etiam sodale',NULL,NULL,38),(876077,157281,4,26539816,773532,17239805,0,'00Q3FOP1','d17882acbac2c29d3fc36591b7f2ce3e','857','2011-09-30 - [00Q3FOP1] - DE - BPMspace EXAM 157281 - Wilson','2011-09-30 00:00:00',NULL,'Taciti ut class pede aenean curabitur porttitor ante convallis. Duis mauris tristique viverra enim eu pede lobortis fermentum eleifend dolor facilisi. Mattis turpis aliquam laoreet amet urna morbi ultricies a eget conubia velit leo facilisis dolor. Sodales',NULL,NULL,38),(876078,157294,4,26539837,773534,17239817,0,'00Q3FPL2','b81b2ddd15bae622dbca66c7451441ed','754','2011-12-02 - [00Q3FPL2] - DE - BPMspace EXAM 157294 - Kelly','2011-12-02 00:00:00',NULL,'Fames metus penatibus sem aliquam pulvinar nonummy senectus euismod. Ante felis lacinia cras libero semper purus et cubilia turpis consectetuer suspendisse vehicula diam aenean. A cubilia pretium dis scelerisque lacus.',NULL,NULL,38),(876079,157314,4,26539839,773539,17239819,0,'00Q3FQON','da962c2851c8a24af8fcd96d4b68d0c5','895','2011-09-29 - [00Q3FQON] - EN - BPMspace EXAM 157314 - Foster','2011-09-29 00:00:00',NULL,'Eleifend iaculis conubia montes fermentum ac aptent et dignissim. Blandit aptent accumsan tortor luctus pede tincidunt litora nulla. Suspendisse at rhoncus nunc suspendisse justo maecenas curabitur gravida et.',NULL,NULL,38),(876080,157294,4,26539840,773541,17239820,0,'00Q3FRR2','f2dba3c3cb1f62ca68a6a36c11239880','994','2010-12-17 - [00Q3FRR2] - DE - BPMspace EXAM 157294 - Simmons','2010-12-17 00:00:00',NULL,'Tellus auctor quis nascetur mollis vitae faucibus nonummy convallis. Scelerisque magnis aliquam porta lacus volutpat pretium nullam vestibulum volutpat aliquet eleifend aliquet massa. Interdum suspendisse condimentum vel ligula interdum parturient at id pa',NULL,NULL,38),(876082,157317,4,26539817,773532,17239801,0,'00Q3FT30','428f513801909630adcb6752c51b0d75','272','2010-05-18 - [00Q3FT30] - DE - BPMspace EXAM 157317 - Wilson','2010-05-18 00:00:00',NULL,'Urna lobortis mi eleifend nisi eu nulla eros libero. Ultricies et nisi cum vestibulum ipsum congue hendrerit ligula dictum natoque euismod. Tempus diam eleifend odio malesuada nam facilisi sed curae; imperdiet lacus.',NULL,NULL,38),(876083,157281,4,26539832,773532,17239816,0,'00Q3FTU3','21f2b13824be157dca6165b41921a848','139','2012-04-18 - [00Q3FTU3] - DE - BPMspace EXAM 157281 - Wilson','2012-04-18 00:00:00',NULL,'Erat hendrerit accumsan volutpat varius purus torquent eleifend magnis. Faucibus etiam maecenas morbi facilisis tempor maecenas quisque id netus sapien egestas primis viverra. Suscipit vivamus gravida risus suscipit ut cubilia tortor auctor pellentesque co',NULL,NULL,38),(876084,157284,4,26539817,773532,17239801,0,'00Q3FVEE','a7a7825fd0b9917d8c31b37866f3dad2','686','2011-10-24 - [00Q3FVEE] - DE - BPMspace EXAM 157284 - Wilson','2011-10-24 00:00:00',NULL,'Donec rhoncus egestas senectus libero quam lectus ullamcorper facilisi. Pretium leo amet turpis laoreet interdum praesent integer sociis venenatis hendrerit taciti et.',NULL,NULL,38),(876085,157294,4,26539827,773532,17239803,0,'00Q3G03J','58a4ad1adad261f66b0db030c7d88355','363','2011-11-06 - [00Q3G03J] - DE - BPMspace EXAM 157294 - Wilson','2011-11-06 00:00:00',NULL,'Nunc egestas eget lobortis odio sapien augue viverra primis. Dapibus suscipit rhoncus etiam augue natoque nibh eros molestie suspendisse pretium aliquet aenean. Auctor et convallis suspendisse ullamcorper volutpat eleifend dapibus cursus. Cum quam fames eu',NULL,NULL,38),(876086,157317,4,26539816,773532,17239805,0,'00Q3G0UN','3886e7a8f9704c6aa249592973fe7b77','231','2010-05-20 - [00Q3G0UN] - DE - BPMspace EXAM 157317 - Wilson','2010-05-20 00:00:00',NULL,'Malesuada urna dignissim curae; egestas odio mi placerat turpis. Nonummy orci ipsum class eros accumsan eu integer congue in nisi semper. Commodo neque nibh duis felis varius rhoncus ac proin orci aenean. Urna aptent maecenas.',NULL,NULL,38),(876087,157285,4,26539821,773532,17239804,0,'00Q3G2I2','d57453bf26e1380b4cba9f41d55af3ad','874','2010-10-23 - [00Q3G2I2] - DE - BPMspace EXAM 157285 - Wilson','2010-10-23 00:00:00',NULL,'At auctor cursus nulla nisl curabitur venenatis id venenatis. Pulvinar metus id facilisis integer bibendum egestas suspendisse parturient phasellus magna gravida eu integer. Lacinia proin ipsum sollicitudin adipiscing nec rutrum donec phasellus. Consectetu',NULL,NULL,38),(876088,157282,4,26539821,773532,17239804,0,'00Q3G38C','8f9063735ae5f971990ac8ff442a1973','588','2010-06-13 - [00Q3G38C] - DE - BPMspace EXAM 157282 - Wilson','2010-06-13 00:00:00',NULL,'Euismod imperdiet aenean ac vehicula pulvinar sociosqu viverra leo. Quam congue faucibus eleifend eget ligula nam leo molestie felis. Convallis nulla porta orci consectetuer pellentesque vivamus tristique nibh. Iaculis cursus purus donec sed justo orci viv',NULL,NULL,38),(876089,157284,4,26539818,773532,17239802,0,'00Q3G45V','82da9b04f59fb4b2e5296d8164131bb4','535','2012-04-18 - [00Q3G45V] - DE - BPMspace EXAM 157284 - Wilson','2012-04-18 00:00:00',NULL,'Cubilia et ut tellus mus convallis aenean pulvinar nulla. Neque egestas imperdiet elementum at nostra tempus nec egestas in est dignissim convallis congue cum. Ornare vivamus vivamus vitae ultricies porttitor quis parturient aenean cursus purus. Ullamcorpe',NULL,NULL,39),(876090,157282,4,26539818,773532,17239802,0,'00Q3G528','6b99df8e791bb48e6a82fa666cf83aea','440','2011-03-21 - [00Q3G528] - DE - BPMspace EXAM 157282 - Wilson','2011-03-21 00:00:00',NULL,'Cubilia ornare sed commodo auctor arcu class facilisis dolor. Accumsan porta litora dictum nascetur erat non erat lorem. Integer fames hendrerit suscipit dui mattis tempus ullamcorper urna ultrices semper fermentum. Sociis per tristique malesuada quisque f',NULL,NULL,38),(876091,157288,4,26539817,773532,17239801,0,'00Q3G5RV','405a261f5c82d45e47b8c7ffd5727f79','263','2012-04-17 - [00Q3G5RV] - DE - BPMspace EXAM 157288 - Wilson','2012-04-17 00:00:00',NULL,'Viverra dictum venenatis etiam malesuada nunc porta nisi tempus. Magna morbi eu rutrum arcu venenatis orci fringilla primis nunc volutpat augue interdum. Ornare varius ridiculus aenean sociosqu class vestibulum nec vel ante interdum suscipit bibendum solli',NULL,NULL,38),(876092,157288,4,26539829,773532,17239808,0,'00Q3G73J','81aa9402f564790e6bc34b6a1bb404f7','531','2010-12-04 - [00Q3G73J] - DE - BPMspace EXAM 157288 - Wilson','2010-12-04 00:00:00',NULL,'Nunc suspendisse integer ipsum suscipit ante pharetra etiam gravida. Litora nibh neque convallis ut euismod nunc fames odio est lacus feugiat hymenaeos semper.',NULL,NULL,38),(876093,157286,4,26539821,773532,17239804,0,'00Q3G7PO','3ad0ed368a440939095fc633a44da5d6','240','2010-05-11 - [00Q3G7PO] - DE - BPMspace EXAM 157286 - Wilson','2010-05-11 00:00:00',NULL,'Aliquam fermentum molestie penatibus rutrum tincidunt commodo sociosqu tempus. Venenatis aptent in quisque ornare vivamus vel sociis fames aenean eleifend blandit quam magna diam. Nisl pretium sit vestibulum inceptos adipiscing vel posuere porta hendrerit ',NULL,NULL,38),(876095,157285,4,26539842,773532,17239801,0,'00Q3GA2S','8dc01ea9c14e6453d191b05dd1522c75','580','2010-09-05 - [00Q3GA2S] - DE - BPMspace EXAM 157285 - Wilson','2010-09-05 00:00:00',NULL,'Torquent sit litora sed pellentesque ullamcorper nibh donec eros. Nonummy ad et fames pretium phasellus eu hendrerit ut nostra eu nam urna. Eget conubia velit lacus eleifend turpis sollicitudin mauris adipiscing. Senectus id lacinia vehicula mauris posuere',NULL,NULL,38),(876096,157281,4,26539836,773532,17239813,0,'00Q3GB6E','af620d66e3586ccba78a1ab4b7db806d','718','2011-03-03 - [00Q3GB6E] - DE - BPMspace EXAM 157281 - Wilson','2011-03-03 00:00:00',NULL,'Neque dictum donec lobortis porttitor curabitur ornare sagittis volutpat. Consequat purus hymenaeos neque scelerisque etiam a curabitur risus laoreet semper sapien molestie. Praesent scelerisque suspendisse ullamcorper volutpat eleifend diam dolor luctus q',NULL,NULL,38),(876097,157312,4,26539839,773539,17239819,0,'00Q3GBPU','085df9e0d408780539b03f67fb9070ea','342','2012-03-24 - [00Q3GBPU] - EN - BPMspace EXAM 157312 - Foster','2012-03-24 00:00:00',NULL,'Egestas auctor porta facilisi id vestibulum quis suscipit accumsan. Ipsum neque penatibus nullam cras sapien neque malesuada purus elementum vestibulum.',NULL,NULL,38),(876098,157282,4,26539829,773532,17239808,0,'00Q3GD3N','10989cebb4fb705295e148e8c7ef8ad4','679','2010-08-21 - [00Q3GD3N] - DE - BPMspace EXAM 157282 - Wilson','2010-08-21 00:00:00',NULL,'Quam eleifend ullamcorper tempor odio neque velit blandit natoque. Curae; commodo accumsan rhoncus sapien phasellus ante dictum ridiculus fermentum facilisis mollis rhoncus. Tincidunt proin accumsan sodales donec malesuada suspendisse semper mattis bibendu',NULL,NULL,38),(876099,157289,4,26539842,773532,17239808,0,'00Q3GDJR','2fb345a4b66e568d33f9ff2a31f05039','195','2011-12-05 - [00Q3GDJR] - DE - BPMspace EXAM 157289 - Wilson','2011-12-05 00:00:00',NULL,'Hendrerit urna non eget fringilla vitae tristique netus dolor. Pede mus rhoncus dolor phasellus suspendisse elementum nonummy habitant turpis. Semper nam fermentum vehicula sapien convallis est varius ultrices risus conubia fames. Sed nisi nascetur aliquam',NULL,NULL,38),(876100,157281,4,26539821,773532,17239804,0,'00Q3GET5','7e67ffa32505fa27606f747feadf1f63','517','2011-07-03 - [00Q3GET5] - DE - BPMspace EXAM 157281 - Wilson','2011-07-03 00:00:00',NULL,'Commodo netus nullam imperdiet aenean volutpat tristique mus adipiscing. Fermentum dapibus torquent vestibulum dapibus velit etiam mattis porttitor accumsan vehicula praesent. Nec nullam lacus egestas suspendisse nunc netus aenean in sollicitudin commodo v',NULL,NULL,38),(876101,157283,4,26539824,773532,17239806,0,'00Q3GFI5','2e4011e4883f04d0b99bbb834c40ddc8','189','2010-12-05 - [00Q3GFI5] - DE - BPMspace EXAM 157283 - Wilson','2010-12-05 00:00:00',NULL,'Luctus vehicula fusce suscipit elit per ornare dui congue. Hendrerit velit quis tempor convallis aliquam rhoncus proin imperdiet porta hymenaeos porttitor libero congue eget. Imperdiet lobortis dictum metus aliquet parturient curabitur semper nonummy non.',NULL,NULL,38),(876102,157285,4,26539821,773532,17239804,0,'00Q3GH9O','ec8429883f9d1cbfc4672fff38dd3a1c','968','2010-10-01 - [00Q3GH9O] - DE - BPMspace EXAM 157285 - Wilson','2010-10-01 00:00:00',NULL,'Magnis risus lacinia quisque nam massa sociosqu placerat vel. Pede dis vivamus gravida quisque rutrum orci suspendisse id euismod fermentum quisque sociosqu. Bibendum orci viverra accumsan.',NULL,NULL,38),(876103,157281,4,26539816,773532,17239805,0,'00Q3GHN3','6094de57b08e416075ff514752527283','395','2010-07-13 - [00Q3GHN3] - DE - BPMspace EXAM 157281 - Wilson','2010-07-13 00:00:00',NULL,'Vivamus nam sociosqu metus auctor senectus tortor aliquam luctus. Suspendisse montes consequat volutpat nisl aliquam hymenaeos praesent malesuada fringilla. Ultrices ante mattis id fusce netus torquent purus aenean ullamcorper. Rutrum interdum odio accumsa',NULL,NULL,38),(876104,157281,4,26539837,773534,17239817,0,'00Q3GID6','fa564b65911df15cd6e1a25f7e56fae1','102','2010-08-05 - [00Q3GID6] - DE - BPMspace EXAM 157281 - Kelly','2010-08-05 00:00:00',NULL,'Proin sed sit praesent consectetuer lacinia quis metus fringilla. Nibh netus dapibus commodo volutpat pharetra lacus auctor commodo. Congue posuere eleifend aliquam lobortis dolor odio nisl at nam. Curae; conubia cum iaculis inceptos sollicitudin augue soc',NULL,NULL,38),(876105,157282,4,26539838,773534,17239817,0,'00Q3GJIU','4bdf296f8c974c66fcd5d8689f02522b','310','2011-05-08 - [00Q3GJIU] - DE - BPMspace EXAM 157282 - Kelly','2011-05-08 00:00:00',NULL,'Arcu cursus ornare quam sapien pulvinar faucibus gravida risus. Accumsan libero donec placerat suspendisse eget natoque cras a nisi velit adipiscing elementum convallis ut. Posuere parturient convallis posuere cubilia non non dis dapibus eu tristique. Pell',NULL,NULL,38),(876106,157281,4,26539822,773532,17239811,0,'00Q3GL6A','e8fac8dc4f20cdedbfe70e5774d2aadf','954','2012-03-23 - [00Q3GL6A] - DE - BPMspace EXAM 157281 - Wilson','2012-03-23 00:00:00',NULL,'Ac praesent neque purus vivamus porta montes nisi iaculis. Cubilia netus malesuada praesent class fringilla in ullamcorper libero. A non aenean fringilla nibh urna ultrices sapien duis porttitor taciti elementum. Eget id dis sociosqu nunc odio facilisi nas',NULL,NULL,38),(876107,157282,4,26539821,773532,17239804,0,'00Q3GLVP','bbd9871fb3b0272dfd7cb9324c9a5826','769','2011-06-13 - [00Q3GLVP] - DE - BPMspace EXAM 157282 - Wilson','2011-06-13 00:00:00',NULL,'Eros vel viverra augue lectus ultricies habitant venenatis sagittis. Sit ad nulla amet imperdiet quis nunc turpis orci. Nisl magnis orci quisque taciti ante ornare commodo mus litora orci sociosqu. Sociosqu in justo tortor eros nonummy euismod nisl convall',NULL,NULL,38),(876108,157312,4,26539843,773539,17239821,0,'00Q3GMO9','87209bd4fe3bbad8265f8c71238998f8','553','2011-09-03 - [00Q3GMO9] - EN - BPMspace EXAM 157312 - Foster','2011-09-03 00:00:00',NULL,'Morbi a imperdiet tempor eros pellentesque natoque sociosqu magna. Cubilia vestibulum leo eros volutpat dictum vehicula dis consectetuer adipiscing quis praesent felis laoreet dolor. Volutpat senectus conubia dictum molestie commodo ultricies fermentum sol',NULL,NULL,38),(876109,157313,4,26539839,773539,17239819,0,'00Q3GNEJ','4132844009829ee0783f6b4adb193fe4','267','2011-01-27 - [00Q3GNEJ] - EN - BPMspace EXAM 157313 - Foster','2011-01-27 00:00:00',NULL,'Quisque magna conubia donec orci nonummy conubia sed orci. Augue a quis sagittis penatibus a volutpat velit sit erat sapien egestas pretium vel. Dolor cursus eleifend per placerat lectus class cursus morbi eleifend montes vivamus felis. Eget eleifend maece',NULL,NULL,38),(876110,157314,4,26539843,773539,17239819,0,'00Q3GOBE','2e7e2d1776c1d22f8722ebdfa4ddd293','190','2010-06-30 - [00Q3GOBE] - EN - BPMspace EXAM 157314 - Foster','2010-06-30 00:00:00',NULL,'Mauris consequat at vitae phasellus massa litora ridiculus magnis. Dictum mollis conubia aliquam sapien tempus ad libero cursus. At sed sem parturient sollicitudin eu.',NULL,NULL,38),(876111,157317,4,26539816,773532,17239805,0,'00Q3GPAD','2c5d6d1d489148ed4c16c31e21f114ad','181','2012-01-17 - [00Q3GPAD] - DE - BPMspace EXAM 157317 - Wilson','2012-01-17 00:00:00',NULL,'Parturient ut proin sollicitudin arcu quam neque orci malesuada. Eget mi ultrices arcu mi lectus nostra rutrum aptent urna mattis proin. Molestie egestas metus turpis adipiscing inceptos taciti dictum faucibus ad. Orci semper.',NULL,NULL,38),(876112,157284,4,26539821,773532,17239804,0,'00Q3GQ8A','21cfc7c46d5df744386c8269eac5269e','138','2010-08-27 - [00Q3GQ8A] - DE - BPMspace EXAM 157284 - Wilson','2010-08-27 00:00:00',NULL,'Erat elit litora morbi habitant convallis nullam pretium pulvinar. Maecenas quisque inceptos pede convallis per accumsan accumsan aenean condimentum litora vehicula. Commodo fusce integer venenatis pede inceptos vestibulum pharetra metus.',NULL,NULL,38),(876113,157288,4,26539818,773532,17239802,0,'00Q3GRF6','5d518a4eaf88b54c3c5dc160b843f3c2','382','2011-05-28 - [00Q3GRF6] - DE - BPMspace EXAM 157288 - Wilson','2011-05-28 00:00:00',NULL,'Aliquam sapien taciti varius conubia semper posuere commodo hymenaeos. Ligula pulvinar fusce maecenas in magnis eu vel ut sociis hymenaeos euismod. Vitae scelerisque.',NULL,NULL,39),(876114,157289,4,26539818,773532,17239802,0,'00Q3GSHI','75bee1c670088e7ce57f713453656499','482','2010-06-14 - [00Q3GSHI] - DE - BPMspace EXAM 157289 - Wilson','2010-06-14 00:00:00',NULL,'Fermentum tristique nec convallis venenatis libero felis elit euismod. Praesent laoreet volutpat porta mattis leo per augue hymenaeos natoque quis auctor class erat. Eros fames proin quis netus odio lobortis inceptos nascetur. Metus pede quis scelerisque p',NULL,NULL,39),(876115,157281,4,26539832,773532,17239816,0,'00Q3GTT3','155f295648470d24d0a74e9512f30570','875','2010-08-01 - [00Q3GTT3] - DE - BPMspace EXAM 157281 - Wilson','2010-08-01 00:00:00',NULL,'Morbi ridiculus eleifend suspendisse non libero lacinia quam mattis. Torquent odio malesuada natoque iaculis consectetuer malesuada conubia cursus leo. Elit blandit porta elit consequat tincidunt augue pretium in quis nullam tempus montes aliquet. Quam ame',NULL,NULL,38),(876116,157285,4,26539821,773532,17239804,0,'00Q3GU7O','34d5b6635f8e1fce3124d673c01b66d6','216','2010-05-21 - [00Q3GU7O] - DE - BPMspace EXAM 157285 - Wilson','2010-05-21 00:00:00',NULL,'Torquent eu purus suspendisse class tincidunt curabitur conubia cursus. Sagittis nascetur lobortis nostra porta ornare curabitur sit per ullamcorper mus viverra. Nibh a enim erat mi suscipit porttitor velit pharetra nam.',NULL,NULL,38),(876117,157289,4,26539816,773532,17239805,0,'00Q3GVIK','8fb7ab3788ac8d73e9d4691783cf96ee','588','2011-10-12 - [00Q3GVIK] - DE - BPMspace EXAM 157289 - Wilson','2011-10-12 00:00:00',NULL,'Nisi consequat semper proin duis torquent senectus lacus odio. Sit euismod venenatis vitae viverra ad consequat natoque lobortis nisl odio inceptos adipiscing vehicula phasellus. Velit volutpat blandit lorem arcu ultrices justo faucibus faucibus nullam dui',NULL,NULL,38),(876118,157318,4,26539845,773542,17239822,0,'00Q3H09B','4cf8ba4f31bfda590b33e052718f3de3','315','2011-12-11 - [00Q3H09B] - DE - BPMspace EXAM 157318 - Morgan','2011-12-11 00:00:00',NULL,'Ullamcorper sapien eget quisque consequat felis eleifend egestas justo. Penatibus elementum cursus conubia conubia etiam volutpat cras posuere cubilia nibh. Suspendisse proin auctor diam pede ridiculus tincidunt convallis.',NULL,NULL,38),(876119,157294,4,26539846,773545,17239824,0,'00Q3H11V','1929c865b1059156874944e2ddf61161','103','2010-05-06 - [00Q3H11V] - DE - BPMspace EXAM 157294 - Martin','2010-05-06 00:00:00',NULL,'Consectetuer posuere dolor taciti pulvinar condimentum felis erat gravida. Risus accumsan praesent nascetur pede nullam curabitur tincidunt vitae eget duis interdum hymenaeos nonummy velit. Ante euismod euismod nisi class phasellus curae; quis euismod diam',NULL,NULL,38),(876120,157288,4,26539837,773534,17239817,0,'00Q3H2PL','d828751a64896562c8c53c1b7d4df62a','885','2011-02-11 - [00Q3H2PL] - DE - BPMspace EXAM 157288 - Kelly','2011-02-11 00:00:00',NULL,'Nisi mauris risus habitant laoreet blandit curabitur mauris congue. Posuere molestie metus a lobortis facilisis consequat posuere dolor. Per sit condimentum ante vehicula nibh.',NULL,NULL,39),(876121,157289,4,26539837,773534,17239817,0,'00Q3H3JI','117391e83fb6c3778417706ee5854d83','714','2010-07-11 - [00Q3H3JI] - DE - BPMspace EXAM 157289 - Kelly','2010-07-11 00:00:00',NULL,'Felis lacinia cras ligula sodales taciti sed leo risus. Montes venenatis eget elementum mauris sociosqu pede sagittis venenatis lorem libero sit sapien. Bibendum urna laoreet fringilla in ultricies malesuada per ullamcorper morbi vitae enim. Sollicitudin f',NULL,NULL,39),(876123,157285,4,26539842,773544,17239825,0,'00Q3H5KI','c1ea2622416f024d446622ccdf367ec3','794','2011-02-17 - [00Q3H5KI] - DE - BPMspace EXAM 157285 - Simmons','2011-02-17 00:00:00',NULL,'Ornare curabitur semper odio primis primis luctus cursus justo. Nullam lacus eget tellus placerat sollicitudin diam gravida diam suspendisse risus felis elit. Pellentesque massa magnis venenatis hymenaeos tristique libero mauris egestas.',NULL,NULL,39),(876124,157281,4,26539842,773544,17239825,0,'00Q3H63G','42874ecba6fdd5a8dafc0e5c2d3d20b6','272','2011-07-08 - [00Q3H63G] - DE - BPMspace EXAM 157281 - Simmons','2011-07-08 00:00:00',NULL,'Pede libero elementum suspendisse non ligula lacus ridiculus netus. Hymenaeos ultricies natoque amet mi magna suscipit sociis nibh lobortis mollis euismod sollicitudin. Hendrerit nullam class netus nunc lectus.',NULL,NULL,38),(876125,157282,4,26539842,773544,17239825,0,'00Q3H70D','302a34040317a9df97ffd5914745edef','197','2010-11-08 - [00Q3H70D] - DE - BPMspace EXAM 157282 - Simmons','2010-11-08 00:00:00',NULL,'Eleifend curae; consequat congue dui posuere ultrices magnis pharetra. Porttitor pellentesque elementum diam dis laoreet nascetur molestie venenatis enim gravida.',NULL,NULL,39),(876126,157301,4,26539827,773532,17239803,0,'00Q3H8E3','a0ec5d4ebe265dd99044def2ea8c4519','659','2012-04-24 - [00Q3H8E3] - EN - BPMspace EXAM 157301 - Wilson','2012-04-24 00:00:00',NULL,'Non euismod odio faucibus parturient hendrerit sed vehicula hendrerit. Molestie tortor turpis suscipit mus dis fermentum aliquam dolor turpis vel ante in ridiculus posuere. Arcu non sodales interdum luctus curae; integer maecenas eget porta. Aenean pede du',NULL,NULL,38),(876127,157302,4,26539827,773532,17239803,0,'00Q3H9MF','e841265996301d875c60a21c9dba0504','951','2011-08-23 - [00Q3H9MF] - EN - BPMspace EXAM 157302 - Wilson','2011-08-23 00:00:00',NULL,'Consectetuer cras hendrerit hendrerit praesent metus leo ornare urna. Scelerisque sociosqu scelerisque maecenas accumsan nonummy ad est facilisi pede lectus dignissim nunc nisl. Ridiculus mi fames venenatis tristique nullam laoreet enim vitae. Sed neque lu',NULL,NULL,38),(876128,157320,4,26539837,773534,17239817,0,'00Q3H9TN','2cd3ae27564b6b8bb5cef372b37fa979','183','2011-02-28 - [00Q3H9TN] - DE - BPMspace EXAM 157320 - Kelly','2011-02-28 00:00:00',NULL,'Rhoncus elementum tristique sed fames congue odio suspendisse inceptos. Posuere lectus amet ultrices lorem nec luctus odio sapien amet sodales. Torquent eget lobortis nulla proin scelerisque.',NULL,NULL,38),(876129,157284,4,26539829,773532,17239808,0,'00Q3HBBC','9d3d76c031572912c24a49e80e57ffac','644','2011-12-10 - [00Q3HBBC] - DE - BPMspace EXAM 157284 - Wilson','2011-12-10 00:00:00',NULL,'Posuere pharetra eu id ad velit quisque ut integer. Odio posuere nullam ad dis ultrices aenean inceptos sollicitudin commodo. Ligula integer nulla ut senectus faucibus augue litora aptent turpis inceptos eget velit cras sem. Quis taciti augue sapien.',NULL,NULL,38),(876130,157281,4,26539816,773532,17239805,0,'00Q3HC84','89d82fb0787ac0686a34e6d3480aa1ee','564','2011-10-28 - [00Q3HC84] - DE - BPMspace EXAM 157281 - Wilson','2011-10-28 00:00:00',NULL,'Lobortis euismod arcu libero aliquet tellus enim nostra hendrerit. Non duis etiam pulvinar suspendisse bibendum sodales vivamus in velit parturient ipsum aptent aptent conubia. Volutpat mus quisque cursus morbi eleifend.',NULL,NULL,38),(876131,157286,4,26539821,773532,17239804,0,'00Q3HDB1','a670ff191303176524067faebd373370','681','2011-05-28 - [00Q3HDB1] - DE - BPMspace EXAM 157286 - Wilson','2011-05-28 00:00:00',NULL,'Eu maecenas mus felis vehicula sagittis condimentum curae; magna. Elementum integer enim augue nunc ultricies quis vivamus pede hymenaeos sit ante rutrum rhoncus maecenas. Aliquet ultrices massa pulvinar dis quis dui ridiculus elementum. Pretium ut morbi t',NULL,NULL,38),(876132,157281,4,26539818,773533,17239816,0,'00Q3HDUK','4b54e0ed4ccea8d8510ab290f54cbc29','308','2011-11-15 - [00Q3HDUK] - DE - BPMspace EXAM 157281 - Wright','2011-11-15 00:00:00',NULL,'Nullam nibh aptent mauris interdum lobortis condimentum curabitur litora. Praesent convallis mauris dapibus feugiat consequat nunc sed cras eros tristique purus volutpat quisque. Rhoncus lacinia.',NULL,NULL,38),(876133,157285,4,26539816,773532,17239805,0,'00Q3HFEF','cce7de9c722c454cc98fa340b4985890','839','2011-11-24 - [00Q3HFEF] - DE - BPMspace EXAM 157285 - Wilson','2011-11-24 00:00:00',NULL,'Vitae tincidunt metus ultricies blandit pellentesque auctor hendrerit natoque. Dolor ornare pede iaculis sollicitudin cubilia cursus lacus nisl quam ut leo interdum penatibus. Sagittis lobortis vehicula imperdiet aliquam amet congue laoreet sem rutrum. Com',NULL,NULL,38),(876134,157281,4,26539821,773532,17239804,0,'00Q3HFO6','24c083775a4986020a03a956fec480ae','150','2011-04-09 - [00Q3HFO6] - DE - BPMspace EXAM 157281 - Wilson','2011-04-09 00:00:00',NULL,'Aenean tincidunt habitant condimentum lorem aliquam quam penatibus commodo. Cum eu venenatis viverra ante etiam enim lacinia gravida maecenas gravida fames. Nam.',NULL,NULL,38),(876135,157285,4,26539821,773532,17239804,NULL,'00Q3HGMD','1ca3421f0b513a13cb7c43174ca2e9a0','117','2010-11-27 - [00Q3HGMD] - DE - BPMspace EXAM 157285 - Wilson','2010-11-27 00:00:00',NULL,'Aliquam senectus aenean pellentesque enim erat montes ultricies accumsan. Lacus elit velit auctor magnis duis nullam magna mollis duis magnis. Molestie eros porttitor purus nulla tempus mus class sit suscipit sem luctus vehicula fermentum. Ultrices etiam n',NULL,NULL,38),(876136,157281,4,26539837,773534,17239817,NULL,'00Q3HICF','cef6a124a10ada25a9288ef9b32281f2','847','2010-06-20 - [00Q3HICF] - DE - BPMspace EXAM 157281 - Kelly','2010-06-20 00:00:00',NULL,'Interdum odio volutpat at fusce mauris mollis cras congue. Eu aptent laoreet vivamus odio enim fusce ut penatibus. Scelerisque felis dis accumsan magna.',NULL,NULL,38),(876137,157320,4,26539837,773534,17239817,NULL,'00Q3HJ1I','7f9174a1b5f5c28b916023ecc2d0d3c6','522','2011-02-06 - [00Q3HJ1I] - DE - BPMspace EXAM 157320 - Kelly','2011-02-06 00:00:00',NULL,'Dis natoque eros nisl eget habitant aptent eleifend accumsan. Pulvinar odio vivamus accumsan class libero vehicula justo duis sociosqu mus. Malesuada sed morbi facilisi sollicitudin hendrerit enim dapibus conubia congue. Natoque fames sociosqu eros.',NULL,NULL,85),(876138,157283,4,26539824,773532,17239806,NULL,'00Q3HK6G','01b857fae297bc29219a6b267a094ea6','704','2011-12-07 - [00Q3HK6G] - DE - BPMspace EXAM 157283 - Wilson','2011-12-07 00:00:00',NULL,'Pharetra rutrum taciti vestibulum et leo id natoque praesent. Et praesent ridiculus porta dolor torquent tempor posuere ullamcorper ligula malesuada cras duis pellentesque placerat. Eget rhoncus.',NULL,NULL,38),(876139,157317,4,26539816,773532,17239805,NULL,'00Q3HKTQ','6de72d9414135f8f71d5e84a6aa74d93','450','2010-08-13 - [00Q3HKTQ] - DE - BPMspace EXAM 157317 - Wilson','2010-08-13 00:00:00',NULL,'Nullam ultrices pretium sollicitudin augue sollicitudin ad montes ornare. Eget eleifend magna proin dui suscipit orci ornare fusce primis odio accumsan cras. Tincidunt lobortis odio sem cubilia fames blandit molestie inceptos gravida.',NULL,NULL,38),(876140,157318,4,26539847,773543,17239827,NULL,'00Q3HLQJ','5a97f4f35f5ea4f01a1183b1f3954e13','371','2011-06-25 - [00Q3HLQJ] - DE - BPMspace EXAM 157318 - Hall','2011-06-25 00:00:00',NULL,'Litora sagittis nascetur ligula natoque maecenas porta auctor enim. Massa hendrerit et fames porta nisl torquent penatibus pharetra. Velit nostra dictum auctor sit tristique at nostra tellus mi a. Cras lacus porta elementum class quisque mi feugiat auctor ',NULL,NULL,38),(876141,157318,4,26539847,773543,17239827,NULL,'00Q3HN3V','a9cd9d5173b0feb7b1385aed0858829f','695','2010-06-22 - [00Q3HN3V] - DE - BPMspace EXAM 157318 - Hall','2010-06-22 00:00:00',NULL,'Non gravida ullamcorper morbi vitae eros hymenaeos amet conubia. Dapibus fermentum condimentum nascetur malesuada sapien magnis ante sed tempus a fusce. Nam nunc mauris ornare pretium parturient convallis pharetra adipiscing arcu enim at netus proin. Fring',NULL,NULL,38),(876142,157318,4,26539847,773543,17239826,NULL,'00Q3HNSN','770a374a80a5f0a88a2c3c427e0a674e','487','2012-03-22 - [00Q3HNSN] - DE - BPMspace EXAM 157318 - Hall','2012-03-22 00:00:00',NULL,'Sociosqu a maecenas ipsum nibh pulvinar ullamcorper id conubia. Dapibus feugiat convallis placerat at enim arcu mus nascetur dapibus dictum ipsum. Dis molestie amet parturient curabitur sapien metus donec magna sagittis mauris dignissim. Mollis ipsum lacus',NULL,NULL,38),(876143,157281,4,26539820,773534,17239817,NULL,'00Q3HOG0','fe3ca1d647b4d092d6304fc2497b25ec','104','2011-11-21 - [00Q3HOG0] - DE - BPMspace EXAM 157281 - Kelly','2011-11-21 00:00:00',NULL,'Augue montes luctus pulvinar eu donec cursus eleifend penatibus. Facilisi magna morbi eu risus aliquet taciti eget mollis viverra gravida quam praesent. Nonummy ac dis varius curabitur varius.',NULL,NULL,38),(876144,157320,4,26539829,773532,17239808,NULL,'00Q3HQ52','c3d397cdd75b0469b2098238e77433b2','802','2010-11-09 - [00Q3HQ52] - DE - BPMspace EXAM 157320 - Wilson','2010-11-09 00:00:00',NULL,'Nisi mus vitae eget donec habitant cras ornare sociis. Ornare nascetur sodales nascetur et pharetra nisl vel vitae adipiscing. Sodales phasellus ullamcorper mauris scelerisque lorem vehicula hendrerit ultricies nec. Purus leo velit malesuada nibh.',NULL,NULL,38),(876145,157320,4,26539818,773532,17239802,NULL,'00Q3HQOI','68318adf93cfe8cecdeaad804ce335b4','426','2011-04-03 - [00Q3HQOI] - DE - BPMspace EXAM 157320 - Wilson','2011-04-03 00:00:00',NULL,'Fringilla aptent eros curae; ad nisi ultricies suspendisse molestie. Porttitor hendrerit penatibus facilisis maecenas massa auctor suscipit augue. Senectus per varius penatibus mollis pellentesque proin parturient class massa dui natoque donec fringilla. E',NULL,NULL,38),(876146,157282,4,26539842,773544,17239825,NULL,'00Q3HRI6','3c276b0d0010aeac7bd46b633f944e65','246','2011-09-20 - [00Q3HRI6] - DE - BPMspace EXAM 157282 - Simmons','2011-09-20 00:00:00',NULL,'Curae; auctor tellus cras blandit aenean taciti erat phasellus. Fusce pellentesque facilisis mattis odio pharetra magnis lacinia nisl rhoncus adipiscing sit bibendum. Gravida venenatis scelerisque condimentum convallis.',NULL,NULL,38),(876147,157285,4,26539842,773544,17239825,NULL,'00Q3HT52','d57dfde80ff9d75674084a6e2f11547c','874','2011-01-23 - [00Q3HT52] - DE - BPMspace EXAM 157285 - Simmons','2011-01-23 00:00:00',NULL,'Vitae ornare fermentum parturient faucibus nisl auctor nec nullam. Faucibus elit eu pharetra neque sit laoreet orci vehicula semper elit quisque. Cras litora sollicitudin tempus tempus rhoncus dapibus nec fusce. Tellus leo.',NULL,NULL,38),(876148,157281,4,26539822,773532,17239811,NULL,'00Q3HTSK','9962a55da16e68646bfea3badd3060de','628','2011-06-21 - [00Q3HTSK] - DE - BPMspace EXAM 157281 - Wilson','2011-06-21 00:00:00',NULL,'Vestibulum et lectus hendrerit maecenas fusce erat est natoque. Maecenas facilisi aliquet fermentum maecenas libero ridiculus montes inceptos. Laoreet dictum nunc nunc erat imperdiet convallis mollis etiam sapien conubia. Urna tincidunt ornare netus vel an',NULL,NULL,38),(876149,157286,4,26539849,773532,17239829,NULL,'00Q3HULP','69c2170c25bcefce97fb0603be175f6b','433','2011-10-27 - [00Q3HULP] - DE - BPMspace EXAM 157286 - Wilson','2011-10-27 00:00:00',NULL,'Posuere sapien sociis sapien magna aliquam pretium mauris in. Ridiculus pretium facilisis fringilla quis scelerisque primis enim arcu nec penatibus. Dictum volutpat lectus dignissim orci ornare feugiat phasellus lobortis elementum sem gravida facilisi. Fau',NULL,NULL,38),(876150,157281,4,26539842,773544,17239825,NULL,'00Q3I018','c9554ac5bb82c720d5cbd16b2866adfe','824','2012-04-09 - [00Q3I018] - DE - BPMspace EXAM 157281 - Simmons','2012-04-09 00:00:00',NULL,'Pretium aliquet adipiscing a ultricies parturient magnis maecenas ultrices. Dictum gravida cursus semper nisi mattis quis erat aliquam in. Vitae lacus dignissim pede quam risus ornare tortor mus arcu pede convallis pharetra accumsan. Viverra ut.',NULL,NULL,38),(876151,157281,4,26539821,773532,17239804,NULL,'00Q3I13G','e0a80ad6bec1684d801a9b2ecc7e57b4','920','2011-10-13 - [00Q3I13G] - DE - BPMspace EXAM 157281 - Wilson','2011-10-13 00:00:00',NULL,'Tempus volutpat fringilla pellentesque hendrerit rhoncus quisque molestie gravida. Quam etiam cras suspendisse tincidunt tellus placerat suscipit dis ipsum. Ad quisque quam lobortis aptent tristique iaculis condimentum lectus suspendisse accumsan magna. In',NULL,NULL,38),(876152,157283,4,26539824,773532,17239806,NULL,'00Q3I1DC','39cf5d81b5eafda68de78ff5a29cea5f','236','2011-07-13 - [00Q3I1DC] - DE - BPMspace EXAM 157283 - Wilson','2011-07-13 00:00:00',NULL,'Varius magnis nulla nunc faucibus ornare fermentum parturient feugiat. Fermentum nunc dolor consectetuer vestibulum mauris odio pellentesque laoreet cras lacinia penatibus congue. Hendrerit curae; pulvinar duis tempus quisque cum luctus ultrices dictum cur',NULL,NULL,38),(876153,157281,4,26539838,773534,17239829,NULL,'00Q3I2ET','4baa49900326cfb6d9c34b4c2e82b584','309','2010-06-06 - [00Q3I2ET] - DE - BPMspace EXAM 157281 - Kelly','2010-06-06 00:00:00',NULL,'Cursus sollicitudin quis egestas sociosqu mus elementum molestie ut. Quis lectus tristique eget lacus leo ultricies fringilla tempus. Lectus ultrices fermentum sociis duis neque enim mattis risus integer nullam. Ullamcorper porttitor sagittis sit rhoncus i',NULL,NULL,38),(876154,157281,4,26539837,773534,17239817,NULL,'00Q3I3SE','bb07175a02dbe246b07fc03a37cbfbfd','766','2011-09-19 - [00Q3I3SE] - DE - BPMspace EXAM 157281 - Kelly','2011-09-19 00:00:00',NULL,'Nibh cum vivamus maecenas laoreet praesent facilisi fermentum pulvinar. Luctus curae; id integer sollicitudin bibendum suscipit amet parturient curabitur scelerisque mollis etiam risus. Volutpat ridiculus tortor cursus cras dignissim montes consequat accum',NULL,NULL,38),(876155,157282,4,26539837,773534,17239817,NULL,'00Q3I4NR','0fb7d76211261426bc29c705bacb184d','643','2011-02-28 - [00Q3I4NR] - DE - BPMspace EXAM 157282 - Kelly','2011-02-28 00:00:00',NULL,'Convallis leo sagittis orci sollicitudin feugiat bibendum leo varius. Enim viverra duis congue tortor diam dignissim lacus nam malesuada sit. Proin quam.',NULL,NULL,39),(876156,157320,4,26539837,773534,17239817,NULL,'00Q3I5BS','456f03ed7186b6c03d96b8ef64443233','284','2011-06-08 - [00Q3I5BS] - DE - BPMspace EXAM 157320 - Kelly','2011-06-08 00:00:00',NULL,'Tellus suscipit pede purus pulvinar litora aptent urna mattis. Congue imperdiet nec primis ullamcorper lacinia fermentum iaculis suspendisse donec litora pede vel rutrum. Tincidunt faucibus tempus massa suscipit rhoncus etiam commodo parturient. Ac amet du',NULL,NULL,39),(876157,157320,4,26539837,773534,17239817,NULL,'00Q3I67F','0419510d1fc8277ce85f66d9a8e07c34','167','2012-03-30 - [00Q3I67F] - DE - BPMspace EXAM 157320 - Kelly','2012-03-30 00:00:00',NULL,'Ridiculus luctus amet semper velit hendrerit tempus hymenaeos curabitur. Aptent dapibus placerat varius parturient ligula eu augue molestie justo magna diam libero. Blandit.',NULL,NULL,38),(876159,157281,4,26539846,773545,17239824,NULL,'00Q3I8FO','7560d4895ec67766e4bf07c95d1ee239','480','2011-02-09 - [00Q3I8FO] - DE - BPMspace EXAM 157281 - Martin','2011-02-09 00:00:00',NULL,'Eros eros mauris risus hendrerit libero cursus magnis vel. Quis sapien posuere diam quis elementum ut viverra convallis porta class. Parturient consectetuer nonummy praesent purus nec orci mauris nullam nisi condimentum. Interdum ridiculus penatibus alique',NULL,NULL,38),(876160,157281,4,26539842,773532,17239829,NULL,'00Q3I99D','499d28f77cf903614af01f2935282f10','301','2011-12-16 - [00Q3I99D] - DE - BPMspace EXAM 157281 - Wilson','2011-12-16 00:00:00',NULL,'Dolor lacinia malesuada egestas nullam magnis nam fames suspendisse. Iaculis pellentesque elementum dignissim eleifend nonummy iaculis viverra suspendisse fermentum ante. Eget fermentum ultricies phasellus orci dapibus ultrices commodo pulvinar inceptos. M',NULL,NULL,38),(876161,157282,4,26539824,773532,17239806,NULL,'00Q3IAN2','ba1b6df2175551a4e4c22c49b0fc9955','762','2012-01-19 - [00Q3IAN2] - DE - BPMspace EXAM 157282 - Wilson','2012-01-19 00:00:00',NULL,'Fusce habitant primis nibh rhoncus augue augue dapibus nostra. Arcu mus neque elit massa quisque faucibus eu magna natoque in eget vitae. Cras ante sociis ad netus tempus parturient orci eros imperdiet. Iaculis mus orci netus vestibulum consectetuer pellen',NULL,NULL,38),(876162,157281,4,26539821,773532,17239804,NULL,'00Q3IB1L','f7a49f68917a3d4e96767c6c2a854aa3','101','2011-04-04 - [00Q3IB1L] - DE - BPMspace EXAM 157281 - Wilson','2011-04-04 00:00:00',NULL,'Rutrum aenean sapien tempor adipiscing magna fusce enim elit. Orci sapien aliquet senectus vivamus luctus interdum nibh quam vitae parturient habitant. Tellus ac lacus condimentum enim ultricies tristique purus accumsan sem aliquet quam ornare ac. Ipsum rh',NULL,NULL,38),(876163,157312,4,26539839,773539,17239819,NULL,'00Q3ICIF','a1f7ff051c4c58bae1def6de7eb6294e','663','2010-12-04 - [00Q3ICIF] - EN - BPMspace EXAM 157312 - Foster','2010-12-04 00:00:00',NULL,'A auctor iaculis nonummy velit viverra amet eros dictum. At venenatis odio euismod mollis sapien integer netus proin. In diam purus diam pede risus tristique dignissim eleifend nonummy habitant ultrices nam aliquam magnis. Elementum diam dignissim interdum',NULL,NULL,38),(876164,157285,4,26539842,773532,17239829,NULL,'00Q3ID16','20c5d71dbbbcd58511b1f5861070360a','134','2010-07-28 - [00Q3ID16] - DE - BPMspace EXAM 157285 - Wilson','2010-07-28 00:00:00',NULL,'Urna porttitor primis molestie libero odio tempor luctus proin. Aptent mollis massa torquent volutpat et in condimentum inceptos nullam. Vestibulum vel suscipit lacus montes leo nibh nulla habitant tincidunt integer facilisi faucibus pellentesque ipsum. Ul',NULL,NULL,38),(876165,157294,4,26539824,773532,17239806,NULL,'00Q3IEHF','a5d495149affebea0d41e85e5f49d911','679','2010-07-24 - [00Q3IEHF] - DE - BPMspace EXAM 157294 - Wilson','2010-07-24 00:00:00',NULL,'Natoque bibendum pretium id porttitor interdum tincidunt erat nisl. Integer erat congue sagittis nisl ornare lobortis fusce feugiat nulla. Pulvinar fringilla lobortis facilisis consectetuer placerat conubia nam ipsum. Nibh taciti neque euismod porttitor pe',NULL,NULL,38),(876166,157317,4,26539816,773532,17239805,NULL,'00Q3IFNA','d984734edc975e04fb868056de1bc901','890','2010-11-09 - [00Q3IFNA] - DE - BPMspace EXAM 157317 - Wilson','2010-11-09 00:00:00',NULL,'Lorem viverra montes pulvinar augue dictum pharetra tempor feugiat. Ante elit bibendum penatibus congue nam ligula neque mus. Inceptos ut molestie sit nam facilisi semper dui nibh. Tellus id eros dignissim cum dis.',NULL,NULL,38),(876167,157284,4,26539829,773532,17239808,NULL,'00Q3IGC8','88e17c975673d89addf8c1932bf3ec2e','560','2011-05-16 - [00Q3IGC8] - DE - BPMspace EXAM 157284 - Wilson','2011-05-16 00:00:00',NULL,'Montes orci nonummy congue proin feugiat leo eget senectus. Placerat dictum sit nisi massa porttitor aliquam amet conubia mauris cursus.',NULL,NULL,38),(876168,157281,4,26539842,773532,17239829,NULL,'00Q3IHL0','d2fcd077596bfba17d3ed27017d3a857','864','2010-12-08 - [00Q3IHL0] - DE - BPMspace EXAM 157281 - Wilson','2010-12-08 00:00:00',NULL,'Curae; quisque fringilla imperdiet torquent habitant at et dictum. Ut integer dapibus phasellus turpis mattis sapien lobortis ullamcorper. Faucibus ultricies.',NULL,NULL,38),(876169,157281,4,26539838,773534,17239817,NULL,'00Q3II4R','5aa35f2ea62ffe1442d8ab553acec30e','371','2011-10-06 - [00Q3II4R] - DE - BPMspace EXAM 157281 - Kelly','2011-10-06 00:00:00',NULL,'Scelerisque nullam purus sollicitudin ac massa luctus suspendisse tincidunt. Placerat suscipit dis lacinia malesuada eleifend placerat quisque pulvinar ipsum sed sit primis cum neque. Lectus tempor blandit senectus sociosqu proin curabitur natoque in donec',NULL,NULL,38),(876170,157281,4,26539842,773532,17239825,NULL,'00Q3IJA7','8a8eb1781907336803e17faf88b1f2aa','567','2011-09-02 - [00Q3IJA7] - DE - BPMspace EXAM 157281 - Wilson','2011-09-02 00:00:00',NULL,'Cras nulla phasellus neque sociis laoreet parturient viverra vivamus. Rhoncus adipiscing sed vel id ac turpis mus ad lacus augue.',NULL,NULL,38),(876171,157281,4,26539842,773532,17239825,NULL,'00Q3IK48','61e59f296d018b4db3577a78f83f52b0','400','2010-07-25 - [00Q3IK48] - DE - BPMspace EXAM 157281 - Wilson','2010-07-25 00:00:00',NULL,'Inceptos ultrices lectus ipsum primis leo volutpat penatibus imperdiet. Etiam proin sollicitudin arcu pulvinar mi in id porttitor laoreet ac quis ridiculus nisl phasellus. Diam urna cum varius etiam morbi.',NULL,NULL,33),(876172,157281,4,26539850,773546,17239829,NULL,'00Q3ILGB','c624761a76ea939855c52d6f5ddc4be4','811','2012-02-27 - [00Q3ILGB] - DE - BPMspace EXAM 157281 - Hall','2012-02-27 00:00:00',NULL,'Taciti nibh fringilla torquent magnis quisque feugiat imperdiet tristique. Erat congue rutrum netus nascetur aptent nostra tristique penatibus pede euismod. Magna ad odio cubilia sapien nascetur lacinia interdum rhoncus nullam sociosqu fames. Diam sollicit',NULL,NULL,38),(876173,157286,4,26539842,773544,17239825,NULL,'00Q3IM8S','91a78a9f84bfa48743b6ee262392245b','596','2011-11-02 - [00Q3IM8S] - DE - BPMspace EXAM 157286 - Simmons','2011-11-02 00:00:00',NULL,'Purus ullamcorper hendrerit aliquam condimentum laoreet sit taciti suscipit. Quis sagittis pharetra aptent eget vivamus elementum erat morbi venenatis donec consequat a. Dolor augue scelerisque quisque lacus sit tellus tempor ridiculus elementum taciti nul',NULL,NULL,33),(876174,157282,4,26539842,773532,17239825,NULL,'00Q3INE2','c000bcfc9f76d8f8c5771b425219f60c','786','2011-10-10 - [00Q3INE2] - DE - BPMspace EXAM 157282 - Wilson','2011-10-10 00:00:00',NULL,'Nec ad imperdiet sollicitudin condimentum vivamus nisl aptent luctus. Nunc mollis rutrum felis eget dis fames ultricies primis suspendisse. Aliquam scelerisque torquent augue porttitor facilisis integer augue donec. Hendrerit ipsum vehicula morbi tellus pu',NULL,NULL,33),(876175,157281,4,26539816,773532,17239805,NULL,'00Q3IO4K','7c2a657bfd04cd0002ecc3fb5a1ecf61','508','2011-03-23 - [00Q3IO4K] - DE - BPMspace EXAM 157281 - Wilson','2011-03-23 00:00:00',NULL,'Porta tempor fames tincidunt mollis ac lectus cum ligula. Ornare suscipit fringilla congue morbi interdum hymenaeos non varius ullamcorper purus vestibulum orci facilisi. Tempus rhoncus diam.',NULL,NULL,38),(876176,157285,4,26539821,773532,17239804,NULL,'00Q3ION6','fa018bcd6f3179096e3a7977d24f474f','102','2011-07-06 - [00Q3ION6] - DE - BPMspace EXAM 157285 - Wilson','2011-07-06 00:00:00',NULL,'Felis gravida ridiculus sociosqu tempor tempus rhoncus donec praesent. Quis sodales velit et luctus mus fusce amet dui turpis ut venenatis ad dapibus sit. Pede laoreet cursus mollis dictum fames viverra adipiscing.',NULL,NULL,38),(876177,157281,4,26539852,773544,17239829,NULL,'00Q3IQBM','bf06294c0e3c1b1b083e1de3c23c2282','782','2010-08-22 - [00Q3IQBM] - DE - BPMspace EXAM 157281 - Simmons','2010-08-22 00:00:00',NULL,'Ante cubilia neque lorem nibh nam accumsan in tortor. Viverra varius quis vehicula magna natoque integer eros cras torquent augue. Feugiat malesuada magna vel fermentum quis scelerisque pulvinar fames faucibus nullam eget elit nam. Mollis morbi consequat v',NULL,NULL,38),(876178,157312,4,26539839,773539,17239819,NULL,'00Q3IR26','7a9eb2c6704a25bd7dcb3c2873a1f89d','502','2012-03-04 - [00Q3IR26] - EN - BPMspace EXAM 157312 - Foster','2012-03-04 00:00:00',NULL,'Blandit convallis ipsum nulla turpis placerat purus ornare a. Eros cursus aliquam pharetra faucibus mi per senectus class. Pede habitant quisque rhoncus nam luctus porta class hymenaeos molestie nascetur duis interdum iaculis orci. Nisi penatibus neque tem',NULL,NULL,38),(876179,157313,4,26539839,773539,17239819,NULL,'00Q3ISEA','023b5c12479e20dcdc769ef99984223b','914','2011-04-09 - [00Q3ISEA] - EN - BPMspace EXAM 157313 - Foster','2011-04-09 00:00:00',NULL,'Morbi habitant conubia nibh nascetur ante natoque phasellus pulvinar. Tristique per parturient elit et nostra eu natoque vitae dis aptent pharetra enim. Eu sem donec non integer dapibus per tempor hendrerit cum. Ultricies nostra fames per lorem felis digni',NULL,NULL,33),(876180,157314,4,26539839,773539,17239819,NULL,'00Q3ISOC','39a070fc00bc5036c2f64619e5c8c569','236','2012-03-15 - [00Q3ISOC] - EN - BPMspace EXAM 157314 - Foster','2012-03-15 00:00:00',NULL,'Hymenaeos porttitor libero consequat et a dapibus tempor tempor. Consectetuer gravida in tellus egestas massa sit ornare rhoncus tempus congue tristique.',NULL,NULL,33),(876181,157315,4,26539839,773539,17239819,NULL,'00Q3IU22','8b4e261f44e1c7bb31aee84aa87e828b','570','2010-10-04 - [00Q3IU22] - EN - BPMspace EXAM 157315 - Foster','2010-10-04 00:00:00',NULL,'Auctor gravida massa luctus tellus urna ante litora convallis. Blandit nam metus ultricies bibendum nullam tincidunt nec dolor euismod sodales. Facilisi id vestibulum quisque tempor consequat venenatis luctus lorem ultricies.',NULL,NULL,33),(876182,157281,4,26539842,773532,17239829,NULL,'00Q3IUO0','42732a37c4637033b567d0783422fd4d','272','2010-10-13 - [00Q3IUO0] - DE - BPMspace EXAM 157281 - Wilson','2010-10-13 00:00:00',NULL,'Bibendum id nulla vivamus at imperdiet pharetra eu iaculis. Tristique mi tristique velit class neque nostra gravida tincidunt. Interdum rhoncus nullam sodales gravida dis varius conubia senectus primis dictum. Class.',NULL,NULL,38),(876183,157286,4,26539821,773532,17239804,NULL,'00Q3IVQ4','590704910ebb08c2fe59d69c815378bf','364','2010-11-25 - [00Q3IVQ4] - DE - BPMspace EXAM 157286 - Wilson','2010-11-25 00:00:00',NULL,'Sollicitudin sodales pellentesque semper at tincidunt enim neque cum. Non accumsan eget consectetuer torquent consectetuer ultrices erat mattis. Imperdiet mus nulla lorem luctus vel.',NULL,NULL,33),(876184,157282,4,26539821,773532,17239804,NULL,'00Q3J0U8','7f0fc08964c7bfd82c9d9d6a72c2af13','520','2011-01-23 - [00Q3J0U8] - DE - BPMspace EXAM 157282 - Wilson','2011-01-23 00:00:00',NULL,'Porta nulla accumsan dolor velit dui dictum et sem. Quisque commodo dui quisque cursus nam eu quisque velit mi. Augue dis quis dictum parturient pulvinar pulvinar lorem consectetuer dignissim nibh integer donec sociosqu. Integer eget vel commodo orci ultri',NULL,NULL,33),(876185,157318,4,26539832,773543,17239816,NULL,'00Q3J1UG','86e83f944bc7be16c88cb5a6d179e971','552','2011-11-08 - [00Q3J1UG] - DE - BPMspace EXAM 157318 - Hall','2011-11-08 00:00:00',NULL,'Iaculis ante cum non nec ante morbi nascetur dignissim. Primis suspendisse convallis class at arcu congue iaculis mauris libero. Cras nulla placerat non ut tempus nonummy interdum dapibus penatibus sodales dui mauris. Cubilia ultrices dictum curabitur elei',NULL,NULL,39),(876186,157318,4,26539832,773543,17239816,NULL,'00Q3J2JQ','394e0edff8747c6508e355a6bab42934','234','2012-03-27 - [00Q3J2JQ] - DE - BPMspace EXAM 157318 - Hall','2012-03-27 00:00:00',NULL,'Ac consectetuer nascetur luctus pharetra volutpat ullamcorper nostra fusce. Cum et torquent pede nullam curae; ultrices consequat sodales tellus sit mauris class ultrices. Vehicula pretium quis nostra semper elit risus curae; lorem suspendisse tortor. Ultr',NULL,NULL,33),(876187,157281,4,26539842,773544,17239829,NULL,'00Q3J3MN','55c96eab076a3ef44721e4ddf2ef22b7','351','2011-11-27 - [00Q3J3MN] - DE - BPMspace EXAM 157281 - Simmons','2011-11-27 00:00:00',NULL,'Quisque gravida laoreet congue est ad etiam fusce tellus. Cras orci sem congue convallis fringilla et habitant vel posuere porta. Sapien sodales sociosqu ornare purus rutrum phasellus class interdum praesent interdum. Augue sit tristique amet mattis ipsum ',NULL,NULL,33),(876188,157281,4,26539853,773547,17239831,NULL,'00Q3J56Q','d96dbe183733db32fff63e4d1394f48f','890','2011-07-29 - [00Q3J56Q] - DE - BPMspace EXAM 157281 - White','2011-07-29 00:00:00',NULL,'Porta dapibus rhoncus faucibus et justo eros auctor natoque. Lacus elit velit bibendum metus hendrerit egestas aliquet morbi non integer curae; nulla. Fermentum.',NULL,NULL,33);
/*!40000 ALTER TABLE `coms_exam_event` ENABLE KEYS */;
UNLOCK TABLES;

--
-- Dumping data for table `coms_exam_exam`
--

LOCK TABLES `coms_exam_exam` WRITE;
/*!40000 ALTER TABLE `coms_exam_exam` DISABLE KEYS */;
/*!40000 ALTER TABLE `coms_exam_exam` ENABLE KEYS */;
UNLOCK TABLES;

--
-- Dumping data for table `coms_exam_training`
--

LOCK TABLES `coms_exam_training` WRITE;
/*!40000 ALTER TABLE `coms_exam_training` DISABLE KEYS */;
/*!40000 ALTER TABLE `coms_exam_training` ENABLE KEYS */;
UNLOCK TABLES;

--
-- Dumping data for table `coms_exam_version`
--

LOCK TABLES `coms_exam_version` WRITE;
/*!40000 ALTER TABLE `coms_exam_version` DISABLE KEYS */;
INSERT INTO `coms_exam_version` VALUES (6712465,157281,'SET 6712465',104),(6712466,157281,'SET 6712466',104);
/*!40000 ALTER TABLE `coms_exam_version` ENABLE KEYS */;
UNLOCK TABLES;

--
-- Dumping data for table `coms_language`
--

LOCK TABLES `coms_language` WRITE;
/*!40000 ALTER TABLE `coms_language` DISABLE KEYS */;
INSERT INTO `coms_language` VALUES (5,'deutsch','DE',107),(6,'english','EN',107),(7,'francais','FR',107),(8,'espanol','ES',107);
/*!40000 ALTER TABLE `coms_language` ENABLE KEYS */;
UNLOCK TABLES;

--
-- Dumping data for table `coms_participant`
--

LOCK TABLES `coms_participant` WRITE;
/*!40000 ALTER TABLE `coms_participant` DISABLE KEYS */;
INSERT INTO `coms_participant` VALUES (1,0,5,'female','Griffin','Steven',0,'Turpis','Nisi','1986-05-14','66664',110),(112913,0,5,'male','Bryant','Maria',0,'Nonummy','Dolor','1993-06-25','51040',110),(112914,0,5,'male','Turner','Sarah',0,'Mauris','Elit','1994-07-31','55207',110),(112915,0,5,'male','Barnes','Elizabeth',0,'Aptent','Elit','1990-12-07','28041',110),(112916,0,5,'female','Diaz','Scott',0,'Vestibulum','Euismod','1981-11-21','69459',110),(112917,0,5,'male','Thomas','Jeffrey',0,'Habitant','Urna','1993-12-11','73423',110),(112918,0,5,'male','Mitchell','Betty',0,'Sit','Cum','1976-12-15','63861',110),(112919,0,5,'female','Gray','Thomas',0,'Torquent','Imperdiet','1994-08-26','4164',110),(112921,0,5,'male','Baker','Catherine',0,'Sem','Inceptos','1988-08-17','18989',110),(112922,0,5,'female','Lewis','Richard',0,'Ligula','Ad','1978-08-31','82450',110),(112924,0,5,'male','King','James',0,'Nostra','Inceptos','1975-08-01','70662',110),(112925,0,5,'male','Reed','Kathleen',0,'Nostra','Neque','1976-03-05','11082',110),(112926,0,5,'male','Kelly','Angela',0,'Ornare','Arcu','1979-03-21','33176',110),(112927,0,5,'male','Green','Charles',0,'Vestibulum','Ligula','1980-05-18','37758',110),(112928,0,5,'male','Taylor','Raymond',0,'Enim','Mus','1988-08-16','89263',110),(112929,0,5,'male','Scott','Rebecca',0,'Ullamcorper','Natoque','1995-02-22','48415',110),(112930,0,5,'male','Brooks','Raymond',0,'Nam','Natoque','1993-10-25','69163',110),(112931,0,5,'male','Cox','Laura',0,'Aliquam','Feugiat','1977-02-18','10822',110),(112932,0,5,'male','Bailey','Gregory',0,'Cursus','Mauris','1988-07-30','36370',110),(112933,0,5,'male','Carter','Joyce',0,'Per','Rutrum','1993-01-07','54509',110),(112934,0,5,'male','Evans','Joshua',0,'Eleifend','Aliquam','1994-12-10','68560',110),(112935,0,5,'male','Phillips','Kenneth',0,'Faucibus','Pulvinar','1994-01-22','84400',110),(112936,0,5,'male','Barnes','Charles',0,'Fringilla','Integer','1977-03-14','26570',110),(112938,0,5,'female','Flores','Thomas',0,'Posuere','Cubilia','1984-06-25','69400',110),(112939,0,5,'male','Green','Brian',0,'Elit','Lectus','1993-01-04','77542',110),(112940,0,5,'female','Anderson','Douglas',0,'Vel','Metus','1979-07-07','84636',110),(112941,0,5,'male','Murphy','Sandra',0,'Duis','Quisque','1978-08-19','803',110),(112942,0,5,'male','Martin','Mark',0,'Mollis','Per','1980-04-13','34732',110),(112943,0,5,'female','Miller','Angela',0,'Rutrum','Eleifend','1978-01-08','76379',110),(112944,0,5,'male','Price','Michelle',0,'Rutrum','Integer','1993-10-28','87949',110),(112945,0,5,'male','Adams','John',0,'Convallis','Venenatis','1985-12-17','20859',110),(112946,0,5,'male','Diaz','Ruth',0,'Interdum','Fringilla','1990-12-23','30197',110),(112947,0,5,'male','Jones','Peter',0,'Condimentum','Morbi','1977-11-22','88411',110),(112948,0,5,'female','Russell','Deborah',0,'In','Luctus','1981-04-19','66837',110),(112949,0,5,'male','Ward','Brian',0,'Quisque','Leo','1988-11-12','68953',110),(112950,0,5,'male','Wood','Marie',0,'Pharetra','Vel','1975-05-13','49381',110),(112951,0,5,'female','Hughes','Anthony',0,'Consectetuer','Sed','1992-02-19','40045',110),(112952,0,5,'male','Walker','Kathleen',0,'At','Sociis','1986-03-12','52084',110),(112953,0,5,'male','Flores','Stephanie',0,'Porta','Ante','1977-11-18','45409',110),(112954,0,5,'male','Allen','Arthur',0,'A','Velit','1984-08-07','70795',110),(112955,0,5,'male','Butler','Susan',0,'Sapien','Feugiat','1991-10-12','27997',110),(112956,0,5,'female','Williams','Eric',0,'Ultricies','Primis','1991-07-18','22476',110),(112957,0,5,'male','Phillips','Stephanie',0,'Laoreet','Laoreet','1993-01-08','28388',110),(112958,0,5,'male','Butler','Catherine',0,'Penatibus','Ipsum','1982-08-30','74512',110),(112959,0,5,'male','Young','George',0,'Nam','Class','1985-02-16','2774',110),(112960,0,5,'female','Bell','Sarah',0,'Eget','Luctus','1989-08-29','74957',110),(112961,0,5,'male','Ramirez','Carol',0,'Ligula','Aliquet','1987-05-07','81839',110),(112962,0,5,'male','Russell','Barbara',0,'Velit','Rhoncus','1995-02-01','89449',110),(112963,0,5,'male','Baker','Harold',0,'Rutrum','Tincidunt','1980-11-05','11981',110),(112964,0,5,'female','Clark','Christopher',0,'Mollis','Magnis','1992-10-26','76180',110),(112965,0,5,'female','Alexander','Thomas',0,'Nibh','Donec','1977-11-15','60335',110),(112966,0,5,'male','Murphy','Cynthia',0,'Nascetur','Inceptos','1983-01-28','73133',110),(112967,0,5,'male','Robinson','Stephanie',0,'Dapibus','Mattis','1978-07-31','89788',110),(112968,0,5,'male','Smith','Gary',0,'Felis','Lobortis','1994-07-06','39790',110),(112969,0,5,'female','Murphy','Linda',0,'Imperdiet','Mi','1986-10-15','24464',110),(112970,0,5,'male','Bell','Thomas',0,'Libero','Tempus','1981-04-23','2948',110),(112971,0,5,'male','Simmons','Virginia',0,'Primis','Sapien','1993-06-30','36224',110),(112972,0,5,'male','Bennett','Jennifer',0,'Blandit','Inceptos','1979-03-01','77403',110),(112974,0,5,'male','Kelly','Maria',0,'Varius','Primis','1975-05-04','88591',110),(112975,0,5,'male','Gray','Sarah',0,'Nunc','Iaculis','1990-01-25','20998',110),(112976,0,5,'male','Gonzalez','Rebecca',0,'Felis','Dui','1977-06-26','28968',110),(112977,0,5,'male','Edwards','Richard',0,'Maecenas','Ad','1985-01-20','81844',110),(112978,0,5,'female','Stewart','William',0,'Est','Suspendisse','1990-07-09','37692',110),(112979,0,5,'male','Griffin','Eric',0,'Lobortis','Lorem','1988-09-03','37805',110),(112980,0,5,'female','Taylor','Sarah',0,'Pellentesque','Class','1993-02-26','75950',110),(112981,0,5,'male','Reed','William',0,'Pellentesque','Mollis','1981-08-21','76585',110),(112982,0,5,'female','Richardson','Dorothy',0,'Ut','Metus','1982-07-14','60198',110),(112983,0,5,'male','Walker','Susan',0,'Praesent','Tincidunt','1986-08-25','71239',110),(112984,0,5,'male','Hughes','Pamela',0,'Ultricies','Metus','1991-05-11','80723',110),(112985,0,5,'male','Murphy','Shirley',0,'Conubia','Mauris','1987-08-12','151',110),(112986,0,5,'female','Bell','Linda',0,'Luctus','Lorem','1989-12-14','43210',110),(112987,0,5,'male','Bennett','Stephen',0,'Convallis','Arcu','1992-04-21','25846',110),(112988,0,5,'male','Perez','Cynthia',0,'Augue','Diam','1989-10-18','94479',110),(112989,0,5,'male','Hall','Richard',0,'Suscipit','Pulvinar','1981-07-31','15354',110),(112990,0,5,'male','Lee','Karen',0,'Blandit','Pellentesque','1979-08-21','77960',110),(112993,0,5,'male','Scott','Robert',0,'Volutpat','Malesuada','1992-08-11','59115',110),(112994,0,5,'female','Anderson','Carl',0,'Tristique','Pretium','1978-06-11','61694',110),(112995,0,5,'male','Bell','Anthony',0,'Quis','Bibendum','1985-04-09','36249',110),(112996,0,5,'male','Lee','Andrew',0,'Quam','Sem','1982-01-02','91041',110),(112997,0,5,'male','Ross','John',0,'Inceptos','Phasellus','1977-06-16','61835',110),(112998,0,5,'male','Cooper','Walter',0,'Leo','Odio','1993-03-15','36049',110),(112999,0,5,'	male	','Martinez','Nancy',0,'Lectus','Sollicitudin','1987-06-13','89618',110),(113000,0,5,'	male	','Morris','Carolyn',0,'Metus','Dis','1991-10-23','55318',110),(113001,0,5,'	female	','Patterson','Marie',0,'Facilisi','Est','1994-05-26','7738',110),(113002,0,5,'	female	','Lopez','Gregory',0,'Eros','Morbi','1977-05-29','62485',110),(113003,0,5,'	female	','Evans','Michael',0,'Integer','Ultrices','1987-10-10','4587',110),(113004,0,5,'	male	','Parker','Kimberly',0,'Nibh','Placerat','1992-05-19','25230',110),(113005,0,5,'	male	','Flores','Catherine',0,'Suspendisse','Suscipit','1985-01-17','17515',110),(113007,0,5,'	male	','Nelson','Gary',0,'Faucibus','Nam','1982-10-07','11884',110),(113010,0,5,'	male	','Jones','Linda',0,'Rutrum','Ad','1979-01-02','6876',110),(113011,0,5,'	male	','Baker','George',0,'Et','Sem','1976-10-14','93604',110),(113012,0,5,'	male	','Ward','Barbara',0,'Pharetra','Dui','1983-12-25','67891',110),(113013,0,5,'	male	','James','Donald',0,'Malesuada','Neque','1992-02-08','58646',110),(113014,0,5,'	male	','Powell','Pamela',0,'Lorem','Lacinia','1988-06-26','89558',110),(113015,0,5,'	male	','White','Raymond',0,'Nec','Lacinia','1992-10-06','82100',110),(113016,0,5,'	male	','Moore','Dennis',0,'Curae;','Conubia','1976-03-16','46951',110),(113018,0,5,'	male	','Price','Rebecca',0,'Montes','Tortor','1992-06-23','83332',110),(113019,0,5,'	male	','Reed','Margaret',0,'Nullam','Metus','1991-02-12','86058',110),(113020,0,5,'	female	','Rogers','Donna',0,'Erat','Conubia','1980-01-11','85420',110),(113021,0,5,'	male	','Carter','Helen',0,'Nec','Faucibus','1975-07-07','74052',110),(113023,0,5,'	female	','Torres','Donna',0,'Fames','Posuere','1984-10-15','19126',110),(113024,0,5,'male','Bailey','Angela',0,'Sapien','Nam','1988-07-20','63222',110),(113025,0,5,'female','Anderson','Jose',0,'Maecenas','Lobortis','1989-02-03','68982',110),(113026,0,5,'female','Diaz','Carl',0,'Litora','Rhoncus','1984-06-18','60372',110),(113028,0,5,'female','Williams','Jerry',0,'Nisl','Fermentum','1982-04-23','37',110),(113031,0,5,'female','Gonzales','Andrew',0,'Velit','Nibh','1978-11-07','8819',110),(113032,0,5,'female','Thomas','Robert',0,'Elementum','Eget','1978-08-26','43983',110),(113033,0,5,'female','Thomas','Michael',0,'Porttitor','Nisl','1995-04-18','3712',110),(113035,0,5,'male','Butler','Angela',0,'Vitae','Posuere','1981-12-28','76361',110),(113036,0,5,'female','Wood','Douglas',0,'Ad','Magna','1979-12-07','86046',110),(113037,0,5,'male','Morris','Joyce',0,'Nullam','Accumsan','1983-12-16','11396',110),(113038,0,5,'male','Wilson','Barbara',0,'Nonummy','Dui','1975-09-18','83466',110),(113039,0,5,'male','Gray','Michelle',0,'Sed','Suspendisse','1983-09-01','3643',110),(113040,0,5,'male','Young','Susan',0,'Dictum','Id','1992-05-22','52441',110),(113041,0,5,'male','Wilson','Patrick',0,'Commodo','Ullamcorper','1991-02-01','61527',110),(113042,0,5,'male','Johnson','Rebecca',0,'Vehicula','Aenean','1985-10-08','55439',110),(113043,0,5,'male','Cox','Eric',0,'Ridiculus','In','1994-11-29','92613',110),(113044,0,5,'female','Johnson','Charles',0,'Tristique','Laoreet','1980-09-10','12126',110),(113045,0,5,'male','Smith','Christopher',0,'Montes','Augue','1979-02-04','67414',110),(113046,0,5,'female','Wilson','Patrick',0,'Cras','Eleifend','1977-06-21','16069',110),(113047,0,5,'male','Powell','Carl',0,'Rhoncus','Massa','1975-08-23','67853',110),(113048,0,5,'female','Baker','Debra',0,'Scelerisque','Leo','1989-08-17','6435',110),(113049,0,5,'male','Sanders','Melissa',0,'Ac','Habitant','1994-05-28','18366',110),(113050,0,5,'male','Alexander','Ann',0,'Ridiculus','Augue','1992-07-17','72524',110),(113051,0,5,'male','Cox','Brenda',0,'Ad','Aptent','1975-11-19','22900',110),(113052,0,5,'female','Williams','John',0,'Egestas','Nonummy','1975-08-29','86678',110),(113053,0,5,'male','Bennett','Walter',0,'Est','Malesuada','1984-03-27','80064',110),(113054,0,5,'male','Ward','Joyce',0,'Placerat','Nostra','1988-03-13','45414',110),(113055,0,5,'male','Butler','Eric',0,'Malesuada','Tortor','1994-08-19','81753',110),(113056,0,5,'female','Richardson','Paul',0,'Arcu','Ac','1977-01-01','82775',110),(113057,0,5,'female','Price','Shirley',0,'Montes','Turpis','1988-10-18','73738',110),(113060,0,5,'male','Sanchez','Larry',0,'Sociis','Quam','1979-03-16','25494',110),(113063,0,5,'male','Flores','Marie',0,'Condimentum','Lacinia','1984-06-19','1129',110),(113064,0,5,'female','Campbell','Carl',0,'Parturient','Habitant','1992-11-07','24041',110),(113065,0,5,'male','Lewis','Deborah',0,'Pellentesque','In','1990-08-07','21942',110),(113067,0,5,'male','Torres','Michael',0,'Etiam','Molestie','1980-02-05','37586',110),(113068,0,5,'male','Ramirez','Jerry',0,'Magna','Eget','1993-01-13','27230',110),(113069,0,5,'male','Moore','Debra',0,'Sed','Id','1989-02-10','23394',110),(113070,0,5,'male','Martin','Gregory',0,'Nullam','Augue','1987-11-05','35281',110),(113071,0,5,'male','Rivera','Susan',0,'Facilisis','Vel','1981-08-07','11346',110),(113072,0,5,'male','Howard','Sandra',0,'Cubilia','Elit','1990-06-01','45765',110),(113073,0,5,'male','Patterson','David',0,'Etiam','Accumsan','1983-06-09','5035',110),(113086,0,5,'male','Adams','Melissa',0,'Placerat','Cubilia','1986-11-22','77634',110),(113087,0,5,'male','Hughes','Stephen',0,'Montes','Luctus','1993-04-11','88437',110),(113088,0,5,'male','Edwards','Jerry',0,'Pharetra','Proin','1993-01-16','19534',110),(113089,0,5,'female','Garcia','Daniel',0,'Ipsum','Sit','1978-08-06','22109',110),(113090,0,5,'male','Roberts','Scott',0,'Nascetur','Sit','1983-06-29','51944',110),(113091,0,5,'male','Anderson','Donald',0,'Taciti','Nulla','1991-04-29','3645',110),(113093,0,5,'male','Carter','Melissa',0,'Elit','Aliquam','1983-06-20','52142',110),(113094,0,5,'male','Jackson','Michelle',0,'Felis','Arcu','1979-04-04','60027',110),(113095,0,5,'male','Reed','Susan',0,'Curabitur','Ad','1984-11-28','48836',110),(113096,0,5,'male','Wilson','Arthur',0,'Proin','Nunc','1976-05-05','64096',110),(113097,0,5,'male','Young','Lisa',0,'Parturient','Consectetuer','1991-01-11','79099',110),(113098,0,5,'male','Perry','Peter',0,'Commodo','Leo','1985-11-27','13456',110),(113099,0,5,'male','Morris','William',0,'Tempus','Leo','1993-03-07','19735',110),(113100,0,5,'male','Scott','James',0,'Ante','Cursus','1979-02-25','58308',110),(113101,0,5,'male','White','David',0,'Feugiat','Ultricies','1980-11-29','42586',110),(113102,0,5,'male','Reed','Catherine',0,'Aenean','Nascetur','1979-12-26','38004',110),(113103,0,5,'male','Clark','Carol',0,'Purus','Vehicula','1975-07-20','62266',110),(113104,0,5,'male','White','Scott',0,'Suspendisse','Morbi','1990-08-04','7565',110),(113105,0,5,'male','Gonzalez','Jeffrey',0,'Imperdiet','Integer','1991-03-03','40779',110),(113106,0,5,'male','Gonzalez','Matthew',0,'Erat','Molestie','1992-11-17','86324',110),(113107,0,5,'female','Stewart','Janet',0,'Feugiat','Nisl','1994-05-21','24659',110),(113108,0,5,'male','Stewart','Stephen',0,'Dis','Bibendum','1985-04-05','54074',110),(113109,0,5,'male','Turner','Rebecca',0,'Luctus','Justo','1980-01-30','6643',110),(113110,0,5,'male','King','Debra',0,'Sed','Gravida','1980-03-17','60746',110),(113111,0,5,'female','Brown','Gary',0,'Mollis','Montes','1983-06-22','94049',110),(113112,0,5,'male','Johnson','Peter',0,'Metus','Urna','1982-10-12','3384',110),(113113,0,5,'male','Harris','Scott',0,'Pretium','Augue','1983-11-25','19397',110),(113114,0,5,'male','Kelly','Anthony',0,'Gravida','Sodales','1984-05-15','86835',110),(113115,0,5,'male','Allen','Joyce',0,'Nec','Per','1993-09-04','91358',110),(113116,0,5,'male','Johnson','George',0,'Ornare','Parturient','1979-06-08','6536',110),(113117,0,5,'male','Thomas','Ryan',0,'Proin','Litora','1977-05-02','43230',110),(113118,0,5,'male','Henderson','Debra',0,'Arcu','Vestibulum','1990-08-18','6793',110),(113119,0,5,'female','Rodriguez','Debra',0,'Ut','Parturient','1994-09-11','94025',110),(113120,0,5,'male','Moore','Deborah',0,'Quam','Commodo','1990-02-19','70247',110),(113121,0,5,'male','Peterson','Margaret',0,'Pellentesque','Feugiat','1989-08-04','69162',110),(113122,0,5,'male','Harris','Melissa',0,'At','Non','1994-10-21','40191',110),(113123,0,5,'female','Barnes','Patricia',0,'Varius','In','1987-10-21','88348',110),(113124,0,5,'female','Hall','Brian',0,'Sociosqu','Massa','1979-01-10','36541',110),(113125,0,5,'male','Stewart','Roger',0,'Cum','Lacus','1989-10-07','12539',110),(113126,0,5,'female','Johnson','Marie',0,'Habitant','Congue','1975-10-19','47945',110),(113127,0,5,'male','Wright','Kevin',0,'Et','Urna','1976-11-17','12360',110),(113128,0,5,'male','Campbell','Robert',0,'Dictum','Natoque','1992-05-22','12841',110),(113129,0,5,'female','Watson','Barbara',0,'Placerat','Class','1983-11-10','27125',110),(113130,0,5,'female','Washington','Paul',0,'Ridiculus','Quam','1992-01-19','2228',110),(113131,0,5,'male','Jackson','Maria',0,'Aliquet','Pulvinar','1978-01-08','24638',110),(113132,0,5,'male','Phillips','Christine',0,'Dictum','Pharetra','1982-12-30','21634',110),(113133,0,5,'male','Ward','Maria',0,'Curae;','Erat','1993-11-29','34256',110),(113134,0,5,'male','Perez','Kenneth',0,'Sit','Class','1980-02-14','11503',110),(113135,0,5,'male','Evans','Anna',0,'Litora','Quis','1991-01-29','49621',110),(113136,0,5,'male','Anderson','Joseph',0,'Cras','Maecenas','1976-11-25','23850',110),(113137,0,5,'male','Peterson','Joseph',0,'Integer','Nisi','1982-05-07','65260',110),(113138,0,6,'female','Patterson','George',0,'Rhoncus','Sociis','1990-04-16','65001',110),(113139,0,6,'male','Martinez','Andrew',0,'Luctus','Sit','1975-11-18','34350',110),(113140,0,6,'male','Roberts','Barbara',0,'Curae;','Nostra','1982-09-21','71622',110),(113141,0,6,'female','Butler','Jason',0,'Pede','Lectus','1975-08-09','65311',110),(113142,0,5,'male','Patterson','Donna',0,'Interdum','Laoreet','1984-03-15','16816',110),(113143,0,5,'male','Bell','Larry',0,'Quam','Nonummy','1978-10-31','77895',110),(113144,0,5,'female','Torres','Walter',0,'Vel','Lacus','1979-09-08','54402',110),(113145,0,5,'male','Diaz','Donna',0,'Magna','Tempus','1994-03-18','38328',110),(113146,0,5,'male','Bryant','Arthur',0,'Nunc','Arcu','1993-02-19','28435',110),(113147,0,5,'male','Smith','Steven',0,'Nascetur','Varius','1977-07-26','27189',110),(113148,0,6,'male','Murphy','Melissa',0,'Laoreet','Neque','1981-11-26','50642',110),(113149,0,6,'male','Ross','John',0,'Nascetur','Id','1985-09-29','76768',110),(113150,0,6,'male','Johnson','Deborah',0,'Tempus','Ligula','1990-06-05','42165',110),(113151,0,6,'male','Collins','Karen',0,'Bibendum','Condimentum','1977-04-05','75395',110),(113152,0,6,'male','Roberts','Christine',0,'Ligula','Nonummy','1984-11-05','60733',110),(113153,0,6,'female','Griffin','Gary',0,'Maecenas','Rhoncus','1980-08-31','77481',110),(113154,0,6,'male','Carter','Joseph',0,'Semper','Porttitor','1988-04-15','15457',110),(113155,0,6,'male','Bell','Arthur',0,'Dui','Phasellus','1989-11-27','34593',110),(113156,0,6,'male','Baker','Eric',0,'Proin','Aliquet','1980-06-09','31719',110),(113157,0,6,'female','Hall','Gary',0,'Facilisi','Ultrices','1990-02-15','54818',110),(113158,0,6,'male','Barnes','Martha',0,'Sit','Tristique','1982-04-21','84056',110),(113159,0,6,'male','King','Kevin',0,'Integer','Sollicitudin','1989-04-16','66079',110),(113160,0,6,'male','Rogers','Jeffrey',0,'Tristique','Eget','1986-04-08','78226',110),(113161,0,6,'male','Diaz','Sandra',0,'Aptent','Sed','1995-03-18','3142',110),(113162,0,6,'male','Jackson','Brenda',0,'Urna','Pellentesque','1978-05-29','65659',110),(113163,0,6,'female','Allen','Janet',0,'Proin','Natoque','1979-06-30','34245',110),(113164,0,6,'male','Collins','Peter',0,'Habitant','Vel','1983-02-26','69124',110),(113165,0,6,'male','Smith','Stephanie',0,'Diam','Laoreet','1987-10-09','53134',110),(113166,0,6,'male','Cook','Arthur',0,'Mus','Ut','1980-04-21','58300',110),(113167,0,6,'male','Clark','Betty',0,'Bibendum','Facilisis','1978-04-07','37225',110),(113168,0,6,'male','Taylor','Robert',0,'Nec','Fames','1985-01-02','11222',110),(113169,0,6,'female','Garcia','Michelle',0,'Pharetra','Accumsan','1983-03-29','39313',110),(113170,0,6,'male','Sanchez','Ronald',0,'Duis','Faucibus','1983-05-07','68022',110),(113171,0,6,'male','Robinson','Amanda',0,'Per','Tempor','1984-10-14','32422',110),(113172,0,6,'male','Taylor','Michael',0,'Adipiscing','Lacinia','1975-05-23','52921',110),(113173,0,6,'male','Ward','George',0,'Sapien','Purus','1977-05-05','72465',110),(113174,0,6,'male','Edwards','Joseph',0,'Est','Augue','1975-07-06','13810',110),(113175,0,6,'male','Taylor','Sarah',0,'Porttitor','A','1989-01-15','41407',110),(113176,0,5,'male','Johnson','John',0,'Duis','Turpis','1977-06-10','70731',110),(113177,0,5,'male','Rodriguez','Dennis',0,'Aliquam','Velit','1979-11-21','39685',110),(113178,0,5,'male','Miller','Anna',0,'Nisi','Ridiculus','1977-05-30','81105',110),(113179,0,5,'male','Long','Mary',0,'Etiam','Erat','1989-05-01','1847',110),(113180,0,5,'male','Johnson','Joyce',0,'Maecenas','Consectetuer','1986-04-05','50545',110),(113181,0,5,'male','Carter','Kenneth',0,'Inceptos','Magnis','1988-12-20','57433',110),(113182,0,5,'male','Watson','Cynthia',0,'Lectus','Dui','1981-03-29','40658',110),(113183,0,5,'male','Lopez','Raymond',0,'Risus','Adipiscing','1994-08-31','30990',110),(113184,0,5,'male','Smith','Maria',0,'Velit','Purus','1979-03-13','32977',110),(113185,0,5,'male','Washington','Carl',0,'Commodo','Praesent','1988-02-15','71917',110),(113186,0,5,'male','Watson','Virginia',0,'Mi','Facilisi','1992-08-31','70904',110),(113187,0,5,'male','Peterson','Amanda',0,'Magna','Maecenas','1990-01-09','43896',110),(113188,0,5,'male','Baker','Amy',0,'Natoque','Molestie','1977-07-19','6768',110),(113189,0,5,'male','Foster','Steven',0,'Phasellus','Ullamcorper','1976-01-14','91901',110),(113190,0,5,'male','Washington','Sharon',0,'Facilisis','Pharetra','1989-01-06','59701',110),(113191,0,5,'male','Russell','Walter',0,'Hendrerit','Magnis','1986-05-25','22803',110),(113192,0,5,'male','Sanders','William',0,'Nibh','Viverra','1991-02-04','29786',110),(113193,0,5,'male','Hernandez','Barbara',0,'Fusce','Nulla','1981-01-05','80522',110),(113194,0,5,'male','Morris','Amanda',0,'Posuere','Porta','1989-11-14','28629',110),(113195,0,5,'male','Foster','Deborah',0,'Ad','Fames','1994-10-08','91331',110),(113196,0,5,'male','Foster','Gregory',0,'Condimentum','Iaculis','1984-01-18','86140',110),(113197,0,5,'male','Howard','Ryan',0,'Mattis','Ultrices','1987-07-22','61835',110),(113198,0,5,'male','Perez','Betty',0,'Suscipit','Feugiat','1984-08-03','50756',110),(113199,0,5,'male','Turner','Amanda',0,'Curabitur','Tellus','1990-07-31','68276',110),(113200,0,5,'male','Bell','Amy',0,'Erat','Ultricies','1990-07-05','94238',110),(113201,0,6,'female','Parker','Linda',0,'Dis','Gravida','1978-10-16','76609',110),(113202,0,6,'female','Scott','Margaret',0,'Praesent','Egestas','1993-05-16','5460',110),(113203,0,6,'male','Price','Jennifer',0,'Ante','Mattis','1993-07-07','82097',110),(113204,0,6,'male','Evans','Andrew',0,'Tortor','Hymenaeos','1975-10-27','14606',110),(113205,0,6,'male','Howard','Dorothy',0,'Magnis','Pulvinar','1982-01-23','16488',110),(113206,0,6,'female','Bryant','Pamela',0,'Volutpat','Vehicula','1976-11-29','38624',110),(113207,0,6,'male','Roberts','Catherine',0,'Semper','Sollicitudin','1992-11-22','48782',110),(113208,0,5,'male','Foster','Robert',0,'Ultricies','Condimentum','1981-12-13','33162',110),(113209,0,5,'male','Parker','Kenneth',0,'Fames','Aenean','1991-05-06','19464',110),(113210,0,5,'male','Allen','Carl',0,'Nisi','Nibh','1978-12-29','92709',110),(113211,0,5,'male','Scott','Charles',0,'Augue','Felis','1982-11-15','25656',110),(113212,0,5,'male','Hernandez','George',0,'Lectus','Donec','1983-12-09','39903',110),(113213,0,5,'male','Simmons','George',0,'Tortor','Natoque','1989-03-08','27672',110),(113214,0,5,'male','Williams','Linda',0,'Suspendisse','Egestas','1976-01-03','18651',110),(113215,0,5,'male','Reed','Amy',0,'Tellus','Aliquam','1985-11-28','10238',110),(113216,0,5,'male','Campbell','Raymond',0,'Suscipit','Justo','1987-03-22','90116',110),(113217,0,5,'male','Patterson','Angela',0,'Parturient','Vel','1978-07-05','40365',110),(113218,0,5,'male','Wood','Michelle',0,'Magna','Volutpat','1978-04-08','26351',110),(113219,0,5,'male','Campbell','Patrick',0,'Nibh','Cum','1983-03-03','10661',110),(113220,0,5,'male','Walker','Barbara',0,'Suscipit','Posuere','1988-02-20','69127',110),(113221,0,5,'male','Foster','Martha',0,'Pellentesque','Enim','1983-09-05','29027',110),(113222,0,5,'male','Martinez','Anna',0,'Quisque','Congue','1975-08-06','32631',110),(113223,0,5,'male','Campbell','Nancy',0,'Gravida','Et','1986-09-21','76072',110),(113224,0,5,'male','Rivera','Edward',0,'Sociosqu','Placerat','1975-12-05','92721',110),(113225,0,5,'female','Hughes','Sandra',0,'Phasellus','Pharetra','1992-03-29','45638',110),(113226,0,5,'female','Moore','Henry',0,'Proin','Facilisi','1986-12-12','44903',110),(113227,0,5,'male','Williams','Edward',0,'Pharetra','Faucibus','1985-06-07','87601',110),(113228,0,5,'male','Ward','Jerry',0,'Cum','In','1988-03-21','18671',110),(113229,0,5,'male','Kelly','Debra',0,'Consectetuer','Et','1988-08-01','20303',110),(113230,0,5,'male','Richardson','Charles',0,'Tristique','Pede','1981-04-01','45503',110),(113231,0,5,'male','Stewart','Anna',0,'Ut','Ipsum','1989-04-26','71730',110),(113232,0,5,'male','Green','Brenda',0,'Leo','Diam','1977-11-08','32392',110),(113233,0,5,'male','Richardson','Martha',0,'Fermentum','Vel','1985-05-27','41648',110),(113234,0,5,'female','Flores','Arthur',0,'Odio','Accumsan','1979-04-18','16187',110),(113235,0,5,'male','Howard','Stephen',0,'Tristique','Dui','1983-06-25','50865',110),(113236,0,5,'male','Mitchell','Carolyn',0,'Est','Est','1992-09-25','16018',110),(113237,0,5,'male','Harris','Charles',0,'Tincidunt','Elit','1989-02-27','22369',110),(113238,0,5,'male','Bailey','Carl',0,'Molestie','Imperdiet','1988-04-12','63791',110),(113239,0,5,'male','Alexander','Douglas',0,'Egestas','Volutpat','1984-07-24','62098',110),(113240,0,5,'male','Turner','Patrick',0,'Netus','Venenatis','1976-08-01','24243',110),(113241,0,5,'male','Simmons','Kevin',0,'Ullamcorper','Metus','1988-11-16','29797',110),(113242,0,5,'male','Howard','Lisa',0,'Volutpat','Aliquam','1983-12-08','76257',110),(113243,0,5,'male','Lewis','Patrick',0,'Viverra','Curae;','1976-05-25','7271',110),(113244,0,5,'male','Rogers','Jessica',0,'Laoreet','Rhoncus','1981-05-05','92207',110),(113245,0,5,'female','Gonzales','Amanda',0,'Maecenas','Sollicitudin','1984-05-16','59723',110),(113246,0,5,'female','Phillips','Janet',0,'Curae;','Suspendisse','1992-01-21','21996',110),(113247,0,5,'male','Watson','Richard',0,'Sit','Ultrices','1975-11-21','25686',110),(113248,0,5,'female','Campbell','Lisa',0,'Suspendisse','Primis','1995-03-26','62444',110),(113249,0,5,'male','Allen','Kenneth',0,'Facilisi','Nam','1983-04-19','45411',110),(113250,0,5,'male','Reed','Cynthia',0,'Cum','Fermentum','1993-07-23','39722',110),(113251,0,5,'male','Williams','Brian',0,'Dapibus','Fringilla','1994-10-17','62379',110),(113252,0,5,'male','Young','Jason',0,'Consequat','Penatibus','1990-10-14','2980',110),(113253,0,5,'male','Murphy','Brenda',0,'Rhoncus','Ornare','1986-08-13','17514',110),(113254,0,5,'male','Stewart','Peter',0,'Bibendum','Consequat','1979-05-11','78628',110),(113255,0,5,'male','Powell','Rebecca',0,'Dui','Ridiculus','1979-03-27','55975',110),(113256,0,5,'male','Miller','Martha',0,'Praesent','Sapien','1994-03-02','43993',110),(113257,0,5,'male','Wright','Gregory',0,'Litora','Amet','1977-05-20','52039',110),(113258,0,5,'male','Baker','Shirley',0,'Feugiat','Malesuada','1985-05-02','33343',110),(113259,0,5,'male','Washington','Patricia',0,'Auctor','Mauris','1977-06-07','10598',110),(113260,0,5,'male','White','Edward',0,'Bibendum','Fusce','1984-05-01','47838',110),(113261,0,5,'female','Thompson','Sarah',0,'Pretium','In','1975-07-06','17644',110),(113262,0,5,'male','Green','Virginia',0,'Et','Mus','1975-05-04','39581',110),(113263,0,5,'male','Rivera','Linda',0,'Cubilia','Cum','1993-09-02','50098',110),(113264,0,5,'male','Adams','Linda',0,'Pulvinar','Massa','1977-03-15','36875',110),(113265,0,5,'male','Wright','Paul',0,'Suspendisse','Pulvinar','1993-11-06','34079',110),(113266,0,5,'male','Gonzales','Frances',0,'Nisi','Congue','1980-03-31','59770',110),(113267,0,5,'male','Hughes','Stephen',0,'Mattis','Praesent','1991-12-14','6864',110),(113268,0,5,'male','Price','Donna',0,'Volutpat','Curae;','1976-05-16','44760',110),(113269,0,5,'male','Gonzales','Shirley',0,'Suscipit','Dolor','1986-04-05','13458',110),(113270,0,5,'male','Lee','Jose',0,'Metus','A','1987-08-15','27885',110),(113271,0,5,'male','Anderson','Rebecca',0,'Feugiat','Sociosqu','1994-12-19','4179',110),(113272,0,5,'male','Mitchell','William',0,'Rhoncus','Interdum','1988-10-31','32115',110),(113273,0,5,'female','Cox','Dorothy',0,'Pharetra','Neque','1987-08-23','53162',110),(113274,0,5,'female','Long','Kimberly',0,'Pede','Mauris','1980-09-28','74591',110),(113275,0,5,'female','Campbell','Deborah',0,'Aptent','Amet','1983-03-09','23721',110),(113276,0,5,'male','Turner','John',0,'Tortor','Habitant','1985-02-04','84582',110),(113277,0,5,'male','Watson','Richard',0,'Vehicula','Suspendisse','1976-01-20','67121',110),(113278,0,5,'female','Clark','Carl',0,'Interdum','Sagittis','1993-11-05','81859',110),(113279,0,5,'male','Phillips','Jason',0,'Odio','Egestas','1989-08-03','18182',110),(113280,0,5,'male','Brooks','Jessica',0,'Mauris','Lobortis','1992-03-13','35084',110),(113281,0,5,'female','Moore','Harold',0,'Aliquam','Non','1985-10-22','26002',110),(113282,0,5,'male','Rivera','Deborah',0,'Quisque','Lorem','1978-05-13','24756',110),(113283,0,5,'male','Coleman','Stephen',0,'Libero','Id','1979-08-25','45777',110),(113284,0,5,'female','Wilson','Kathleen',0,'Posuere','Varius','1976-01-07','59743',110),(113285,0,5,'male','Phillips','Charles',0,'Integer','Metus','1992-11-12','66507',110),(113286,0,5,'male','Brooks','Mary',0,'Integer','Amet','1975-11-26','58432',110),(113287,0,5,'male','Brown','Richard',0,'At','Erat','1976-03-02','92640',110),(113288,0,6,'male','Butler','Jason',0,'Lobortis','Felis','1988-10-13','3281',110),(113289,0,5,'male','Martinez','Janet',0,'Aliquet','Nec','1986-08-26','23111',110),(113290,0,5,'male','Powell','Angela',0,'Viverra','Feugiat','1975-06-03','10837',110),(113291,0,5,'male','Cooper','Jennifer',0,'Blandit','Id','1985-10-23','79728',110),(113292,0,5,'male','Turner','Melissa',0,'Quisque','Natoque','1988-01-31','81502',110),(113293,0,5,'male','Wood','James',0,'Leo','Gravida','1981-09-27','73452',110),(113294,0,5,'male','Murphy','Roger',0,'Varius','Volutpat','1978-08-31','27878',110),(113295,0,5,'male','Gonzales','Lisa',0,'Phasellus','Sociosqu','1979-09-06','13913',110),(113296,0,5,'male','Perry','Shirley',0,'Hymenaeos','Nascetur','1988-01-03','80805',110),(113297,0,5,'male','Garcia','Joyce',0,'Aenean','Posuere','1993-08-13','77663',110),(113298,0,5,'male','Scott','Arthur',0,'Sollicitudin','Vestibulum','1979-10-29','51023',110),(113299,0,5,'male','Jones','Deborah',0,'Lacinia','Pulvinar','1985-06-02','22126',110),(113300,0,5,'male','Moore','Janet',0,'Per','Ante','1994-08-28','52436',110),(113301,0,5,'male','Price','Henry',0,'Per','Sociis','1975-05-02','6054',110),(113302,0,6,'male','Gray','Sarah',0,'Quam','Porttitor','1987-05-10','62714',110),(113303,0,6,'male','Garcia','Barbara',0,'Ultricies','Nisi','1992-05-25','10784',110),(113304,0,6,'male','Edwards','Harold',0,'Varius','Phasellus','1978-10-09','55526',110),(113305,0,6,'male','James','Linda',0,'Lacus','Urna','1989-04-17','55530',110),(113306,0,6,'male','Nelson','Carolyn',0,'Ridiculus','Iaculis','1994-03-26','16198',110),(113307,0,6,'male','Flores','Brenda',0,'Felis','Enim','1982-02-27','9274',110),(113308,0,6,'male','Howard','Lisa',0,'Condimentum','Cubilia','1976-06-02','92652',110),(113309,0,6,'male','Bennett','Kathleen',0,'Donec','Pulvinar','1978-02-17','55941',110),(113310,0,6,'male','Patterson','Ryan',0,'Curae;','Eu','1994-02-12','1746',110),(113311,0,6,'male','Cooper','Betty',0,'Quisque','In','1993-09-10','30661',110),(113312,0,6,'male','Harris','Roger',0,'Pede','Varius','1985-03-21','53190',110),(113313,0,6,'male','Patterson','Marie',0,'Erat','Dui','1983-12-07','79095',110),(113314,0,6,'male','Anderson','Karen',0,'Ultrices','Donec','1986-12-26','46154',110),(113315,0,6,'male','Barnes','Thomas',0,'Imperdiet','Fermentum','1993-10-27','88361',110),(113316,0,6,'male','Peterson','Eric',0,'Consequat','Nonummy','1992-08-15','18717',110),(113317,0,6,'male','Ramirez','Henry',0,'Nascetur','Elementum','1987-08-09','18253',110),(113318,0,6,'male','Miller','Deborah',0,'Ullamcorper','Penatibus','1977-04-24','35114',110),(113319,0,6,'male','Rodriguez','Amanda',0,'Leo','Elementum','1991-11-29','25938',110),(113320,0,5,'male','Perez','Jeffrey',0,'Semper','Fusce','1977-01-14','24346',110),(113321,0,5,'male','Adams','Timothy',0,'Hymenaeos','Magnis','1994-10-14','43919',110),(113322,0,5,'female','Bailey','Linda',0,'Imperdiet','Curae;','1993-06-21','51682',110),(113323,0,5,'male','Washington','Jerry',0,'Mattis','Dolor','1984-11-28','31778',110),(113324,0,5,'male','Green','George',0,'Nascetur','Magna','1982-12-10','3846',110),(113325,0,5,'male','Bailey','Harold',0,'Duis','Euismod','1976-04-03','18769',110),(113326,0,5,'male','Evans','Paul',0,'Facilisis','Enim','1977-09-27','82308',110),(113327,0,5,'male','Allen','Roger',0,'Sociis','Libero','1983-07-03','70608',110),(113328,0,5,'male','Nelson','Gregory',0,'Dapibus','Litora','1987-05-31','11240',110),(113329,0,5,'male','Jones','Steven',0,'Erat','Ultricies','1992-07-10','34130',110),(113330,0,5,'female','Lopez','Joyce',0,'Velit','Magnis','1987-06-19','42053',110),(113331,0,5,'male','Nelson','David',0,'Nunc','Eu','1985-01-01','13000',110),(113332,0,5,'male','Cooper','Amy',0,'Rutrum','Facilisis','1986-03-11','33717',110),(113333,0,5,'male','Brown','Jeffrey',0,'Imperdiet','Blandit','1978-01-22','34713',110),(113334,0,5,'male','Jones','Debra',0,'Non','Nisl','1983-07-03','72412',110),(113335,0,5,'male','James','Carol',0,'Class','Inceptos','1979-12-25','68174',110),(113336,0,5,'male','Butler','Harold',0,'Nibh','Sapien','1991-07-27','28759',110),(113337,0,5,'male','Rogers','Donald',0,'Conubia','Orci','1975-11-30','34147',110),(113338,0,5,'male','Adams','Kathleen',0,'Ligula','Elit','1986-10-11','84460',110),(113339,0,5,'male','Torres','Eric',0,'Elementum','Aliquam','1981-06-29','35233',110),(113340,0,5,'male','King','Jose',0,'Nulla','Senectus','1989-07-05','17660',110),(113341,0,5,'male','Lee','Linda',0,'Nonummy','Ullamcorper','1990-02-13','77475',110),(113342,0,5,'male','Diaz','Jerry',0,'Class','Suspendisse','1994-02-26','49774',110),(113343,0,5,'male','Murphy','David',0,'Nonummy','Felis','1989-04-21','16443',110),(113344,0,5,'male','Washington','Michelle',0,'Ornare','Ullamcorper','1983-05-14','27769',110),(113345,0,5,'male','Anderson','Donna',0,'Tempus','Blandit','1978-02-25','89517',110),(113346,0,5,'male','Campbell','Peter',0,'Taciti','Imperdiet','1993-03-25','79651',110),(113347,0,6,'male','Powell','Melissa',0,'Ipsum','Lacus','1989-07-25','34832',110),(113348,0,5,'male','Russell','Raymond',0,'Convallis','Quam','1991-10-23','30083',110),(113349,0,5,'male','Parker','Janet',0,'Pede','Conubia','1987-05-19','45920',110),(113350,0,5,'male','Perez','Helen',0,'Erat','Hymenaeos','1984-03-16','44477',110),(113351,0,5,'male','Washington','Thomas',0,'Nisi','Cursus','1989-04-07','84625',110),(113352,0,5,'female','Baker','Pamela',0,'Sapien','Risus','1980-07-18','5071',110),(113353,0,5,'male','Sanders','Arthur',0,'Suspendisse','Pharetra','1976-03-16','56104',110),(113354,0,5,'female','Cook','Stephen',0,'Fermentum','Varius','1981-08-04','75557',110),(113355,0,5,'male','Patterson','Laura',0,'Morbi','Fames','1987-02-27','19724',110),(113356,0,5,'male','Howard','Matthew',0,'A','Orci','1986-05-18','61699',110),(113357,0,5,'female','Long','Anna',0,'Mi','Nullam','1980-08-04','59575',110),(113358,0,5,'female','Lewis','Donna',0,'Aliquet','Aliquet','1982-03-16','17903',110),(113359,0,5,'female','Turner','Charles',0,'Parturient','Sociis','1987-10-24','5667',110),(113360,0,5,'male','Lee','Kenneth',0,'Placerat','Imperdiet','1978-08-12','69499',110),(113361,0,5,'female','Cox','Andrew',0,'Penatibus','Risus','1982-07-15','45870',110),(113362,0,5,'female','Gonzalez','Walter',0,'Consequat','Volutpat','1992-04-28','20853',110),(113363,0,6,'male','Rogers','Susan',0,'Habitant','Sed','1992-08-22','61533',110),(113364,0,6,'male','Martin','Margaret',0,'Mattis','Magna','1981-09-15','55354',110),(113365,0,6,'male','Jackson','Andrew',0,'Etiam','Sagittis','1984-04-25','92171',110),(113366,0,6,'male','Bryant','Sharon',0,'Nonummy','Nullam','1990-07-30','10170',110),(113367,0,6,'female','Johnson','Amanda',0,'Faucibus','Libero','1993-03-11','58962',110),(113368,0,6,'male','Hill','Ann',0,'Elementum','Inceptos','1993-04-28','74551',110),(113369,0,6,'male','Powell','Angela',0,'Tincidunt','Inceptos','1976-07-07','6118',110),(113370,0,6,'female','Green','Jeffrey',0,'Nulla','Habitant','1981-03-25','91563',110),(113371,0,6,'male','Allen','Kevin',0,'Tempor','Cubilia','1980-04-09','59963',110),(113372,0,6,'male','Williams','Ruth',0,'Turpis','Fames','1987-12-14','25126',110),(113373,0,6,'male','Williams','Daniel',0,'Pede','Mus','1985-05-08','40618',110),(113374,0,6,'female','Mitchell','Shirley',0,'Placerat','Neque','1979-09-24','32836',110),(113375,0,6,'female','Watson','Arthur',0,'Convallis','Laoreet','1978-08-28','42326',110),(113376,0,6,'male','Cook','George',0,'Justo','Tempus','1988-12-02','18248',110),(113377,0,6,'male','Bailey','Ann',0,'Cubilia','Id','1990-03-19','59137',110),(113378,0,6,'female','Smith','Debra',0,'Eleifend','Rhoncus','1992-04-15','51194',110),(113379,0,6,'male','Green','Margaret',0,'Ridiculus','Orci','1990-08-06','78558',110),(113380,0,6,'male','Diaz','Stephen',0,'Velit','Ligula','1993-04-08','49458',110),(113381,0,6,'male','White','Joyce',0,'Montes','Nullam','1976-08-30','11615',110),(113382,0,6,'male','Bryant','Angela',0,'Ligula','Malesuada','1976-09-07','4577',110),(113383,0,6,'male','Mitchell','Stephanie',0,'Consequat','Bibendum','1992-03-01','82916',110),(113384,0,6,'female','Adams','Paul',0,'Commodo','Orci','1979-03-09','21351',110),(113385,0,6,'female','Hughes','Peter',0,'Malesuada','Vestibulum','1987-08-29','47757',110),(113386,0,6,'male','Cook','Frances',0,'Inceptos','Fusce','1976-10-23','79858',110),(113387,0,6,'female','Washington','Sandra',0,'Eu','Litora','1987-01-26','66269',110),(113388,0,6,'male','Price','Linda',0,'Purus','Diam','1980-09-30','91773',110),(113389,0,6,'male','Wilson','Jose',0,'Adipiscing','Consectetuer','1986-02-27','70308',110),(113390,0,5,'female','Bennett','Daniel',0,'Luctus','Vivamus','1994-12-18','76220',110),(113391,0,5,'male','Scott','Jerry',0,'Quisque','Ornare','1978-04-14','75301',110),(113392,0,5,'male','Patterson','Henry',0,'Vitae','At','1986-03-14','52970',110),(113393,0,5,'female','Patterson','Gregory',0,'Ut','Turpis','1988-01-26','38950',110),(113394,0,5,'male','Price','Harold',0,'Tristique','Arcu','1980-11-29','35840',110),(113395,0,5,'male','Sanchez','Pamela',0,'Pellentesque','Malesuada','1980-03-18','62350',110),(113396,0,5,'male','Bell','Thomas',0,'Fermentum','Enim','1993-04-15','14479',110),(113397,0,5,'male','King','Walter',0,'Imperdiet','Elementum','1994-10-24','75095',110),(113398,0,5,'female','Walker','Kenneth',0,'Libero','Taciti','1983-03-17','47413',110),(113400,0,5,'male','Morgan','Anna',0,'Viverra','Aptent','1984-06-07','11782',110),(113401,0,5,'male','Ramirez','Charles',0,'Primis','Felis','1984-07-03','11544',110),(113402,0,5,'male','Brown','Patrick',0,'Parturient','Pretium','1992-08-21','22377',110),(113403,0,5,'male','Anderson','Carl',0,'Amet','Tempus','1991-01-16','77251',110),(113404,0,5,'male','Ward','Arthur',0,'Consectetuer','Senectus','1990-09-14','34500',110),(113405,0,5,'male','Ramirez','Dorothy',0,'Quis','Nullam','1982-04-23','35625',110),(113406,0,5,'male','Smith','Ann',0,'Convallis','Parturient','1978-11-03','74624',110),(113407,0,5,'male','Griffin','Michelle',0,'Lacinia','Ac','1992-01-03','76494',110),(113408,0,5,'male','Miller','Amanda',0,'Sagittis','Scelerisque','1980-07-21','63724',110),(113409,0,6,'male','James','Joshua',0,'Viverra','Condimentum','1977-03-23','89138',110),(113410,0,6,'male','Williams','Walter',0,'Phasellus','Pede','1981-05-14','64769',110),(113411,0,6,'male','Scott','Debra',0,'Cum','Dignissim','1976-09-28','56434',110),(113412,0,6,'male','Adams','Melissa',0,'Ridiculus','Volutpat','1992-05-13','87861',110),(113413,0,6,'male','Price','Nancy',0,'Tellus','Lacus','1986-04-07','80253',110),(113414,0,6,'male','Turner','Larry',0,'Sodales','Risus','1984-08-20','42808',110),(113415,0,6,'male','Phillips','Carolyn',0,'Rhoncus','Placerat','1987-12-01','68158',110),(113416,0,6,'male','Watson','Raymond',0,'Urna','Libero','1987-07-13','22615',110),(113417,0,6,'male','Evans','Angela',0,'Lorem','Justo','1989-02-04','3479',110),(113418,0,6,'male','Edwards','Carol',0,'Placerat','Netus','1983-09-25','44424',110),(113419,0,6,'male','Diaz','Kathleen',0,'Vivamus','Aenean','1979-07-09','21934',110),(113420,0,6,'male','Torres','Kathleen',0,'Tempor','Egestas','1979-10-18','71271',110),(113421,0,5,'male','Gonzalez','Christopher',0,'Velit','Tellus','1976-04-24','5932',110),(113422,0,5,'male','Perry','Barbara',0,'Arcu','Facilisis','1978-02-26','5596',110),(113423,0,5,'male','Torres','Frances',0,'Orci','Id','1993-08-20','10186',110),(113424,0,5,'male','Sanders','Mary',0,'Velit','Odio','1985-05-21','34142',110),(113425,0,5,'male','Campbell','Jerry',0,'Elit','Laoreet','1994-12-25','45276',110),(113426,0,5,'male','Sanders','Walter',0,'Nec','Pulvinar','1992-06-21','29080',110),(113427,0,5,'male','Jenkins','Brenda',0,'Viverra','Nec','1990-02-23','9573',110),(113428,0,5,'male','Perez','Douglas',0,'Habitant','Varius','1989-06-12','55500',110),(113429,0,5,'male','Carter','Harold',0,'Egestas','Aliquet','1982-07-23','59030',110),(113430,0,5,'male','Stewart','Kimberly',0,'Sed','Aliquam','1978-02-14','33775',110),(113431,0,5,'male','Harris','Sandra',0,'Purus','Nisl','1989-08-13','86663',110),(113432,0,5,'male','Hall','Charles',0,'Est','Sed','1985-08-27','47364',110),(113433,0,5,'male','Perez','Timothy',0,'Lobortis','Adipiscing','1988-02-10','71706',110),(113434,0,5,'male','Baker','Carl',0,'Vitae','Inceptos','1983-02-04','26688',110),(113435,0,5,'male','Smith','Carolyn',0,'Molestie','Eu','1982-11-01','13198',110),(113436,0,5,'male','Brooks','Jose',0,'Viverra','Ipsum','1983-06-19','80804',110),(113437,0,5,'male','Davis','Robert',0,'Dictum','Massa','1992-02-06','79799',110),(113438,0,5,'male','Diaz','Laura',0,'Semper','Turpis','1986-03-19','61709',110),(113439,0,5,'male','Sanders','Charles',0,'Sociis','Est','1993-04-22','69147',110),(113440,0,5,'male','Allen','Amy',0,'Consectetuer','Class','1988-11-26','65735',110),(113441,0,5,'male','Henderson','James',0,'At','Nullam','1987-04-13','26358',110),(113442,0,5,'female','Collins','Virginia',0,'Torquent','Diam','1977-05-27','29461',110),(113443,0,5,'male','Hill','Donna',0,'Morbi','Rhoncus','1981-11-02','68232',110),(113444,0,5,'male','Perry','Karen',0,'Vitae','Nisl','1988-01-05','63026',110),(113445,0,6,'male','Washington','Frank',0,'Vel','Est','1989-10-21','15562',110),(113446,0,6,'male','Ramirez','Donna',0,'Sociis','Sem','1979-03-25','78483',110),(113447,0,6,'female','Carter','Sharon',0,'Ullamcorper','Nibh','1981-07-18','61103',110),(113448,0,6,'male','Ramirez','Larry',0,'Augue','Nunc','1993-01-01','70065',110),(113449,0,6,'male','Reed','William',0,'Rhoncus','Metus','1979-01-13','72141',110),(113450,0,6,'male','Hughes','Carolyn',0,'Inceptos','Rhoncus','1989-05-09','55639',110),(113451,0,6,'female','Washington','Ronald',0,'Maecenas','Ultrices','1979-10-24','61770',110),(113452,0,6,'male','Simmons','Arthur',0,'Commodo','Eget','1985-11-03','47060',110),(113453,0,6,'male','Collins','Carl',0,'Commodo','Pharetra','1981-06-01','49988',110),(113454,0,6,'female','Butler','Scott',0,'Fermentum','Faucibus','1983-03-16','13888',110),(113455,0,6,'male','Garcia','Rebecca',0,'Massa','Justo','1994-09-30','14350',110),(113456,0,5,'male','Watson','Kathleen',0,'Tortor','Semper','1993-05-25','30088',110),(113457,0,5,'male','Washington','Stephanie',0,'Montes','Amet','1981-08-16','12515',110),(113458,0,5,'male','Taylor','Cynthia',0,'Rutrum','Habitant','1987-01-02','67184',110),(113459,0,5,'male','Jackson','Janet',0,'Tortor','Luctus','1991-11-12','13754',110),(113460,0,5,'male','Wood','Laura',0,'Semper','Nonummy','1975-06-04','56967',110),(113461,0,5,'male','Thomas','Shirley',0,'Facilisis','Facilisi','1983-10-23','53822',110),(113462,0,5,'male','Morris','Brian',0,'Nunc','Mauris','1994-07-24','3335',110),(113463,0,5,'male','Anderson','Amy',0,'Maecenas','Malesuada','1987-11-26','44958',110),(113464,0,5,'female','Patterson','Kimberly',0,'In','Faucibus','1978-04-15','25039',110),(113465,0,5,'male','Edwards','James',0,'Sollicitudin','At','1984-09-16','85195',110),(113466,0,5,'male','Rogers','Donald',0,'Enim','Odio','1977-07-30','66233',110),(113467,0,5,'male','Brooks','Donna',0,'Leo','In','1990-04-29','75583',110),(113468,0,5,'female','Henderson','Amanda',0,'Maecenas','Porttitor','1982-04-04','84340',110),(113469,0,5,'male','Howard','Christopher',0,'Tincidunt','Primis','1987-11-07','5201',110),(113470,0,5,'male','Turner','Kenneth',0,'Metus','Pede','1981-03-04','57610',110),(113471,0,5,'male','Taylor','Angela',0,'Interdum','Senectus','1984-08-04','82699',110),(113472,0,5,'male','Bryant','Sharon',0,'Id','Vehicula','1983-01-05','50913',110),(113473,0,5,'male','Garcia','Gregory',0,'Iaculis','Penatibus','1980-07-02','6469',110),(113474,0,5,'male','Jackson','Carolyn',0,'Nisl','Sollicitudin','1981-07-04','69357',110),(113475,0,5,'male','Jenkins','Lisa',0,'Fames','Dapibus','1985-03-22','42753',110),(113476,0,5,'male','Long','Walter',0,'Ac','Gravida','1985-04-06','5694',110),(113477,0,5,'male','Cook','Sandra',0,'Nunc','Ullamcorper','1987-11-04','89963',110),(113478,0,5,'male','Collins','Melissa',0,'Ridiculus','Nonummy','1989-08-03','53232',110),(113483,0,5,'male','Lee','John',0,'Blandit','Dui','1987-05-09','91147',110),(113484,0,5,'male','Ward','Deborah',0,'A','Nisl','1988-03-18','11414',110),(113485,0,5,'male','Bryant','Patrick',0,'Condimentum','Tortor','1976-07-25','68255',110),(113486,0,5,'male','Turner','Patricia',0,'Congue','Enim','1983-03-07','22407',110),(113487,0,5,'male','Wilson','Dorothy',0,'Convallis','Ultrices','1985-01-24','2148',110),(113488,0,5,'male','Young','Carl',0,'Ipsum','Vitae','1976-06-21','38395',110),(113489,0,5,'male','Hernandez','Donald',0,'Taciti','Rhoncus','1979-01-22','90656',110),(113490,0,5,'male','Lewis','Melissa',0,'Quam','Scelerisque','1992-09-30','53472',110),(113491,0,5,'female','Griffin','Kenneth',0,'Leo','Phasellus','1991-04-30','90265',110),(113492,0,5,'female','Evans','Ryan',0,'Fames','Torquent','1979-02-25','6284',110),(113493,0,5,'female','Roberts','Cynthia',0,'Vehicula','Nisi','1991-03-04','45251',110),(113494,0,5,'male','Clark','Stephen',0,'Odio','Pulvinar','1994-05-19','17654',110),(113495,0,5,'male','Davis','Anthony',0,'Natoque','Vel','1991-02-28','47394',110),(113496,0,5,'male','Thompson','Laura',0,'Est','Elementum','1992-06-29','89131',110),(113497,0,5,'male','Harris','Richard',0,'Quis','Nunc','1979-12-25','18848',110),(113498,0,5,'male','Hernandez','Kathleen',0,'Nostra','Primis','1985-02-08','16601',110),(113499,0,5,'male','Cox','Gregory',0,'Netus','Porta','1983-01-15','26458',110),(113500,0,5,'male','Lee','Mary',0,'Tincidunt','Dignissim','1993-11-21','82488',110),(113501,0,5,'female','Harris','Catherine',0,'Enim','Est','1983-07-23','48444',110),(113502,0,5,'female','Simmons','Ruth',0,'Metus','Orci','1984-02-26','89629',110),(113503,0,5,'male','Bell','Angela',0,'Cras','Luctus','1986-05-01','18189',110),(113504,0,5,'male','Thompson','Thomas',0,'Pharetra','Facilisi','1994-05-02','11808',110),(113505,0,5,'male','Davis','Michelle',0,'Imperdiet','Ad','1980-08-15','4473',110),(113506,0,5,'male','Hill','Peter',0,'Rhoncus','Phasellus','1987-05-14','81819',110),(113507,0,5,'male','Mitchell','Nancy',0,'Arcu','Condimentum','1994-04-03','16174',110),(113508,0,5,'male','Russell','Mary',0,'Praesent','Molestie','1989-02-27','25165',110),(113509,0,5,'male','Flores','Ruth',0,'A','Eros','1975-05-28','77302',110),(113510,0,5,'male','Gonzales','Virginia',0,'Fringilla','Mus','1994-11-13','26393',110),(113512,0,5,'male','King','Angela',0,'Dolor','Aliquam','1980-02-21','89809',110),(113513,0,5,'male','Carter','Karen',0,'Pede','Imperdiet','1990-01-16','85241',110),(113514,0,5,'female','Sanders','Shirley',0,'Orci','Metus','1995-03-01','61905',110),(113515,0,5,'male','Jones','Thomas',0,'Nunc','Diam','1983-06-09','53802',110),(113516,0,5,'male','Hall','Barbara',0,'Senectus','Convallis','1992-09-11','83297',110),(113517,0,5,'male','Gonzalez','George',0,'Aliquet','Blandit','1985-02-02','65328',110),(113518,0,5,'male','Gonzalez','Anthony',0,'Sem','Ac','1977-04-07','76748',110),(113519,0,5,'male','Ross','Joshua',0,'Habitant','Eros','1992-12-18','92882',110),(113520,0,5,'male','Ross','Edward',0,'Cubilia','Dis','1981-05-18','44417',110),(113521,0,5,'female','Bennett','Ryan',0,'Sapien','Nisi','1981-06-18','38316',110),(113522,0,5,'male','Parker','Laura',0,'Nulla','Eget','1987-05-11','58330',110),(113523,0,5,'male','Richardson','Steven',0,'Facilisis','Varius','1976-03-10','81825',110),(113524,0,5,'male','Peterson','Donald',0,'Cursus','Ad','1992-03-10','44388',110),(113525,0,5,'male','Wilson','Carolyn',0,'Mattis','Nulla','1980-10-20','71341',110),(113526,0,5,'male','Young','Angela',0,'Nascetur','In','1989-03-19','33792',110),(113527,0,5,'male','Price','Kathleen',0,'Leo','Viverra','1985-06-03','49812',110),(113528,0,5,'male','Lee','Rebecca',0,'Lectus','Luctus','1980-03-04','52807',110),(113529,0,5,'male','Mitchell','George',0,'Penatibus','Donec','1978-09-18','19726',110),(113530,0,5,'male','Morgan','Sandra',0,'Netus','Mattis','1993-03-13','35084',110),(113531,0,5,'male','Coleman','Michelle',0,'Tortor','Venenatis','1993-07-22','21369',110),(113532,0,5,'female','Allen','Melissa',0,'Dapibus','Ornare','1992-04-01','1593',110),(113533,0,5,'male','Reed','Christopher',0,'Id','Vestibulum','1986-11-29','38735',110),(113534,0,5,'male','Diaz','Daniel',0,'Diam','Justo','1986-12-22','94018',110),(113535,0,5,'male','Perez','Kenneth',0,'Bibendum','Penatibus','1978-05-29','69264',110),(113536,0,5,'male','Parker','Harold',0,'Enim','Ridiculus','1987-01-05','64264',110),(113537,0,5,'male','Griffin','Charles',0,'Nam','Fusce','1993-11-19','18653',110),(113538,0,NULL,'male','Allen','Cynthia',0,'Etiam','Cubilia','1975-10-18','90226',110),(113539,0,NULL,'male','Roberts','Elizabeth',0,'Neque','Proin','1985-03-16','15670',110),(113540,0,NULL,'male','Davis','Debra',0,'Litora','Aliquet','1992-09-02','92298',110),(113541,0,NULL,'male','White','Elizabeth',0,'Blandit','Orci','1980-03-01','34979',110),(113542,0,NULL,'male','King','Jerry',0,'Laoreet','Magnis','1984-09-30','87751',110),(113543,0,NULL,'female','Murphy','Shirley',0,'Viverra','Habitant','1994-12-14','49196',110),(113544,0,NULL,'male','Edwards','Kimberly',0,'Est','Mattis','1994-02-02','77603',110),(113545,0,NULL,'male','Perez','Karen',0,'Lacinia','Natoque','1993-04-02','50677',110),(113546,0,NULL,'male','Lopez','Douglas',0,'Viverra','Porta','1981-02-08','20577',110),(113547,0,NULL,'male','Bailey','Susan',0,'Euismod','Amet','1983-05-18','45729',110),(113548,0,NULL,'female','Hughes','Daniel',0,'Placerat','A','1984-06-20','72038',110),(113549,0,NULL,'female','Mitchell','Anna',0,'Hymenaeos','Conubia','1993-02-15','33254',110),(113550,0,NULL,'male','Edwards','Martha',0,'Ligula','Elit','1987-06-27','45034',110),(113551,0,NULL,'male','Roberts','Donna',0,'Vitae','Sit','1983-09-15','30530',110),(113552,0,NULL,'male','Gonzales','Matthew',0,'Magna','Eu','1985-08-13','17550',110),(113553,0,NULL,'male','Gonzales','Thomas',0,'Tincidunt','Phasellus','1985-12-27','91036',110),(113554,0,NULL,'male','Collins','Marie',0,'Aenean','Sem','1984-09-25','23029',110),(113555,0,NULL,'male','Clark','Scott',0,'Sem','Nam','1987-06-07','31789',110),(113556,0,NULL,'male','Ward','Kimberly',0,'Phasellus','Nisl','1992-09-13','89860',110),(113557,0,NULL,'male','Brooks','Michael',0,'Lobortis','Commodo','1989-09-27','69308',110),(113558,0,NULL,'male','Murphy','Dennis',0,'Nec','Ad','1988-04-21','76959',110),(113559,0,NULL,'male','Williams','Joseph',0,'Erat','Duis','1989-10-14','81996',110),(113560,0,NULL,'male','Murphy','Martha',0,'Vivamus','Sollicitudin','1984-01-30','84230',110),(113561,0,NULL,'male','Barnes','Scott',0,'Aliquet','Dis','1976-11-23','80287',110),(113562,0,NULL,'female','Wood','Andrew',0,'Malesuada','Pretium','1983-07-30','53870',110),(113563,0,NULL,'female','Lopez','Donna',0,'Pretium','Per','1983-08-25','28492',110),(113564,0,NULL,'female','Ross','Debra',0,'Curabitur','Arcu','1986-12-30','75723',110),(113565,0,NULL,'male','Powell','Gary',0,'Justo','Etiam','1981-10-16','8517',110),(113566,0,NULL,'male','Lopez','Frank',0,'Ornare','Nam','1992-11-22','5165',110),(113567,0,NULL,'male','Miller','Stephen',0,'Urna','Aenean','1990-02-08','274',110),(113568,0,NULL,'male','Robinson','Jerry',0,'Congue','Pellentesque','1984-01-10','80753',110),(113569,0,NULL,'male','Stewart','Nancy',0,'Pharetra','Facilisi','1977-02-10','23443',110),(113570,0,NULL,'male','Miller','Patricia',0,'Tempor','Suscipit','1986-08-31','64704',110),(113571,0,NULL,'male','Sanders','Michael',0,'Convallis','Justo','1986-06-24','63444',110),(113572,0,NULL,'male','Lopez','Douglas',0,'Vivamus','Fringilla','1984-10-25','28233',110),(113573,0,NULL,'female','Hernandez','Roger',0,'Per','Morbi','1985-05-17','45706',110),(113574,0,NULL,'male','Roberts','Scott',0,'Magna','Dictum','1984-03-05','48960',110),(113575,0,NULL,'female','Smith','Raymond',0,'Neque','Duis','1989-08-07','12806',110),(113576,0,NULL,'male','Sanders','Frank',0,'Condimentum','Duis','1987-09-12','12024',110),(113577,0,NULL,'female','Brooks','Debra',0,'Est','Blandit','1976-09-10','21704',110),(113578,0,NULL,'male','White','Sarah',0,'At','Vel','1976-03-03','72450',110),(113579,0,NULL,'male','Ward','Thomas',0,'Enim','Eros','1989-12-07','12513',110),(113580,0,NULL,'male','Scott','Gary',0,'Amet','Mollis','1994-01-13','34967',110),(113581,0,NULL,'male','Reed','Ann',0,'Volutpat','Neque','1977-10-24','42419',110),(113582,0,NULL,'male','Collins','Charles',0,'Phasellus','Nullam','1975-09-24','12322',110),(113583,0,NULL,'male','Sanders','Raymond',0,'Gravida','Eget','1991-09-21','29229',110),(113584,0,NULL,'male','Diaz','Timothy',0,'Non','Ornare','1980-06-19','14304',110),(113585,0,NULL,'male','Price','Mary',0,'Ac','Gravida','1976-08-06','78706',110),(113586,0,NULL,'male','Campbell','William',0,'Commodo','Senectus','1976-05-05','65997',110),(113587,0,NULL,'male','White','Jose',0,'Aptent','Urna','1983-09-26','93866',110),(113588,0,NULL,'male','Baker','Cynthia',0,'Sodales','Vel','1978-02-08','81590',110),(113589,0,NULL,'male','Hughes','James',0,'Sociosqu','Habitant','1993-08-19','31478',110),(113590,0,NULL,'male','Murphy','Lisa',0,'Ullamcorper','Nisi','1984-10-03','7494',110),(113591,0,NULL,'female','Diaz','Angela',0,'Ridiculus','Ultricies','1980-12-21','37914',110),(113592,0,NULL,'male','Price','Ann',0,'Sociosqu','Sociis','1991-10-15','72211',110),(113593,0,NULL,'male','Lopez','David',0,'Molestie','Vitae','1976-10-31','57564',110),(113595,0,NULL,'male','Thompson','Melissa',0,'Primis','Conubia','1979-11-02','71187',110),(113596,0,NULL,'male','Sanders','David',0,'Ullamcorper','Etiam','1985-02-20','88368',110),(113597,0,NULL,'male','Campbell','Walter',0,'Class','Metus','1986-05-29','38532',110),(113598,0,NULL,'male','James','Marie',0,'Praesent','Luctus','1993-09-24','22430',110),(113599,0,NULL,'male','Carter','Nancy',0,'Eget','Lorem','1981-12-24','91429',110),(113600,0,NULL,'male','Perez','Elizabeth',0,'Senectus','Molestie','1975-07-06','10357',110),(113601,0,NULL,'male','Moore','Michelle',0,'Sagittis','Aptent','1980-01-14','62121',110),(113602,0,NULL,'male','Hill','Frances',0,'Rutrum','Tristique','1984-12-11','89786',110),(113603,0,NULL,'male','Peterson','Frances',0,'Nullam','Eros','1980-08-23','72817',110),(113604,0,NULL,'male','Flores','Andrew',0,'Scelerisque','Varius','1991-11-07','94726',110),(113605,0,NULL,'male','Foster','Dorothy',0,'Imperdiet','In','1983-03-25','65431',110),(113606,0,NULL,'male','Phillips','Robert',0,'Fusce','Eget','1979-08-17','42979',110),(113607,0,NULL,'male','White','John',0,'Luctus','Luctus','1989-10-02','18602',110),(113608,0,NULL,'male','Jackson','Laura',0,'Ullamcorper','Auctor','1976-01-18','58947',110),(113609,0,NULL,'female','Williams','Patricia',0,'Euismod','Pede','1986-04-20','49179',110),(113610,0,NULL,'female','Rodriguez','Kevin',0,'Pharetra','Vitae','1979-09-15','69055',110),(113611,0,NULL,'female','Diaz','Kenneth',0,'Elit','Accumsan','1985-03-17','7988',110),(113612,0,NULL,'female','Green','Mark',0,'Porta','Taciti','1995-01-18','22526',110),(113613,0,NULL,'male','Gonzalez','Carl',0,'Venenatis','Duis','1988-07-15','88667',110),(113614,0,NULL,'male','Stewart','Larry',0,'Turpis','Donec','1989-06-09','91132',110),(113615,0,NULL,'male','Jackson','Timothy',0,'Orci','Maecenas','1986-05-28','94787',110),(113616,0,NULL,'male','Russell','Dorothy',0,'Rhoncus','Felis','1983-07-13','10786',110),(113617,0,NULL,'male','Jenkins','Henry',0,'Primis','Dis','1983-05-27','54198',110),(113618,0,NULL,'male','Williams','Douglas',0,'Leo','Rutrum','1986-09-24','48880',110),(113619,0,NULL,'male','Flores','Jerry',0,'Mattis','Nam','1978-05-27','81807',110),(113620,0,NULL,'male','Miller','Marie',0,'Fermentum','Elementum','1978-09-25','72645',110),(113621,0,NULL,'male','James','Robert',0,'Eu','Sociis','1978-09-17','22932',110),(113622,0,NULL,'male','Brown','Virginia',0,'Quis','Natoque','1989-06-02','86474',110),(113623,0,NULL,'male','Wilson','Mark',0,'Ridiculus','Commodo','1977-11-07','78950',110),(113624,0,NULL,'male','Garcia','Kimberly',0,'Aenean','Quisque','1982-02-18','40454',110),(113625,0,NULL,'male','Lopez','Jeffrey',0,'Diam','Quisque','1977-11-17','60296',110),(113626,0,NULL,'female','Martinez','Jose',0,'In','Sed','1987-07-24','85242',110),(113627,0,NULL,'female','Brown','Ruth',0,'Pede','Curabitur','1986-11-14','55574',110),(113628,0,NULL,'male','Powell','Timothy',0,'Senectus','Curabitur','1976-04-06','22142',110),(113629,0,NULL,'male','Sanchez','Laura',0,'Ad','Montes','1986-04-01','38866',110),(113630,0,NULL,'male','Jenkins','Gary',0,'Phasellus','Tortor','1979-01-18','33030',110),(113631,0,NULL,'male','Murphy','Ronald',0,'Commodo','Erat','1984-08-20','48552',110),(113632,0,NULL,'male','Griffin','Gary',0,'Mauris','Quis','1987-07-07','48797',110),(113633,0,NULL,'male','Sanchez','Debra',0,'Ipsum','Placerat','1982-07-12','3454',110),(113634,0,NULL,'male','Simmons','Jose',0,'Conubia','Ligula','1984-03-22','60627',110),(113635,0,NULL,'male','Reed','Sharon',0,'Natoque','A','1992-07-29','8151',110),(113636,0,NULL,'male','Barnes','Edward',0,'Etiam','Dignissim','1992-02-05','48624',110),(113637,0,NULL,'male','Reed','Nancy',0,'Tortor','Lobortis','1978-07-24','28915',110),(113638,0,NULL,'female','Evans','Catherine',0,'Bibendum','Sapien','1994-01-27','93582',110),(113639,0,NULL,'male','Edwards','Amy',0,'Sed','Montes','1976-02-25','1663',110),(113640,0,NULL,'male','Mitchell','Henry',0,'Ac','Quis','1985-03-23','12194',110),(113641,0,NULL,'male','Rivera','Cynthia',0,'Dis','Dapibus','1993-03-02','55985',110),(113642,0,NULL,'male','Henderson','Ruth',0,'Commodo','Feugiat','1988-07-26','53590',110),(113643,0,NULL,'male','Sanchez','Scott',0,'Vehicula','Ante','1984-03-19','5120',110),(113644,0,NULL,'male','Campbell','Ryan',0,'Nisl','Natoque','1985-05-18','54583',110),(113645,0,NULL,'male','Nelson','Michelle',0,'Massa','Senectus','1991-10-16','67803',110),(113646,0,NULL,'male','Rogers','Christopher',0,'Nibh','Porta','1990-07-13','80395',110),(113647,0,NULL,'male','Moore','Susan',0,'Ante','Sagittis','1980-12-03','8813',110),(113648,0,NULL,'male','Smith','Thomas',0,'Accumsan','Torquent','1978-04-21','87509',110),(113649,0,NULL,'male','Turner','Joshua',0,'Urna','Ullamcorper','1979-11-29','31603',110),(113650,0,NULL,'male','Green','Barbara',0,'In','Lectus','1986-12-21','85241',110),(113651,0,NULL,'male','Gonzalez','Charles',0,'Nisl','Quis','1993-01-19','46772',110),(113652,0,NULL,'male','Rogers','Mary',0,'Fringilla','Magnis','1976-12-01','73012',110),(113653,0,NULL,'male','Allen','William',0,'Suscipit','Ipsum','1994-12-01','34996',110),(113654,0,NULL,'female','Bell','Frances',0,'Arcu','Quis','1991-09-08','50820',110),(113655,0,NULL,'male','Jenkins','Gregory',0,'Mi','Facilisis','1975-11-12','54234',110),(113656,0,NULL,'male','Russell','Dennis',0,'Torquent','Nullam','1975-08-16','23839',110),(113657,0,NULL,'male','Foster','Scott',0,'Suscipit','Libero','1981-12-18','51367',110),(113658,0,NULL,'male','Howard','Betty',0,'Etiam','Non','1983-12-08','90445',110),(113659,0,NULL,'male','Robinson','Virginia',0,'Litora','Conubia','1987-03-13','13497',110),(113660,0,NULL,'male','Garcia','David',0,'Nisi','Diam','1993-08-10','80775',110),(113661,0,NULL,'male','Anderson','Jerry',0,'Integer','Venenatis','1979-06-16','78759',110),(113662,0,NULL,'male','Alexander','Thomas',0,'Pellentesque','Litora','1992-01-26','56597',110),(113663,0,NULL,'male','Parker','Walter',0,'Suspendisse','Risus','1988-12-11','46706',110),(113664,0,NULL,'female','Martinez','Janet',0,'Auctor','Tristique','1990-07-01','63743',110),(113665,0,NULL,'male','Ramirez','Nancy',0,'Phasellus','Morbi','1983-09-02','83721',110),(113666,0,NULL,'male','Walker','Joyce',0,'Tellus','Et','1981-08-23','37627',110),(113667,0,NULL,'male','Edwards','Jessica',0,'Ac','Dapibus','1976-10-22','31849',110),(113668,0,NULL,'male','Henderson','Patrick',0,'Donec','Pulvinar','1991-02-03','46364',110),(113669,0,NULL,'female','Brooks','George',0,'Risus','Proin','1975-11-15','41399',110),(113670,0,NULL,'male','Barnes','Douglas',0,'Ornare','Quam','1989-08-01','67901',110),(113671,0,NULL,'male','Wood','Joshua',0,'Vel','Morbi','1982-05-25','25559',110),(113672,0,NULL,'male','Russell','Dennis',0,'Senectus','Tellus','1985-09-03','18970',110),(113673,0,NULL,'male','Ramirez','Ann',0,'Netus','Porttitor','1994-05-10','18170',110),(113674,0,NULL,'male','Anderson','Andrew',0,'Mus','Imperdiet','1988-01-29','33943',110),(113675,0,NULL,'male','Hill','Raymond',0,'Sagittis','Nunc','1981-01-09','20329',110),(113676,0,NULL,'male','Ramirez','Stephen',0,'Congue','Aptent','1976-09-11','94690',110),(113677,0,NULL,'male','Barnes','Joshua',0,'Posuere','Neque','1988-10-18','32965',110),(113678,0,NULL,'male','Lopez','Larry',0,'Quam','Non','1990-01-31','70507',110),(113679,0,NULL,'male','Martin','Angela',0,'Facilisis','Vestibulum','1993-05-17','63890',110),(113680,0,NULL,'male','Johnson','Carol',0,'Posuere','Nam','1975-10-06','13052',110),(113681,0,NULL,'male','King','Ronald',0,'Mattis','Tempus','1990-11-16','63343',110),(113682,0,NULL,'male','Williams','Walter',0,'Lorem','Sodales','1983-06-08','87807',110),(113683,0,NULL,'male','Long','David',0,'Fusce','Venenatis','1980-03-28','59257',110),(113684,0,NULL,'male','Morris','Catherine',0,'Felis','Dui','1977-10-30','32867',110),(113685,0,NULL,'male','Baker','Jason',0,'Proin','Ut','1994-04-05','81437',110),(113686,0,NULL,'male','Torres','Deborah',0,'Velit','Ac','1978-06-26','23958',110),(113687,0,NULL,'male','Patterson','Janet',0,'Placerat','Feugiat','1986-10-04','65232',110),(113688,0,NULL,'male','Sanchez','Douglas',0,'Taciti','Gravida','1977-11-27','64537',110),(113689,0,NULL,'female','Scott','Kenneth',0,'Amet','Proin','1977-06-01','32114',110),(113690,0,NULL,'male','Morris','Carol',0,'Ultrices','Montes','1978-05-09','61833',110),(113691,0,NULL,'male','Edwards','Joyce',0,'Iaculis','Hymenaeos','1993-02-05','23076',110),(113692,0,NULL,'male','Hall','Melissa',0,'Malesuada','Suspendisse','1977-12-07','24756',110),(113693,0,NULL,'female','Cooper','Raymond',0,'Hendrerit','Senectus','1983-10-17','54550',110),(113694,0,NULL,'female','Martinez','Amy',0,'Integer','Vehicula','1978-09-13','8734',110),(113695,0,NULL,'male','Cooper','Frank',0,'Congue','Dapibus','1982-06-18','69772',110),(113696,0,NULL,'male','Powell','Lisa',0,'Velit','Senectus','1985-06-27','38033',110),(113697,0,NULL,'female','Bryant','Nancy',0,'Ac','Congue','1977-04-15','75725',110),(113698,0,NULL,'male','Williams','Walter',0,'Non','Arcu','1977-07-30','74778',110),(113699,0,NULL,'male','Bell','Angela',0,'Varius','Consectetuer','1980-11-30','51837',110),(113700,0,NULL,'female','Johnson','Daniel',0,'Tellus','Pellentesque','1983-08-31','34855',110),(113701,0,NULL,'male','Williams','Marie',0,'Commodo','Fames','1991-04-26','18762',110),(113702,0,NULL,'male','Bennett','Laura',0,'Eleifend','Eu','1982-07-13','84121',110),(113703,0,NULL,'male','Young','Helen',0,'Fusce','Suspendisse','1984-02-28','79693',110),(113704,0,NULL,'female','Barnes','Scott',0,'Arcu','Sodales','1986-08-03','51230',110),(113705,0,NULL,'female','Bryant','William',0,'Mus','Nisl','1989-01-07','17071',110),(113706,0,NULL,'female','Hill','Angela',0,'Torquent','Sodales','1992-06-01','26540',110),(113707,0,NULL,'male','Richardson','Frank',0,'Velit','A','1975-08-23','81488',110);
/*!40000 ALTER TABLE `coms_participant` ENABLE KEYS */;
UNLOCK TABLES;

--
-- Dumping data for table `coms_participant_email`
--

LOCK TABLES `coms_participant_email` WRITE;
/*!40000 ALTER TABLE `coms_participant_email` DISABLE KEYS */;
INSERT INTO `coms_participant_email` VALUES (875646,112913,'ggnteoi.azysslbaccendb@mail.com',113,1),(875647,112914,'ehvl_pbmfqoyz@yahoo.com',113,1),(875648,112915,'ivaqzy_zsmjkxfmaclxf@google.com',113,1),(875649,112916,'qkfoehw.upoydwxxndzouh@google.com',113,1),(875650,112917,'mejr.qcrclxdysp@mail.com',113,1),(875651,112918,'jjrg.tgbmgtzstcen@google.com',113,1),(875652,112919,'zrjqbg.tlzqezitipxru@mail.com',113,1),(875654,112921,'tgz_ngpiveklqdwyaio@mail.com',113,1),(875655,112922,'ohu_ozdumautrhh@live.com',113,1),(875657,112924,'rggyb.diewxxvlcnekk@mail.com',113,1),(875658,112925,'yfet_oyyzdrwltyiyq@yahoo.com',113,1),(875659,112926,'hbkmpnw_ihkfukqwcwao@live.com',113,1),(875660,112927,'wefef_algwqpzdijvar@yahoo.com',113,1),(875661,112928,'pbjrbh.uznpllwbzbhjy@live.com',113,1),(875662,112929,'vogitu_lwcwamkoamji@live.com',113,1),(875663,112930,'ggnxtbd.sgcusetdzkd@yahoo.com',113,1),(875664,112931,'oofw_anoddemzsq@google.com',113,1),(875665,112932,'fal.oqlhfcvy@mail.com',113,1),(875666,112933,'ryrwq.pnvncykdhwjg@google.com',113,1),(875667,112934,'znrpvh.kvzkaypfi@google.com',113,1),(875668,112935,'rach_bmfognum@live.com',113,1),(875669,112936,'afbafy.lauwaorrrk@google.com',113,1),(875671,112938,'wflrqe_jxjbhhmokvv@live.com',113,1),(875672,112939,'qjyjvd.lsfyafcxd@google.com',113,1),(875673,112940,'oefvs.ayuatqzbed@google.com',113,1),(875674,112941,'auyc.zevtgaionddfpj@mail.com',113,1),(875675,112942,'xqiwzi_pucfsyqjizyvgvh@mail.com',113,1),(875676,112943,'xqkz.dbtshglm@live.com',113,1),(875677,112944,'irgu_ovmwyeyhuigi@mail.com',113,1),(875678,112945,'bwfng_snnzjynuwye@google.com',113,1),(875679,112946,'tmhwoct_rnrtskvwogrqbl@google.com',113,1),(875680,112947,'tsite_buunfnzjoybkuwx@mail.com',113,1),(875681,112948,'rttji.dlwxzdsg@live.com',113,1),(875682,112949,'wnanz.eohuauwx@yahoo.com',113,1),(875683,112950,'nqsqo_ohtxfibjsymo@yahoo.com',113,1),(875684,112951,'fxyadsf_jjwehxqmbvam@yahoo.com',113,1),(875685,112952,'lbybo_tqxofhuc@google.com',113,1),(875686,112953,'tcii_mrzxmtgcimkpu@google.com',113,1),(875687,112954,'iggrz_bxkilfugxrriqgj@mail.com',113,1),(875688,112955,'udeyg.rwizxrqcqljm@google.com',113,1),(875689,112956,'tbci_bkwehyucs@mail.com',113,1),(875690,112957,'fnxcrad_jevojcjmooc@mail.com',113,1),(875691,112958,'cxd_hnpntfsb@yahoo.com',113,1),(875692,112959,'akwl_jgdznoiwnje@mail.com',113,1),(875693,112960,'okjvl_ueltildlsbfxwr@live.com',113,1),(875694,112961,'juvqrno.tvzhpctkumehyw@yahoo.com',113,1),(875695,112962,'rclwwqr.gwpkdoizzzvicng@live.com',113,1),(875696,112963,'wczhkg_fcwyebsixvkm@google.com',113,1),(875697,112964,'mvuqb.dzmnbrimhvhw@live.com',113,1),(875698,112965,'glpyd_qvfphtusv@live.com',113,1),(875699,112966,'rjws_njkusfyaot@google.com',113,1),(875700,112967,'ayqci.jckqxtaxac@yahoo.com',113,1),(875701,112968,'xglcz_fddemxbnrzw@yahoo.com',113,1),(875702,112969,'ged.haiqbmemsbdmbv@google.com',113,1),(875703,112970,'ougjkxg_ycqwlqwkbvc@mail.com',113,1),(875704,112970,'ljngn_kqbhfiyskxgoc@mail.com',113,1),(875705,112971,'umyeo.zyubypbnnhy@mail.com',113,1),(875706,112972,'baxxw_awfnyfflhwob@live.com',113,1),(875708,112974,'dqu.pixnxzcpnrsqy@mail.com',113,1),(875709,112975,'rsmr_sktopfkhg@live.com',113,1),(875710,112976,'ffnctly.fuihnsbbw@live.com',113,1),(875711,112977,'rmic_rytzrirkowruxcu@live.com',113,1),(875712,112978,'dnhgudj.uwzfgnvnp@yahoo.com',113,1),(875713,112979,'spxowp.esbeszuawakawi@google.com',113,1),(875714,112980,'gctcc.gzewxuhczvidt@google.com',113,1),(875715,112981,'aiq_akwgpfia@yahoo.com',113,1),(875716,112982,'xgo_uenbrgefptw@google.com',113,1),(875717,112983,'utijl.ayqispwmbnklyns@mail.com',113,1),(875718,112984,'rpvon_bpviewwrtoobpv@yahoo.com',113,1),(875719,112985,'ptzgiw.bgbnnamkroxs@mail.com',113,1),(875720,1,'lndr_dvteruznzuats@google.com',113,1),(875721,112986,'ajuvqqg.iiqipagfhgj@google.com',113,1),(875722,112987,'lwzw.pgnvohvhbikbcih@yahoo.com',113,1),(875723,112988,'jmknz.iysuvtessslattk@mail.com',113,1),(875724,112989,'aot.hmlwyfcxl@yahoo.com',113,1),(875725,112990,'arhd.czovmxdzcjm@yahoo.com',113,1),(875728,112993,'yxrag.hvfpkgyymydzkc@yahoo.com',113,1),(875729,112994,'hkg_nzhnuifckcjnnal@yahoo.com',113,1),(875730,112995,'cptjzxq.uzouhainqfdzq@google.com',113,1),(875731,112996,'uni.ydshgjeqvvqub@mail.com',113,1),(875732,112997,'cwbjrg.tvwwvknklonz@google.com',113,1),(875733,112998,'hsq.ejimluppox@mail.com',113,1),(875734,112999,'wqncft.ugwruvxxpjclvx@google.com',113,1),(875735,113000,'hkfkpty_xufsaxmqskvxa@yahoo.com',113,1),(875736,113001,'zttau_gjfxwrspnalfsx@yahoo.com',113,1),(875737,113002,'ojfdthi_mkomwvmaywof@yahoo.com',113,1),(875738,113003,'inon_zdthhpbmt@google.com',113,1),(875739,113004,'xntf.yhtwzleplwy@google.com',113,1),(875740,113005,'sfxswhw.uoiyvhyui@yahoo.com',113,1),(875742,113007,'hqhuj_nydxedcaqgkfwrv@google.com',113,1),(875745,113010,'xjcvv_yrlhbnjgg@live.com',113,1),(875746,113011,'qezr.vznpmqrk@google.com',113,1),(875747,113012,'eqrha.iwhxnanpub@mail.com',113,1),(875749,113014,'fkktin.xbnmvsabt@google.com',113,1),(875750,113015,'nej_teogoamiz@yahoo.com',113,1),(875751,113016,'zttel_fwsbbfwt@google.com',113,1),(875753,113018,'mxfv.vhywmumzajrj@live.com',113,1),(875754,113019,'nmvhea_ndbympmqrhitv@mail.com',113,1),(875755,113020,'vplsk_ygizwjfyc@mail.com',113,1),(875756,113021,'yfgww_lmcasosxfyc@live.com',113,1),(875758,113023,'wmvaac.ghrmmwxzf@yahoo.com',113,1),(875759,113024,'cktdh_dprpyywmilepk@google.com',113,1),(875760,113025,'tgxoedh_adqvgtzrdkq@mail.com',113,1),(875761,113026,'mwxoflp_cvthfehvt@google.com',113,1),(875763,113028,'gxvf.nogpgmrxxwpl@yahoo.com',113,1),(875766,113031,'qbkqxq.gwsynthcabimi@yahoo.com',113,1),(875767,113032,'kgywnap_vjjtrbill@mail.com',113,1),(875768,113033,'xyyqnrw.cktprnqp@live.com',113,1),(875770,113035,'naocgv_aqdsdnfmmapzdr@mail.com',113,1),(875771,113036,'yuc_uyiubvbsrh@yahoo.com',113,1),(875772,113037,'bdn.jqcnjhkcdu@live.com',113,1),(875773,113038,'nxywnam.lcdifbuqjiotav@google.com',113,1),(875774,113039,'mumnoiz_idprouhz@google.com',113,1),(875775,113040,'dxfm_ppebwbreyyzcnhy@mail.com',113,1),(875776,113041,'frtmfn_eargedfpbd@live.com',113,1),(875777,113042,'ozgj.zgiysrgd@mail.com',113,1),(875778,113043,'fkjfzi_ismiewwskijxmol@live.com',113,1),(875779,113044,'fnbwm_ryrougvkkmgt@mail.com',113,1),(875780,113045,'rjw.ytaxkgaln@mail.com',113,1),(875781,113046,'lepjo_kgahkgzcpeek@yahoo.com',113,1),(875782,113047,'wbsm.apywofjcekmf@live.com',113,1),(875783,113048,'ixlmr_lnidqwhzrovnbtq@mail.com',113,1),(875784,113049,'fogxa.keojevnc@mail.com',113,1),(875785,113050,'xctdi.sfwsxntfsavccdl@live.com',113,1),(875786,113051,'hgka.xkfxwrrkoybkynr@mail.com',113,1),(875787,113052,'zns.xocshgmrgtzrjw@google.com',113,1),(875788,113053,'ocutwb_exbonann@mail.com',113,1),(875789,113054,'qxpq.xkhgljoqyyyx@live.com',113,1),(875790,113055,'iuzzf.nnapzafxgfiytym@live.com',113,1),(875791,113056,'nujgv.ipywpiubqhpblaw@yahoo.com',113,1),(875792,113057,'xpfs_kymqssimpvh@google.com',113,1),(875795,113060,'jrfjxiz_xobosuvtmk@live.com',113,1),(875797,113039,'sskrjuy.vbwdcbavl@live.com',113,1),(875798,113063,'yrntsg.kjnncxhsahhrj@mail.com',113,1),(875799,113064,'pduytw.ccceqqfd@mail.com',113,1),(875800,113065,'zlid.ynrvczpbpivf@yahoo.com',113,1),(875802,113067,'xycoe.ynrxnwtcai@live.com',113,1),(875803,113068,'uhaf.rouihjyrxudi@yahoo.com',113,1),(875804,113069,'mlubfx_nburzzyu@google.com',113,1),(875805,113070,'igiemti.dluokjrhhea@live.com',113,1),(875806,113071,'qoxsuxd_ljmhzcoktps@live.com',113,1),(875807,113072,'kxj_ibfzeygjq@live.com',113,1),(875808,113073,'qblripz.ctonxbmfxljpy@mail.com',113,1),(875821,113086,'hzab_lsetfvofumz@live.com',113,1),(875822,113087,'uhcvgv.fctlavapclauvvq@live.com',113,1),(875823,113088,'uticf_knkmemxdvoiacm@google.com',113,1),(875824,113089,'yoxnbsi_bnidrxpeh@mail.com',113,1),(875825,113090,'yuc.uhexzfegymokg@google.com',113,1),(875826,113091,'jspzpc_zabimjldbm@google.com',113,1),(875828,113093,'ftdpt_kgajutlarcmbv@google.com',113,1),(875829,113094,'wbq_zxpitvxziu@google.com',113,1),(875830,113095,'tqydfu.wqnsawjelvvpnu@yahoo.com',113,1),(875831,113096,'zmlwvnb_qvhzafakljosxiz@mail.com',113,1),(875832,113097,'gtybp_uvvrvddjqd@live.com',113,1),(875833,113098,'josbwbr.efmtjoqoluqtyi@mail.com',113,1),(875834,113099,'pdxi_rrinruwcsgbmid@live.com',113,1),(875835,113100,'ytvlend.bzuxfhwnhmppcur@mail.com',113,1),(875836,113101,'vgrhlk_fzjuwxzgss@yahoo.com',113,1),(875837,113102,'oufyox_piyqiwfpqj@mail.com',113,1),(875838,113103,'hwjo_whtxhrot@google.com',113,1),(875839,113104,'plnl_zzxnyboqlur@mail.com',113,1),(875840,113105,'qkcg.ytxgozffgct@yahoo.com',113,1),(875841,113106,'atsl.dserxocsfh@mail.com',113,1),(875842,113107,'ekpymm.tsfwuhdwojbete@live.com',113,1),(875843,113108,'oyccjo_wejevrvext@mail.com',113,1),(875844,113109,'rkc_flolpqlib@live.com',113,1),(875845,113110,'blyy_pyzzzxrq@live.com',113,1),(875846,113111,'nycngs_aqbiouhzw@mail.com',113,1),(875847,113112,'mari_kijztuseijwegv@yahoo.com',113,1),(875848,113113,'dsdgt_dariowpmllxe@google.com',113,1),(875849,113114,'knhzbgb_rrjsnnxckutks@yahoo.com',113,1),(875850,113115,'tnmqrou.tavbuvsepean@live.com',113,1),(875851,113116,'tupmkn_zhmqsqcqykfuig@yahoo.com',113,1),(875852,113117,'qkce_iuxdzljlj@yahoo.com',113,1),(875853,113118,'eltvy.xcvvsbfvflme@yahoo.com',113,1),(875854,113119,'sgao_svczpajtetfvm@google.com',113,1),(875855,113120,'osw.bhgllvxybmcemxb@live.com',113,1),(875856,113121,'vjkdaqg.qleohucb@mail.com',113,1),(875857,113122,'ped.gyxsweibgj@google.com',113,1),(875858,113123,'rvd.wzgiyrpay@google.com',113,1),(875859,113124,'mgu.ygkjnpkftdlvvqq@yahoo.com',113,1),(875860,113125,'xjfwqqf.cavdfqpzs@google.com',113,1),(875861,113126,'yajkxg_kdncyjbg@live.com',113,1),(875862,113127,'tav_lcfufueqhmmbt@live.com',113,1),(875863,113128,'ubzoru_bqbkwaqz@google.com',113,1),(875864,113129,'borpta_flqxnzgkz@google.com',113,1),(875865,113130,'the_nkmdhahhnplkr@google.com',113,1),(875866,113131,'laucvvs_stpsvanmlhblzrk@mail.com',113,1),(875867,113132,'tvwjnn_gizxnwujklas@live.com',113,1),(875868,113133,'wocbtnj.nohsslawqm@live.com',113,1),(875869,113134,'bvwtdlu_xpgmpoboslemx@google.com',113,1),(875870,113135,'opihwlo_gkjnpkfvbvzj@mail.com',113,1),(875871,113136,'cylvt.howruwydqucdhd@mail.com',113,1),(875872,113137,'tfvdd.ofkkwapwydw@mail.com',113,1),(875873,113138,'ecvzfcv_eaqewukpxgqjy@live.com',113,1),(875874,113139,'fgqdl_wsbfujmia@live.com',113,1),(875875,113140,'qmoq.jkxkhfegtrbjp@mail.com',113,1),(875876,113141,'jhj.tcijuxctgrt@live.com',113,1),(875877,113142,'zzzabeu.nnzjvasmp@yahoo.com',113,1),(875878,113143,'ytync_kdpoycseayssj@mail.com',113,1),(875879,113144,'uni.wrwflqwlmrwl@live.com',113,1),(875880,113145,'tvxfegr_wpkhdupqeoj@google.com',113,1),(875881,113146,'ijyws_oyainplkdtgyc@live.com',113,1),(875882,113147,'xnzo_afzjwfmuwyd@mail.com',113,1),(875883,113148,'ybl.sypcsfychgixo@google.com',113,1),(875884,113149,'qbifs_llwcwctotkq@mail.com',113,1),(875885,113150,'yvhtzrm.bkwcyixmihmpns@google.com',113,1),(875886,113151,'joqpm_uasmfqoxhzcqtv@mail.com',113,1),(875887,113152,'iuzui.dyhroqqe@live.com',113,1),(875888,113153,'evpbp_lrytyntejbgb@live.com',113,1),(875889,113154,'lra_hwnxyzdqnxybmgu@google.com',113,1),(875890,113155,'hds_ervbxhrppkfxuf@live.com',113,1),(875891,113156,'whtnszt_yedbzqitbimko@live.com',113,1),(875892,113157,'edgceq_xvkqwmvrizaerz@mail.com',113,1),(875893,113158,'zmpjn_jzwlppfgjazv@google.com',113,1),(875894,113159,'rtpbaw.ofiysvaq@live.com',113,1),(875895,113160,'zxnxwoh_atsilgyau@yahoo.com',113,1),(875896,113161,'apz.dapyxtcdura@mail.com',113,1),(875897,113162,'vfn_xcrewszvn@google.com',113,1),(875898,113163,'orq.nmyhpezmnny@google.com',113,1),(875899,113164,'cars_ofiyubztyctlxf@yahoo.com',113,1),(875900,113165,'lwdoter_uptwcxfkot@google.com',113,1),(875901,113166,'xlno.aslendaslpql@yahoo.com',113,1),(875902,113167,'jwex_jbdlygmsm@mail.com',113,1),(875903,113168,'kerixrq.tjqbimmyj@google.com',113,1),(875904,113169,'jot_nvnfnwuh@live.com',113,1),(875905,113170,'hfe.wybkwcykx@mail.com',113,1),(875906,113171,'nzjqglk_falenbvx@yahoo.com',113,1),(875907,113172,'smgqnrt_wvmzlifd@mail.com',113,1),(875908,113173,'kiipwl_qmncwdzmehxs@mail.com',113,1),(875909,113174,'cyltk_busdolnfgnxy@mail.com',113,1),(875910,113175,'drxfj.lyjbdlvxcqwlppg@live.com',113,1),(875911,113176,'ujmg.zpxvieye@live.com',113,1),(875912,113177,'lcdn.jtoqotbdefqn@live.com',113,1),(875913,113178,'cihd_jdqqkdlsho@mail.com',113,1),(875914,113179,'yaf_agcsimltzow@live.com',113,1),(875915,113180,'jbeazx_hpduryqicatsio@mail.com',113,1),(875916,113181,'gvktzq.kgbnkmgt@mail.com',113,1),(875917,113182,'gqla.nqoxxtzswmxz@google.com',113,1),(875918,113183,'amjp_drbgzhjb@yahoo.com',113,1),(875919,113184,'oqnpbp_vaqafbpwxyc@live.com',113,1),(875920,113185,'xocqud.wmxcsinqhllwa@yahoo.com',113,1),(875921,113186,'avcsnnb_mgswgphqsp@mail.com',113,1),(875922,113187,'gwoj.yakwcwanxbn@yahoo.com',113,1),(875923,113188,'upqa.xlnicmekzqf@google.com',113,1),(875924,113189,'kjogxr_orriqeyfm@live.com',113,1),(875925,113190,'fwqbn.fcusfvpmgssn@yahoo.com',113,1),(875926,113191,'unfry_uumeicmc@yahoo.com',113,1),(875927,113192,'cqu.yobnmxbnvth@google.com',113,1),(875928,113193,'umc_gsvxcuqvt@mail.com',113,1),(875929,113194,'ozg.wlqvelrzsuvsesz@mail.com',113,1),(875930,113195,'cdh.lihjchdunulv@mail.com',113,1),(875931,113196,'ilfgvl_olmbwddglqwlpr@live.com',113,1),(875932,113197,'eyf.fqqfdcbbn@google.com',113,1),(875933,113198,'bzqs_adpoydxbphqg@yahoo.com',113,1),(875934,113199,'ojemaot.gzdumcbzkcepo@mail.com',113,1),(875935,113200,'szu_xdapxsxkx@mail.com',113,1),(875936,113201,'ofmchf.kkwcuunfsgb@yahoo.com',113,1),(875937,113202,'iewoiyr_ywmumbvzxm@live.com',113,1),(875938,113203,'xloti.xhvhacmdl@live.com',113,1),(875939,113204,'gdx_npmneidrrotbdkr@google.com',113,1),(875940,113205,'kur.lhbkvyfimtgbprs@yahoo.com',113,1),(875941,113206,'jghdy.lmddgwqmlkto@yahoo.com',113,1),(875942,113207,'ractm.diealgvjats@yahoo.com',113,1),(875943,113208,'ovmujmi.bpwnanmvktmfmx@google.com',113,1),(875944,113209,'qwn_wnalhbkvajwegtc@google.com',113,1),(875945,113210,'fszpxr_jvyivcbxlwb@live.com',113,1),(875946,113211,'nhz.jrdunejhaxm@live.com',113,1),(875947,113212,'etfdmz_qnuhcrzzqjzubvb@mail.com',113,1),(875948,113213,'amlewr_jfxyaggka@yahoo.com',113,1),(875949,113214,'uxe.fqnsazxmhhliky@live.com',113,1),(875950,113215,'yzctzn_axmrysqcqjxk@yahoo.com',113,1),(875951,113216,'skymb_eemtileplxc@mail.com',113,1),(875952,113217,'yctxh_skynuhdvbchgi@mail.com',113,1),(875953,113218,'grpcpqk.iismieyclarhmp@yahoo.com',113,1),(875954,113219,'kus_gphpdygkmh@google.com',113,1),(875955,113220,'tktph_kawgqmmxa@live.com',113,1),(875956,113221,'xufypd_hqirjwddu@google.com',113,1),(875957,113222,'swgjyq.pebsmenzbax@live.com',113,1),(875958,113223,'csg_fhxobskuokilen@google.com',113,1),(875959,113224,'tnlnx_wrtrexxxttlat@live.com',113,1),(875960,113225,'imjhy_idryrqcqrnqpeyi@live.com',113,1),(875961,113226,'tlzbl.encxhuznfrwejf@google.com',113,1),(875962,113227,'pvh.hqirjttkfjevoiz@mail.com',113,1),(875963,113228,'mtiu_gkikchdwzbmejim@live.com',113,1),(875964,113229,'gny_pqitvxbobpxu@google.com',113,1),(875965,113230,'gwpx_bqaewsba@google.com',113,1),(875966,113231,'kqa_sripyxugnaosxj@google.com',113,1),(875967,113232,'thf_qysvyedacyjabg@mail.com',113,1),(875968,113233,'feea.edfpiwhxfiab@google.com',113,1),(875969,113234,'yahu.uxcurxod@live.com',113,1),(875970,113235,'ywphf.cavczrmglqvjgd@mail.com',113,1),(875971,113236,'ivd.qwlprotdmie@mail.com',113,1),(875972,113237,'ujktsjp_wodaqdsg@yahoo.com',113,1),(875973,113238,'ylm_kxketepknm@mail.com',113,1),(875974,113239,'fiynsw.qjyqjwekwbt@yahoo.com',113,1),(875975,113240,'frtgec.rlfqpzexzeydxeb@mail.com',113,1),(875976,113241,'shfp.soqqdwvni@google.com',113,1),(875977,113242,'omr_wkkvxalezlha@yahoo.com',113,1),(875978,113243,'qcpjaz_czspudhdjpvknm@live.com',113,1),(875979,113244,'eszxed.jkwbvvujodby@yahoo.com',113,1),(875980,113245,'qrk.qqhnuhdsb@live.com',113,1),(875981,113246,'vhz.ppdznrvc@mail.com',113,1),(875982,113247,'iaa_jdppfhtxk@yahoo.com',113,1),(875983,113248,'rhkt.qsotzpeaywnz@yahoo.com',113,1),(875984,113249,'end.ynwsxnulwujnnz@yahoo.com',113,1),(875985,113250,'oyy.wtdlxbqbutk@live.com',113,1),(875986,113251,'fzknujn.lcbcgyyytxivhxp@yahoo.com',113,1),(875987,113252,'azvr_iovlsgcsrim@live.com',113,1),(875988,113253,'fmsv_ehxrqdunyu@google.com',113,1),(875989,113254,'bzuixln.wobtnidqasldjm@yahoo.com',113,1),(875990,113255,'afz.ykfugzcphoxw@live.com',113,1),(875991,113256,'trczp.prrjtqzywfkly@yahoo.com',113,1),(875992,113257,'ijwm_ohvgugxszmkqac@yahoo.com',113,1),(875993,113258,'wbtlo_bptatvum@mail.com',113,1),(875994,113259,'hrq.rinpoxvlktmfr@live.com',113,1),(875995,113260,'hlkewu.kawizystsvbt@live.com',113,1),(875996,113261,'vfo.phtuumbxbh@google.com',113,1),(875997,113262,'bur.wamhcpsurzyrml@live.com',113,1),(875998,113263,'kvwwswh_wehwknhyrovnbtm@yahoo.com',113,1),(875999,113264,'wnzv.vyeaqewvnthb@live.com',113,1),(876000,113265,'klauqu.ztvvqsqz@yahoo.com',113,1),(876001,113266,'bvbrck_xzggnunc@mail.com',113,1),(876002,113267,'bvzv.hwocxglnud@yahoo.com',113,1),(876003,113268,'ioua.nogrmlvufmsc@yahoo.com',113,1),(876004,113269,'qbhy_dyfhubxkoq@live.com',113,1),(876005,113270,'bopo_hmojckshepl@yahoo.com',113,1),(876006,113271,'pufbzv.hafzisptkilftcf@live.com',113,1),(876007,113272,'xmqnqp.qvhxtawejqb@yahoo.com',113,1),(876008,113273,'atq.pqjxkjqz@live.com',113,1),(876009,113274,'twd_hvelsgbmhk@google.com',113,1),(876010,113275,'mygkt_qkbervbxxp@google.com',113,1),(876011,113276,'jfvkg.uomthffjdx@google.com',113,1),(876012,113277,'eicia.omtikbcewhuek@live.com',113,1),(876013,113278,'qmkgfh_ylkpxqnt@yahoo.com',113,1),(876014,113279,'irl.luquzpzctzow@live.com',113,1),(876015,113280,'lmzhd_sckrgcwx@yahoo.com',113,1),(876016,113281,'ympbn.qwmvqrosnvmaqdr@google.com',113,1),(876017,113282,'aaduar.sosuwxzcqmmx@google.com',113,1),(876018,113283,'pxqqs_ywlptwcxm@live.com',113,1),(876019,113284,'ytw.enzkceqrcfv@yahoo.com',113,1),(876020,113285,'sik.hfdzpzbl@mail.com',113,1),(876021,113286,'wyf_edemygiytrack@mail.com',113,1),(876022,113287,'umcpaju_tfvneibiifd@google.com',113,1),(876023,113288,'xkehey.nszwkkvveplnh@mail.com',113,1),(876024,113289,'gvjl.ahkbfwsxrwg@live.com',113,1),(876025,113290,'uuruatq.dsaaazzwew@live.com',113,1),(876026,113291,'cihkt.ekmgtbzskwcwc@mail.com',113,1),(876027,113292,'bshep.krdqvhxrajrj@live.com',113,1),(876028,113293,'jvayv.sfxvmxdzbfu@yahoo.com',113,1),(876029,113294,'cpsnnx.hnrtvulukqbkxf@yahoo.com',113,1),(876030,113295,'cngxgq.tvyduryrxvif@google.com',113,1),(876031,113296,'nlse.qcqvfrqfk@yahoo.com',113,1),(876032,113297,'gllivcz_ecwaosuyoz@google.com',113,1),(876033,113298,'efo_iosavehas@google.com',113,1),(876034,113299,'kskxalc.pjeteqpdqwickt@live.com',113,1),(876035,113300,'xpfr_fdylgzdulmcb@google.com',113,1),(876036,113301,'cfwxkh.kiiriqgiocvvqsp@mail.com',113,1),(876037,113302,'lrbc_bgfehvjkaoruvu@yahoo.com',113,1),(876038,113303,'upsnmv_ypgmqttqhacnfn@mail.com',113,1),(876039,113304,'itr_kqafaldjvbt@live.com',113,1),(876040,113305,'pgmqle_jdnhwkmenkk@mail.com',113,1),(876041,113306,'rckgff_dbtsfydwugwpkh@google.com',113,1),(876042,113307,'dzq_giwlpocvujkztu@live.com',113,1),(876043,113308,'acm_cykfxwnbewvlv@mail.com',113,1),(876044,113309,'rvd_dccfugxvomv@live.com',113,1),(876045,113310,'pfgovk_jgcwycrdyqitu@live.com',113,1),(876046,113311,'hfd.wizyubxj@yahoo.com',113,1),(876047,113312,'zmn.ioruxeflmumc@mail.com',113,1),(876048,113313,'nszizad_msbesbckaeuma@live.com',113,1),(876049,113314,'bmfqcs.thezkdkpcfuftb@google.com',113,1),(876050,113315,'bet_iyrnswfnfeekoob@live.com',113,1),(876051,113316,'inqkbc.zdraaaaexnxws@google.com',113,1),(876052,113317,'vehuelr.lxhqhpajlcdmy@yahoo.com',113,1),(876053,113318,'qfgeb_tilhahiwxp@yahoo.com',113,1),(876054,113319,'wicuu.cynujleod@yahoo.com',113,1),(876055,113320,'bhk.fdcceohsexain@live.com',113,1),(876056,113321,'ayqx_theygjckqwkjsl@google.com',113,1),(876057,113322,'bbb.ctktnidrrpyyugv@yahoo.com',113,1),(876058,113323,'upnzexz.wukqacnhswddelu@live.com',113,1),(876059,113324,'fodmmzm.wzirkxlkhiwgt@mail.com',113,1),(876060,113325,'jdpak.tvwtfsazfofjes@google.com',113,1),(876061,113326,'beug.lmdhyyufiwln@yahoo.com',113,1),(876062,113327,'zbf.tqxsuxbooxugv@yahoo.com',113,1),(876063,113328,'mfphf.zmnehxsxss@live.com',113,1),(876064,113329,'iewber_izxnzituxqjxl@yahoo.com',113,1),(876065,113330,'buvrvei.qtvxalcdtlx@google.com',113,1),(876066,113331,'jes.ispwnyebvthghs@live.com',113,1),(876067,113332,'jtpgvlp_cdknmwujenc@mail.com',113,1),(876068,113333,'lhf.vgtccihkcr@google.com',113,1),(876069,113334,'esdei.wtgxuftcn@google.com',113,1),(876070,113335,'ieup_jjtsfzezuy@yahoo.com',113,1),(876071,113336,'ype_iqcptxhu@live.com',113,1),(876072,113337,'pvi_oborrhmpoln@google.com',113,1),(876073,113338,'mtho_ohudhyzz@google.com',113,1),(876074,113339,'zhntsj_zevrxnxzu@live.com',113,1),(876075,113340,'gtyoj.tfwqpbmgendzqe@mail.com',113,1),(876076,113341,'ivayy_mwxxtayrhdt@yahoo.com',113,1),(876077,113342,'qbinc_keryoybngf@yahoo.com',113,1),(876078,113343,'zxn.bztvwxyz@live.com',113,1),(876079,113344,'hvjh_edbzrmhbdie@mail.com',113,1),(876080,113345,'cra_aazxmumc@mail.com',113,1),(876081,113346,'wanda_orpbmfrteundd@yahoo.com',113,1),(876082,113347,'fdxi_zzzzzyvgidrabf@mail.com',113,1),(876083,113348,'tch.skxgqkcg@yahoo.com',113,1),(876084,113349,'mnc_osuuqubwrq@google.com',113,1),(876085,113350,'melyvh_pkdlwydx@mail.com',113,1),(876086,113351,'mei_thbmfrspxiyrm@live.com',113,1),(876087,113352,'aqcjf.ldigjyqlu@google.com',113,1),(876088,113353,'wqp.owqmqpezjlc@google.com',113,1),(876089,113354,'rsovbs_jinpnrwgqcpqm@yahoo.com',113,1),(876090,113355,'vukxsv.nrttngugdihmpl@live.com',113,1),(876091,113356,'ekkupp.izwjhjwhenbtnj@yahoo.com',113,1),(876092,113357,'qag.hafxxwpidguguh@google.com',113,1),(876093,113358,'hhp_tzsqyudkgtz@live.com',113,1),(876094,113359,'hmn.vkomsdojb@live.com',113,1),(876095,113360,'piwv.swdbxkfy@live.com',113,1),(876096,113361,'zyslbb.bdokgakzgjcii@live.com',113,1),(876097,113362,'mig.phpbpvif@mail.com',113,1),(876098,113363,'ope_gpgjdpmsq@live.com',113,1),(876099,113364,'pxqog_keruyiuyst@live.com',113,1),(876100,113365,'ibifv.yhoxxsynijwdbw@google.com',113,1),(876101,113366,'mvpvm.qahlgzdsq@mail.com',113,1),(876102,113367,'zpad_nojacikbvczsnoc@mail.com',113,1),(876103,113368,'jbctm.oehudjjseog@live.com',113,1),(876104,113369,'wszsjs.zqgjbfukrqez@yahoo.com',113,1),(876105,113370,'sorsin_pdwxzdrzgsxjbf@mail.com',113,1),(876106,113371,'xtcx_xmojdpqjobmicnk@yahoo.com',113,1),(876107,113372,'qbjhlj.axkhhnth@live.com',113,1),(876108,113373,'mtiba_kjqdtgcsho@mail.com',113,1),(876109,113374,'vlulo.qsurcnfmmzpyaf@google.com',113,1),(876110,113375,'lfssosu_fhtykfxvsge@google.com',113,1),(876111,113376,'atuoc_qxmtgahk@yahoo.com',113,1),(876112,113377,'lfsdbzu_efodyitubfzff@yahoo.com',113,1),(876113,113378,'wls_mppedccdle@yahoo.com',113,1),(876114,113379,'urwc.xfkjosxka@yahoo.com',113,1),(876115,113380,'elqzytw.gubaxlojp@live.com',113,1),(876116,113381,'edbjber_rpvmupnxyxrqdwy@google.com',113,1),(876117,113382,'uokl.tcgxwofkou@google.com',113,1),(876118,113383,'woen.pufsxlmzszsr@google.com',113,1),(876119,113384,'ziq.tpqmlvsetwalf@mail.com',113,1),(876120,113385,'hag.cbdjlenbjsmeo@google.com',113,1),(876121,113386,'ddik.ihoxvjlatmemuo@yahoo.com',113,1),(876122,113387,'esdhv.bkvyffmtez@yahoo.com',113,1),(876123,113388,'yrl_qiqhoxuiu@live.com',113,1),(876124,113389,'hxo.pyafycqvgf@yahoo.com',113,1),(876125,113390,'xpen_zfeejiosjetfwpm@live.com',113,1),(876126,113391,'uzlm.ywoeddgwhtyi@mail.com',113,1),(876127,113392,'ocudpo_ipagedcdraf@mail.com',113,1),(876128,113393,'bonffmt.zeyfegtzsgfjc@yahoo.com',113,1),(876129,113394,'ykdap_dsdqrnplqyv@google.com',113,1),(876130,113395,'vifismj.pzblxivffizw@yahoo.com',113,1),(876131,113396,'psulzn_srdprpzbrf@google.com',113,1),(876132,113397,'nnawp.ucbyqisq@yahoo.com',113,1),(876133,113398,'mmx.otenegtzbnjh@yahoo.com',113,1),(876135,113400,'fwqxv_anqpcqvje@google.com',113,1),(876136,113401,'byndmy.qjzrkbcgyzzzxql@yahoo.com',113,1),(876137,113402,'eaqdqst_xqmlwwujepi@mail.com',113,1),(876138,113403,'gvgpjay_qaggmpmtx@mail.com',113,1),(876139,113404,'mvrodxd_bshittmdge@google.com',113,1),(876140,113405,'hzz.lxgnukqay@google.com',113,1),(876141,113406,'kzqo_qrlchblzzgfj@google.com',113,1),(876142,113407,'kvwxtav.gsxkhffkyke@live.com',113,1),(876143,113408,'dlw.iexzgfkincyl@yahoo.com',113,1),(876144,113409,'exdgkhf.rnohtwbuijvap@google.com',113,1),(876145,113410,'hhqx.esbdoiacrhh@live.com',113,1),(876146,113411,'mkmu.piyqkbcg@live.com',113,1),(876147,113412,'txgive.bjrfdznqhlmzn@live.com',113,1),(876148,113413,'gqjpcup_kdksimjkiwlnibj@live.com',113,1),(876149,113414,'yyvz.lxegrrjulbvbtr@mail.com',113,1),(876150,113415,'abiy_borrjvyger@mail.com',113,1),(876151,113416,'twzfu.cqudgvmusrhi@mail.com',113,1),(876152,113417,'zlksv_hpduqvfpfte@live.com',113,1),(876153,113418,'izvq_saztusfyv@mail.com',113,1),(876154,113419,'jlc.ismievscka@mail.com',113,1),(876155,113420,'bvx.jhkdncweuc@google.com',113,1),(876156,113421,'hbl.nddhafybgwm@mail.com',113,1),(876157,113422,'mehafxx_jjrirjuveuhex@mail.com',113,1),(876158,113423,'ggpl.xecaspwmvmzkep@yahoo.com',113,1),(876159,113424,'rxks.elsfxvlulqsr@yahoo.com',113,1),(876160,113425,'pyaf.bhfeiadqauxbrf@mail.com',113,1),(876161,113426,'bprdse_fvlvtgyad@mail.com',113,1),(876162,113427,'hobmw_xugyxtzrdkr@google.com',113,1),(876163,113428,'gcuwhy_ccdmapxttvvppdz@yahoo.com',113,1),(876164,113429,'dmza_qlgwqqfde@live.com',113,1),(876165,113430,'zlekh.hubymngpua@live.com',113,1),(876166,113431,'orsjk_yfeibimihs@live.com',113,1),(876167,113432,'fbr_zfdaskymlkvx@mail.com',113,1),(876168,113433,'bkyil.iirirkxhxivfnx@google.com',113,1),(876169,113434,'sgbwlr_vhzbgfei@live.com',113,1),(876170,113435,'mqupagg.rwhywnxbnbqb@yahoo.com',113,1),(876171,113436,'tqwyd_albbdncabtonzg@yahoo.com',113,1),(876172,113437,'jnlzyt_ljlemwxwttmel@live.com',113,1),(876173,113438,'ijyfht_kgajuvune@yahoo.com',113,1),(876174,113439,'puel.cenfjhiv@live.com',113,1),(876175,113440,'nlqievr_aqcopiwhdguihi@mail.com',113,1),(876176,113441,'jfxcpsu_qtxedeod@mail.com',113,1),(876177,113442,'yirpi_fnzjyqhmgrpy@google.com',113,1),(876178,113443,'gctyl.kymszvejsn@yahoo.com',113,1),(876179,113444,'scknkk_prqbmfodoujkzsn@live.com',113,1),(876180,113445,'aqz.autnjdsa@yahoo.com',113,1),(876181,113446,'kcenvq_yainpmqrsynv@live.com',113,1),(876182,113447,'llx.rgixmqwi@live.com',113,1),(876183,113448,'pdyw.tzqdxbptkgcqyta@mail.com',113,1),(876184,113449,'fmuvx.oobshiuzohs@mail.com',113,1),(876185,113450,'radrou.wogqiuyjspzbikd@yahoo.com',113,1),(876186,113451,'kymhv.fbopiuarpa@yahoo.com',113,1),(876187,113452,'jyroe.uekqvjhj@mail.com',113,1),(876188,113453,'rpwda_tlzoujmfwdemx@google.com',113,1),(876189,113454,'mievmwa.bzsrexycvhzbh@yahoo.com',113,1),(876190,113455,'llwhmqq.vapahjztwvohtz@live.com',113,1),(876191,113456,'uhcob_zzyucenageekm@google.com',113,1),(876192,113457,'qowuxd_jaabdmasicn@yahoo.com',113,1),(876193,113458,'clamif_juyiveibot@google.com',113,1),(876194,113459,'ftdxb_rpcqwmvqpyxsw@google.com',113,1),(876195,113460,'jfy.atshivekguft@google.com',113,1),(876196,113461,'ype_xvjjqezln@google.com',113,1),(876197,113462,'wdbxdxc_mcemxdwyd@google.com',113,1),(876198,113463,'fpk_pdxebsmit@yahoo.com',113,1),(876199,113464,'eaq_oborriqgpe@google.com',113,1),(876200,113465,'auvktn.kvzittngcftbbe@live.com',113,1),(876201,113466,'qitmek_nyfdauuovqrk@google.com',113,1),(876202,113467,'bdn.dlungtavnqrmkps@live.com',113,1),(876203,113468,'onaha.ffnxxwqocrzzyvg@live.com',113,1),(876204,113469,'zsopzc_kjqevquzoiw@yahoo.com',113,1),(876205,113470,'memlwa_ruvwtgzbxix@yahoo.com',113,1),(876206,113471,'und.ypdxbretjv@mail.com',113,1),(876207,113472,'nrtlzq.eeicptvwcpswbsk@mail.com',113,1),(876208,113473,'htvlfru_gozexcshzvc@google.com',113,1),(876209,113474,'wgspss_phsskymqjwhwl@live.com',113,1),(876210,113475,'rnqcr.clxdbwdcspvidsd@yahoo.com',113,1),(876211,113476,'casyud.zewujlbb@google.com',113,1),(876212,113477,'yyxpag.ehzyvievxkjpx@live.com',113,1),(876213,113478,'ynty_bikenddekfwq@live.com',113,1),(876214,113483,'eapofiz_adololppnw@live.com',113,1),(876215,113484,'ynwife.hzzyuenzdlv@mail.com',113,1),(876216,113485,'ncbrjxl.cynujlen@live.com',113,1),(876217,113486,'hlh_dzlgxwphsmemv@live.com',113,1),(876218,113487,'ysr_zfcvyezk@yahoo.com',113,1),(876219,113488,'bnkib.osypboqkx@mail.com',113,1),(876220,113489,'myfl_gsvarhkdyjz@mail.com',113,1),(876221,113490,'fphrge.yovmapwqukoo@google.com',113,1),(876222,113491,'kjr_dvuksilimn@google.com',113,1),(876223,113492,'jhjrlie_alcersnmqtwbsk@mail.com',113,1),(876224,113493,'ivfiv.mtiittoo@mail.com',113,1),(876225,113494,'nhvl_mmcyljpt@mail.com',113,1),(876226,113495,'ykevbu_zispufqmflon@mail.com',113,1),(876227,113496,'rwj_tdmapyyxtpuce@live.com',113,1),(876228,113497,'fklfiac.zlkqxpgnqsoqmo@yahoo.com',113,1),(876229,113498,'suwxwod.ccgxwqowkijw@google.com',113,1),(876230,113499,'ejkbura.rvfmvqrnzmjm@google.com',113,1),(876231,113500,'qoywnzh_akwefnbtloms@google.com',113,1),(876232,113501,'mbuiml_ilhahhrmex@mail.com',113,1),(876233,113502,'ggmrlh.qyuavzkddelt@yahoo.com',113,1),(876234,113503,'hnvzk.iggmsesygiaa@google.com',113,1),(876235,113504,'ilfhds.ukosvxeewo@google.com',113,1),(876236,113505,'wcvtepn_cgzexcraz@google.com',113,1),(876237,113506,'cutk.xnwsyrnmgizzvgu@google.com',113,1),(876238,113507,'hcqsvyf.odyjxkjpkpucdl@mail.com',113,1),(876239,113508,'pobph_qafzjuvty@google.com',113,1),(876240,113509,'jsnh.pfgoboqomyhrlc@yahoo.com',113,1),(876241,113510,'cqwlz_uhdvqrouag@google.com',113,1),(876243,113512,'arjqab.gjdmatqz@google.com',113,1),(876244,113513,'wteuzl.bmencyhtpqmofl@live.com',113,1),(876245,113514,'vfpq.axnvruykn@google.com',113,1),(876246,113515,'yjcj_iyucbcfugh@live.com',113,1),(876247,113516,'urbj_iyvhzadqgtawiy@live.com',113,1),(876248,113517,'pzcje_nfmvqqiueeicppd@mail.com',113,1),(876249,113518,'jyoffjg.tlbwegtyojd@live.com',113,1),(876250,113519,'vgspvi.seuheaouaf@mail.com',113,1),(876251,113520,'giwku_rwizbgctcax@yahoo.com',113,1),(876252,113521,'adnq.luolmfocanmxam@yahoo.com',113,1),(876253,113522,'inpgb.emxamifbkwefp@yahoo.com',113,1),(876254,113523,'oyak.iirhowsycqzy@mail.com',113,1),(876255,113524,'zpar.owswgpitlasmj@yahoo.com',113,1),(876256,113525,'owpe_zvelophswpkg@mail.com',113,1),(876257,113526,'yywuo.joqqfdczduqu@mail.com',113,1),(876258,113527,'qfbomt.pxqougyxqffic@yahoo.com',113,1),(876259,113528,'vyfn_wtbbckpxjays@live.com',113,1),(876260,113529,'jrf.rpblauvurfz@yahoo.com',113,1),(876261,113530,'kerhwmt.orriqeaosnnye@google.com',113,1),(876262,113531,'sjunib.lfuhdtimmhx@live.com',113,1),(876263,113532,'wgo.rfdcynru@live.com',113,1),(876264,113533,'oodmncx.qittnjimqwm@mail.com',113,1),(876265,113534,'mddv.upoakawhdievrw@yahoo.com',113,1),(876266,113535,'jorzlif.vwxvmzlhu@yahoo.com',113,1),(876267,113536,'zovxe.qdtjnplhg@yahoo.com',113,1),(876268,113537,'tgayl.nnzkdkqyklbymq@live.com',113,1),(876269,113538,'irmh.dnfkkxgmgbnlr@mail.com',113,1),(876270,113539,'vemnhu.mxamievqnplkp@mail.com',113,1),(876271,113540,'nzkuxfj.cshhnvqp@yahoo.com',113,1),(876272,113541,'awew_daqfdcatnhvkkx@google.com',113,1),(876273,113542,'lonwrsp_gxsvcxfhsuuojhg@yahoo.com',113,1),(876274,113543,'ckrb_tzqfehwo@mail.com',113,1),(876275,113544,'cvwpkik.wjdqtyivn@mail.com',113,1),(876276,113545,'iqhmb_apwpjbgajy@live.com',113,1),(876277,113546,'kbcm.ewwqqfhrpjzy@live.com',113,1),(876278,113547,'wbtms.xywqnszsdrzwk@yahoo.com',113,1),(876279,113548,'wdankn.jsmenburvfqllus@google.com',113,1),(876280,113549,'wrw.larlceqozbktqxq@yahoo.com',113,1),(876281,113550,'bdos_qxrotdmx@yahoo.com',113,1),(876282,113551,'jjqc_aoueltjoypebt@live.com',113,1),(876283,113552,'str.osxiwmulxbnkni@google.com',113,1),(876284,113553,'inoq.gzdsclvx@yahoo.com',113,1),(876285,113554,'lkr_uifdcavdo@google.com',113,1),(876286,113555,'cbzbxke_cigjaabg@yahoo.com',113,1),(876287,113556,'nru_yafakbzswpiw@yahoo.com',113,1),(876288,113557,'fxxsvbu_fzhnrtvvzwklz@live.com',113,1),(876289,113558,'vltr.xbnlsfyzz@yahoo.com',113,1),(876290,113559,'tursvwx_drbfwtfsqhqghro@mail.com',113,1),(876291,113560,'eoihvig.yjxmpqkdkx@yahoo.com',113,1),(876292,113561,'doja.dkooecav@google.com',113,1),(876293,113562,'smh.fflptvxbkpqm@yahoo.com',113,1),(876294,113563,'zkdm.vjjskymogbo@live.com',113,1),(876295,113564,'dzodlv_tgxszqitggkik@google.com',113,1),(876296,113565,'whwk_tktophqhujka@mail.com',113,1),(876297,113566,'vwwrld.revrtwzihntdn@google.com',113,1),(876298,113567,'vxbpi_pglkrgfiwkmdgxv@yahoo.com',113,1),(876299,113568,'zcl_pwmtkslzyaex@mail.com',113,1),(876300,113569,'dsfbkyn_azvdgviewtfsynt@yahoo.com',113,1),(876301,113570,'dvty.nkmdenbuckskx@google.com',113,1),(876302,113571,'mtibb.dngqmkrcgtbz@live.com',113,1),(876303,113572,'ldmxzcq_dhyxtbaxtfu@yahoo.com',113,1),(876304,113573,'sge_ezglkqaduczsr@google.com',113,1),(876305,113574,'qwhytzo_dsfzggnvjetg@google.com',113,1),(876306,113575,'hlio_ihljkbbawjewrxm@live.com',113,1),(876307,113576,'rmlhis_vjkwddgvlat@mail.com',113,1),(876308,113577,'seum.bktqwmtjrtrf@mail.com',113,1),(876309,113578,'gjzfoee.inqnvnehxqmnefq@live.com',113,1),(876310,113579,'tcexnt.hovnefmwplmzpx@mail.com',113,1),(876311,113580,'namf.qzzafybodyhs@live.com',113,1),(876312,113581,'vlr.hntftdlvrvfmtj@yahoo.com',113,1),(876313,113582,'kmhadon_lwzgkhgkz@google.com',113,1),(876314,113583,'eekln.zzxqnqoxvltlxeg@live.com',113,1),(876315,113584,'tqwnk.vwwteogpoy@google.com',113,1),(876316,113585,'ggozevt.mariqduokvw@mail.com',113,1),(876317,113586,'ltnf_yxviewvocl@mail.com',113,1),(876318,113587,'bsiof.qucdkmidbetfv@yahoo.com',113,1),(876319,113588,'pvgbyp.fmsfujmjjb@google.com',113,1),(876320,113589,'iiqf.cktnibhimkmgt@google.com',113,1),(876321,113590,'uzll.ndczsoqouhzbinq@live.com',113,1),(876322,113591,'zfbhhq.qiqhowplrge@google.com',113,1),(876323,113592,'zoxjjsl.eoiyssjvgmokhiu@mail.com',113,1),(876324,113593,'ann_jyqjwhtaosxgq@yahoo.com',113,1),(876326,113595,'jkxg_dvtepnscgi@mail.com',113,1),(876327,113596,'ekne_ukoqnsxnfwrwe@google.com',113,1),(876328,113597,'tav.mvsckqadytvzj@mail.com',113,1),(876329,113598,'cyndmy.jckskvyfj@google.com',113,1),(876330,113599,'dwzn_xmrwiackmfqlk@live.com',113,1),(876331,113600,'wofg.nlraaerxvqqg@yahoo.com',113,1),(876332,113601,'fulkut.rgdapzbjoqkft@google.com',113,1),(876333,113602,'wpilomt.gjciipcr@google.com',113,1),(876334,113603,'rxllm.ztrevqqihnukq@google.com',113,1),(876335,113604,'bik.dmbuvujmxt@google.com',113,1),(876336,113605,'vdds_rldijtqzwmulyjb@google.com',113,1),(876337,113606,'ijuwtdl_xxvmwxwqwpmp@live.com',113,1),(876338,113607,'ycpxgn_vmzmmzlgywoegty@live.com',113,1),(876339,113608,'vpk_iisnnbpyrsmfrtr@google.com',113,1),(876340,113609,'ngreye.xglpqirmjt@live.com',113,1),(876341,113610,'udh.lgyzagecfjfamjk@mail.com',113,1),(876342,113611,'goazs_fzhmnfocokmelr@google.com',113,1),(876343,113612,'adn.agdwakzufhvfqpz@google.com',113,1),(876344,113613,'cwcrab.fflquatsor@live.com',113,1),(876345,113614,'rfy.uuppgkhfro@live.com',113,1),(876346,113615,'zrnxc_pssnicpo@live.com',113,1),(876347,113616,'dra.sjpaggoxxrrhowq@live.com',113,1),(876348,113617,'agiari_ldkooecadeknie@mail.com',113,1),(876349,113618,'ndfcy.zwjfzislo@google.com',113,1),(876350,113619,'lngena_bilfujiqc@mail.com',113,1),(876351,113620,'dyj_vgrslceni@google.com',113,1),(876352,113621,'meib_inofjfxyzzytxjc@yahoo.com',113,1),(876353,113622,'pxttsil.agglokjq@live.com',113,1),(876354,113623,'kjsel_cmddgzbiltm@google.com',113,1),(876355,113624,'muog.vvryoakzgjchh@yahoo.com',113,1),(876356,113625,'ksieq_hoybjrgen@mail.com',113,1),(876357,113626,'itsu_jreyboqk@yahoo.com',113,1),(876358,113627,'qaf_knjfyfcxk@yahoo.com',113,1),(876359,113628,'kcgxsva_dtilfsyoafcusfv@live.com',113,1),(876360,113629,'jdoe_eruylhduhvgw@live.com',113,1),(876361,113630,'egsbsiq.timiexbqqmkshka@mail.com',113,1),(876362,113631,'uzogzc.emvtightcxdzpy@mail.com',113,1),(876363,113632,'taxqr_wqntftcfkoqkfw@live.com',113,1),(876364,113633,'xjcn.uppfeidty@google.com',113,1),(876365,113634,'kxigswe.cnhxrpxvptz@live.com',113,1),(876366,113635,'ajscc.fcvwulwzqe@google.com',113,1),(876367,113636,'skw.lpsvygkidjl@google.com',113,1),(876368,113637,'ndzxs_rmlsetfwmpmq@live.com',113,1),(876369,113638,'urcbu_psqblbxkjy@live.com',113,1),(876370,113639,'uiizf.rexbmfqngxuepj@mail.com',113,1),(876371,113640,'yualfq_giucccgwvbtpr@live.com',113,1),(876372,113641,'afdhqgk.zfdatsgee@yahoo.com',113,1),(876373,113642,'inqdvv_mszxlomrsrfdznq@live.com',113,1),(876374,113643,'lfs_byljpvhbmm@mail.com',113,1),(876375,113644,'alehs_sfxwplkru@yahoo.com',113,1),(876376,113645,'wyczad_grrjtshimieye@google.com',113,1),(876377,113646,'uupul_fhuccgxwbrds@google.com',113,1),(876378,113647,'ulvqrmj.nrwflpphzggo@mail.com',113,1),(876379,113648,'hnrykd_fnyfcykg@google.com',113,1),(876380,113649,'gmrgqow_nsaxnvoj@yahoo.com',113,1),(876381,113650,'qcphqj_czpcqvhaw@mail.com',113,1),(876382,113651,'qoz_akwflquardraa@mail.com',113,1),(876383,113652,'vhygtce_cykdngphearg@google.com',113,1),(876384,113653,'iyvp.gyaiougvzjyp@google.com',113,1),(876385,113654,'qwnismj.uvsbgbldbm@google.com',113,1),(876386,113655,'lsffdzo_ncwcvuomturbh@google.com',113,1),(876387,113656,'btqkngu.ndzqeapwwxv@yahoo.com',113,1),(876388,113657,'vukdqt_vsbfuksg@mail.com',113,1),(876389,113658,'mccy_ognumcxihxofhx@live.com',113,1),(876390,113659,'hqjiadq_qaexahmn@mail.com',113,1),(876391,113660,'gpfu.cdltmdemeaotdkr@google.com',113,1),(876392,113661,'jpyrtqy_eoddemvurdr@google.com',113,1),(876393,113662,'abfvmwx_uighqjzrltm@google.com',113,1),(876394,113663,'zrmi.ndavasjviuznrtt@live.com',113,1),(876395,113664,'nwwdlv_bgctlylisl@google.com',113,1),(876396,113665,'ognszwj.ukshjztuzzwjh@yahoo.com',113,1),(876397,113666,'pctp_wlrbfzhmzmk@live.com',113,1),(876398,113667,'naniu.cenbskvafaota@mail.com',113,1),(876399,113668,'bwd_efnzhowtr@live.com',113,1),(876400,113669,'rdqaso_jzwibjoup@yahoo.com',113,1),(876401,113670,'jpvj_katvvollzkzuyj@mail.com',113,1),(876402,113671,'wjg.ykhfcyjzbwflqw@yahoo.com',113,1),(876403,113672,'nhxmoi_odyhrkbzgubztu@live.com',113,1),(876404,113673,'ysvdwan.ptzsmjinhvhw@live.com',113,1),(876405,113674,'cwzx.hecarkatxajuur@mail.com',113,1),(876406,113675,'rpwgm_ytykdohvt@google.com',113,1),(876407,113676,'wfo_sgzfdargoz@google.com',113,1),(876408,113677,'aot_ozhmokhgjpx@live.com',113,1),(876409,113678,'qggan.njgebwfi@google.com',113,1),(876410,113679,'ngrxv.eycsewsydvuk@live.com',113,1),(876411,113680,'gfj.zowqmqqiqadrx@live.com',113,1),(876412,113681,'zginvpo.juxcvvpmwkinn@google.com',113,1),(876413,113682,'yiv.wqljmjipdrzwkng@live.com',113,1),(876414,113683,'ykit_hispvhbitbbc@yahoo.com',113,1),(876415,113684,'nnyo_bmhwmwybzri@live.com',113,1),(876416,113685,'hnqmkp_utjqbjtputkur@google.com',113,1),(876417,113686,'hghguen.nqmqspwpfws@mail.com',113,1),(876418,113687,'mrxsd_dfpkhdumg@mail.com',113,1),(876419,113688,'ftdg.lpqhoxuiy@google.com',113,1),(876420,113689,'uomdpn_iirirkxisrggnxz@google.com',113,1),(876421,113690,'njind.cchbmhaevnbslzq@yahoo.com',113,1),(876422,113691,'lihks.gmsabfvpgai@live.com',113,1),(876423,113692,'vmyp.onaoqnugdrzysvw@mail.com',113,1),(876424,113693,'feeqx_jayrotaxgbo@live.com',113,1),(876425,113694,'sopn_ktlyljoqmyj@mail.com',113,1),(876426,113695,'srewrwg_gnulupochhrkc@yahoo.com',113,1),(876427,113696,'zexcqvh_clykgajspixk@yahoo.com',113,1),(876428,113697,'slaosu_pqjzwhvgpiubvcw@google.com',113,1),(876429,113698,'rey_lyiuyiuzbnha@google.com',113,1),(876430,113699,'wwpf_ahjxmqvein@live.com',113,1),(876431,113700,'ntg.tsgcsjpwygm@live.com',113,1),(876432,113701,'iaa_xmtihmogslcep@yahoo.com',113,1),(876433,113702,'olkwulu_bdnhwjjrf@yahoo.com',113,1),(876434,113703,'vjf_nhyuemwvixnw@mail.com',113,1),(876435,113704,'ftca.qcrclxfj@live.com',113,1),(876436,113705,'llyv.avcbzqjwl@live.com',113,1),(876437,113706,'xqk.jmgwqoxwqebsi@live.com',113,1),(876438,113707,'saxoj.zeapwnamfb@live.com',113,1);
/*!40000 ALTER TABLE `coms_participant_email` ENABLE KEYS */;
UNLOCK TABLES;

--
-- Dumping data for table `coms_participant_exam_event`
--

LOCK TABLES `coms_participant_exam_event` WRITE;
/*!40000 ALTER TABLE `coms_participant_exam_event` DISABLE KEYS */;
INSERT INTO `coms_participant_exam_event` VALUES (1,112913,876043,NULL,'Primis ultricies ligula magna aptent sociosqu aenean nullam aptent.',30),(2,112914,876043,60,'Praesent et dui elementum nascetur blandit quisque montes.',32),(3,112915,876043,83.33,'Egestas nonummy interdum diam penatibus sodales duis.',31),(4,112916,876043,NULL,'Nec quisque blandit curae; nam.',30),(5,112917,876043,NULL,'Taciti consequat ac pellentesque fames mus sociis molestie.',30),(6,112918,876043,86.67,'Viverra primis pede conubia pellentesque.',31),(7,112919,876043,NULL,'Sociosqu vivamus interdum auctor cubilia mi diam fringilla.',30),(8,113005,876043,66,'Rhoncus venenatis mi primis auctor diam pharetra tincidunt.',31),(9,112921,876043,100,'Cum vestibulum justo cum mattis blandit.',31),(10,112922,876043,NULL,'Dolor semper maecenas urna enim leo ligula.',30),(11,113014,876043,86.67,'Consequat lectus sagittis pellentesque velit semper.',31),(12,112924,876043,80,'Viverra justo commodo et aptent maecenas dui.',31),(13,112925,876043,90,'Per suspendisse eu senectus eros sodales lectus.',31),(14,112926,876043,86.67,'Purus ullamcorper habitant volutpat ultricies pellentesque morbi pretium vestibulum.',31),(15,112927,876043,76.67,'Blandit metus fermentum aptent fermentum leo elit tincidunt.',31),(16,112928,876043,86.67,'Rutrum ultrices erat mollis torquent tincidunt purus augue cubilia.',31),(17,112929,876043,NULL,'Pharetra fringilla nullam consequat proin.',30),(18,112930,876043,93.33,'Scelerisque venenatis laoreet enim vestibulum consectetuer.',31),(19,112931,876043,93.33,'Ridiculus ad quisque ridiculus netus nibh dolor elit nullam.',31),(20,112932,876043,70,'Justo phasellus dui volutpat hendrerit.',31),(21,112933,876043,90,'Ultrices ante magnis fames ante gravida netus tellus nullam.',31),(22,112934,876043,NULL,'Commodo faucibus erat fusce varius placerat odio congue.',30),(23,112935,876043,73.33,'Netus dui faucibus urna pretium sem torquent amet mus.',31),(24,112936,876043,100,'In natoque pharetra praesent mollis mollis arcu.',31),(25,113018,876043,83.33,'Porta ipsum ut magna nibh massa.',31),(26,112938,876043,83.33,'Primis augue dolor rutrum felis.',31),(27,112939,876043,100,'Mi tempus sociosqu morbi dolor in.',31),(28,112940,876043,NULL,'Lacus penatibus condimentum mattis egestas nibh euismod.',30),(29,112941,876043,NULL,'Montes curabitur curae; hendrerit eu habitant tortor.',30),(30,112942,876043,NULL,'Porta odio condimentum nostra quisque vestibulum nec varius.',30),(31,112943,876043,83.33,'Tempus torquent sem inceptos metus.',31),(32,112944,876043,93.33,'Lorem porttitor consequat mauris dis leo nonummy.',31),(33,112945,876043,NULL,'Fusce vel quam tortor enim nam aliquam massa inceptos.',30),(34,112946,876043,80,'Interdum montes maecenas sagittis mattis.',31),(35,112947,876043,NULL,'Est erat magnis penatibus turpis molestie.',30),(36,112948,876043,76.67,'At litora commodo consequat fermentum elit elit mauris sem.',31),(37,112949,876043,83.33,'Maecenas quisque imperdiet nisl tempor nisl.',31),(38,112950,876043,86.67,'Quis torquent dolor fusce bibendum ipsum risus per ante.',31),(39,112951,876043,90,'Curabitur tincidunt vivamus enim facilisi primis ridiculus penatibus aptent.',31),(40,112952,876043,83.33,'At senectus turpis bibendum phasellus.',31),(41,112953,876043,80,'Class ornare vestibulum ultrices placerat porta lacus accumsan sagittis.',31),(42,112954,876043,100,'Fusce aptent est cursus aliquet porttitor.',31),(43,112955,876043,93.33,'Euismod quis tortor elit mollis ultrices accumsan facilisis lobortis.',31),(44,112956,876043,NULL,'Aptent feugiat lobortis feugiat est hendrerit vivamus suscipit.',30),(45,112957,876043,NULL,'Hendrerit netus suscipit molestie at.',30),(46,112958,876043,NULL,'Tristique nisl euismod orci hendrerit sollicitudin diam habitant.',30),(47,112959,876043,NULL,'Mattis libero porttitor dui ultricies.',30),(48,112960,876043,76.67,'Eros mus venenatis dis arcu praesent.',31),(49,112961,876043,NULL,'Lacus fermentum fusce primis nullam vel tortor ornare mollis.',30),(50,112962,876043,80,'Risus ut iaculis ad vitae sodales euismod ullamcorper primis.',31),(51,112963,876043,56.67,'Netus dapibus congue aliquet taciti eget.',32),(52,112964,876043,93.33,'Eget erat nibh dignissim dapibus facilisis vivamus ad cras.',31),(53,112965,876043,76.67,'At varius mi sapien inceptos nec phasellus pulvinar odio.',31),(54,112966,876043,80,'Sodales iaculis faucibus ligula fringilla faucibus nam sociosqu montes.',31),(55,112967,876043,80,'Tempor montes aptent per dui aenean.',31),(56,112968,876043,76.67,'Pede accumsan at fames fusce risus tempus.',31),(57,112969,876043,NULL,'Lacinia tristique etiam per nam purus aptent ante.',30),(58,112963,876044,50,'Consequat sapien nisl nunc iaculis ultricies.',28),(59,112914,876045,73.33,'Aliquam iaculis quam parturient aliquet dui ut bibendum nibh.',31),(63,112970,876046,94,'Nisl sagittis cubilia hymenaeos imperdiet sapien sollicitudin taciti.',31),(65,112971,876046,86,'Luctus elementum sapien est varius ullamcorper.',31),(66,112972,876046,76,'Auctor curabitur morbi etiam quam.',31),(67,113593,876048,NULL,'Suscipit fringilla condimentum mi euismod tincidunt.',30),(68,112974,876048,100,'Mollis tortor turpis sociosqu maecenas tempor.',31),(69,112975,876048,90,'Orci ut quisque volutpat phasellus.',31),(70,112976,876048,66.67,'Congue odio suspendisse inceptos hymenaeos ornare.',31),(71,112977,876048,86.67,'Sagittis in mus non in congue integer odio adipiscing.',31),(72,112978,876048,80,'Quisque egestas sociis mattis ad neque sociosqu lorem senectus.',31),(73,112979,876048,93.33,'Enim adipiscing id rutrum semper.',31),(74,112980,876048,93.33,'Vel blandit natoque neque dis eget.',31),(75,112981,876048,80,'Donec luctus quisque in odio.',31),(76,112982,876048,100,'Elit ipsum faucibus fusce rhoncus sed.',31),(77,112983,876048,96.67,'Eget eu praesent quam nisl purus.',31),(78,112984,876048,100,'Eget varius aliquet iaculis pretium massa fusce.',31),(79,112985,876048,90,'Nam penatibus porta maecenas eu.',31),(80,112986,876050,80,'Per viverra tristique neque curae;.',31),(81,112987,876050,66,'Leo in nisi senectus gravida eros et neque at.',31),(82,112988,876050,64,'Elementum ridiculus cras interdum neque phasellus pretium montes montes.',32),(83,112989,876050,80,'Parturient vel scelerisque cubilia faucibus cubilia ridiculus leo.',31),(84,112990,876050,72,'Vivamus montes pulvinar auctor curae;.',31),(85,112978,876050,68,'Massa cum erat semper fringilla duis bibendum.',31),(86,112980,876050,88,'Torquent montes accumsan libero dignissim nostra mi rhoncus.',31),(87,112993,876050,78,'Nec nullam lectus eu condimentum.',31),(88,112994,876050,82,'Maecenas bibendum volutpat posuere neque.',31),(89,112995,876057,90,'Ullamcorper maecenas orci sagittis ad.',31),(90,112996,876057,80,'Ipsum mattis fermentum condimentum nam lorem penatibus.',31),(91,112997,876057,60,'Suscipit at rhoncus odio tortor nec cursus conubia.',32),(92,112998,876057,75,'A diam tempor tempor pulvinar auctor.',31),(93,112999,876053,NULL,'Bibendum tristique eu posuere posuere lacinia velit.',30),(94,113000,876053,100,'Varius vel vel torquent nonummy in augue elit viverra.',31),(95,113001,876053,85,'Turpis egestas inceptos eu enim.',31),(96,113002,876053,90,'Ultrices velit aenean etiam facilisis pede.',31),(97,113003,876053,NULL,'Euismod consequat quam integer pretium.',30),(98,113004,876053,95,'Mattis penatibus sociis curabitur euismod vestibulum a class maecenas.',31),(99,113005,876053,80,'Arcu class facilisis dolor consequat.',31),(100,112926,876053,90,'Imperdiet sollicitudin congue ad quam porttitor etiam etiam.',31),(101,113007,876053,95,'Eu laoreet fames elementum euismod pretium quis nostra senectus.',31),(103,112932,876053,95,'Inceptos libero aptent varius nascetur venenatis curabitur tempor ultrices.',31),(104,113010,876053,95,'Semper nunc pretium posuere in.',31),(105,113011,876053,90,'Sodales phasellus turpis malesuada primis dapibus pharetra torquent lacinia.',31),(106,113012,876053,85,'Vehicula eleifend feugiat ut praesent quis ornare vestibulum ultrices.',31),(108,113014,876053,90,'Nisl rutrum consectetuer elit tempor ornare nostra conubia.',31),(109,113015,876053,90,'Porttitor pellentesque duis bibendum rhoncus nibh ornare malesuada.',31),(110,113016,876053,NULL,'Donec nascetur dictum elementum odio.',30),(111,112944,876053,95,'Fringilla vestibulum tellus lectus nam magnis risus.',31),(112,113018,876053,80,'Nostra rhoncus vivamus nullam dignissim ante porttitor iaculis.',31),(113,113019,876053,90,'Nascetur dapibus curae; fames aliquam eros dolor.',31),(114,113020,876053,NULL,'Sodales praesent aptent consequat litora turpis dignissim.',30),(115,113021,876053,95,'Consequat ultrices est nec ante mollis metus.',31),(117,113023,876053,NULL,'Enim tortor quisque condimentum elementum tempor pharetra.',30),(118,113024,876053,90,'Cum ante sagittis sed pede tempor laoreet massa eleifend.',31),(119,113025,876053,85,'Urna varius turpis pulvinar vehicula mus torquent.',31),(120,113026,876053,NULL,'Penatibus blandit lacinia sociis ullamcorper blandit pharetra.',30),(121,112925,876053,90,'Lorem velit inceptos bibendum erat accumsan fames mattis.',31),(122,113028,876053,NULL,'Primis conubia ligula taciti viverra hendrerit semper.',30),(123,112936,876053,95,'Et iaculis ad volutpat ullamcorper nonummy facilisis penatibus.',31),(124,112943,876053,100,'Cursus tortor accumsan hendrerit quis porttitor.',31),(125,113031,876053,90,'Condimentum ac pretium nisi scelerisque.',31),(126,113032,876053,85,'Venenatis orci fringilla pulvinar placerat est elit laoreet.',31),(127,113033,876053,95,'Nunc suspendisse interdum laoreet varius libero in neque.',31),(128,112938,876053,95,'Pulvinar pretium in quis nunc turpis orci magnis metus.',31),(129,113035,876053,100,'Quisque purus lectus vel maecenas.',31),(130,113036,876053,NULL,'Dignissim mattis vel etiam mollis.',30),(131,113037,876053,85,'Consectetuer aenean scelerisque tristique cubilia accumsan nullam.',31),(132,113038,876053,85,'Rutrum auctor ad suspendisse est purus urna leo.',31),(133,113039,876053,NULL,'Commodo mollis iaculis eleifend bibendum posuere facilisis iaculis.',30),(134,113040,876053,95,'Cras urna erat maecenas nulla placerat nisi.',31),(135,113041,876053,95,'Rutrum sociosqu sodales pretium at dapibus pellentesque sit.',31),(136,113042,876053,95,'Pharetra rhoncus sagittis nunc scelerisque congue.',31),(137,113043,876053,75,'Praesent facilisi fames parturient id tempus felis.',31),(138,113044,876053,85,'Ultricies integer dis sagittis hendrerit justo viverra pretium.',31),(139,113045,876053,75,'Iaculis ornare curabitur sociis posuere.',31),(140,113046,876053,80,'Nisl montes tincidunt sodales mus.',31),(141,113047,876053,NULL,'Nisl ornare libero etiam arcu lobortis cubilia.',30),(142,113048,876053,95,'Et non donec dui ligula nonummy.',31),(143,113049,876053,90,'Justo ut litora luctus a netus ultrices suscipit.',31),(144,113050,876053,80,'Porttitor hendrerit pellentesque eu interdum.',31),(145,113051,876053,95,'Nec adipiscing lacinia ac risus tempor ante nullam.',31),(146,113052,876053,80,'Dignissim tempus sodales natoque facilisi.',31),(147,113053,876053,95,'Blandit cum mattis auctor sociosqu.',31),(148,113054,876053,NULL,'Vel parturient justo commodo erat vitae.',30),(149,113055,876053,100,'Augue felis iaculis tempus feugiat viverra venenatis suscipit.',31),(150,113056,876053,85,'Nonummy a diam tempor taciti placerat.',31),(151,113057,876053,NULL,'Curabitur placerat a ullamcorper nibh dignissim.',30),(152,112954,876053,90,'Auctor lacinia suscipit amet orci blandit.',31),(153,112968,876053,95,'Congue natoque mattis semper nec justo.',31),(154,113060,876053,NULL,'Mollis convallis aptent tempor eget mauris tellus.',30),(157,112949,876053,NULL,'Fusce volutpat velit semper duis nostra ligula.',30),(158,113063,876049,66.67,'Sollicitudin libero per arcu etiam dui egestas magnis.',31),(159,113064,876049,70,'Parturient class mi felis aenean diam.',31),(160,113065,876056,50,'Malesuada pharetra ut odio interdum auctor diam.',32),(162,113067,876055,46.67,'Diam hymenaeos etiam felis pulvinar quis nec nisl et.',32),(163,113068,876054,73.33,'Pellentesque blandit libero vel ligula.',31),(164,113069,876054,46.67,'Rutrum cum lacinia nulla tellus magnis sociosqu.',32),(165,113070,876054,50,'Feugiat fusce praesent nec praesent.',32),(166,113071,876054,6.67,'Hymenaeos eleifend bibendum proin interdum.',32),(167,113072,876055,63.33,'Aenean ligula diam morbi dis fusce congue mollis fringilla.',32),(168,113073,876054,60,'Netus suscipit mi aliquam nulla accumsan.',32),(181,113086,876065,60,'Turpis tincidunt porta sociis augue tempus dictum et sem.',32),(182,113087,876065,66.67,'Hendrerit fermentum mollis posuere varius nonummy donec dui leo.',32),(183,113088,876065,80,'Vitae eu magnis netus lorem neque malesuada.',31),(184,113089,876065,70,'Pretium auctor dolor ridiculus etiam.',31),(185,113090,876065,76.67,'Mattis tincidunt ultricies viverra curabitur sem netus.',31),(186,113091,876065,66.67,'Class feugiat id tempus facilisi sit eros sit.',31),(188,113093,876065,70,'Lacinia dis pulvinar condimentum felis eros.',31),(189,113094,876065,73.33,'Augue facilisis et ligula lectus.',31),(191,113096,876065,66.67,'Nec libero massa dictum ipsum maecenas dapibus leo phasellus.',31),(192,113097,876065,70,'Fusce augue iaculis non ut tempus nisl.',31),(193,113098,876058,96.67,'Nonummy eu netus at nec pharetra porttitor lorem eget.',31),(194,113099,876058,66.67,'Rhoncus suscipit vivamus hendrerit semper adipiscing penatibus eu lacus.',31),(195,113100,876058,83.33,'Dignissim vivamus habitant sapien ut facilisis placerat natoque quam.',31),(196,113101,876058,83.33,'Aliquet augue etiam curabitur vel.',31),(197,113102,876058,66.67,'Id tempus felis varius quisque vivamus nunc eleifend.',31),(198,113103,876058,93.33,'Aenean magnis hendrerit felis metus nullam nisl.',31),(199,113104,876058,90,'Pellentesque ultricies nunc integer at cursus nostra nisi convallis.',31),(200,113105,876058,66.67,'Fermentum parturient facilisi metus porttitor venenatis pulvinar sagittis pulvinar.',31),(201,113106,876058,96.67,'Tincidunt gravida at euismod enim in.',31),(202,113107,876058,83.33,'Dui scelerisque id lobortis dolor nonummy ligula leo.',31),(203,113108,876058,73.33,'Sem luctus ultricies egestas fusce aenean consequat molestie etiam.',31),(204,113109,876051,56.67,'Primis vehicula nam varius ante lacus.',32),(205,113110,876051,90,'Semper lobortis suscipit tristique velit class neque.',31),(206,113111,876051,NULL,'Vitae sagittis accumsan porta lorem eleifend.',30),(207,113112,876051,93.33,'Nec feugiat urna per netus.',31),(208,113113,876059,84,'Commodo duis risus erat ut ut tempus nisi.',31),(209,113114,876059,78,'Dis luctus sagittis mollis euismod suscipit lacus mus magnis.',31),(210,113115,876059,84,'Aliquam proin natoque orci metus parturient proin.',31),(211,113116,876059,70,'Justo curae; nec id curabitur parturient.',31),(212,113117,876059,58,'Imperdiet imperdiet purus nonummy semper.',32),(213,113118,876059,86,'Maecenas sociis quam eleifend ut viverra conubia per accumsan.',31),(214,113119,876059,92,'Dapibus pulvinar dictum posuere ac.',31),(215,113120,876059,76,'Pellentesque ullamcorper nisl elementum integer et cursus.',31),(216,113121,876059,76,'Turpis sapien eget quisque conubia hendrerit interdum.',31),(217,113122,876059,NULL,'Morbi faucibus urna pretium sit vivamus laoreet.',30),(218,113123,876059,40,'Pulvinar primis lacinia turpis facilisis risus vivamus nibh.',32),(219,113124,876059,84,'Egestas id dis suscipit placerat ultrices.',31),(220,113125,876059,78,'Sollicitudin netus id consequat massa consequat conubia eros ultrices.',31),(221,113126,876059,54,'Mattis fringilla cum quisque hendrerit magnis integer.',32),(222,113095,876059,78,'Elementum curabitur ante risus quisque lorem.',31),(223,112965,876059,68,'Integer eleifend vestibulum cursus turpis arcu natoque pellentesque odio.',31),(224,113127,876068,80,'Odio auctor leo volutpat parturient.',31),(225,113128,876068,70,'Torquent sagittis et vitae class mollis integer.',31),(226,113129,876068,76.67,'Congue orci tortor nascetur condimentum sollicitudin ut cum.',31),(227,113130,876068,90,'Habitant aptent eleifend ac fringilla odio.',31),(228,113131,876068,90,'Tempor commodo tempor augue quisque.',31),(229,113132,876068,76.67,'Mollis placerat tempor fames tortor nisi eros molestie.',31),(230,113133,876068,86.67,'Conubia interdum nostra tincidunt non iaculis accumsan vel.',31),(231,113134,876068,80,'Aliquet orci class nam magna quisque hymenaeos mollis neque.',31),(232,113135,876056,63.33,'Velit maecenas molestie donec lectus nascetur malesuada sem.',32),(233,113136,876056,56.67,'Luctus ante sociis ad nisi turpis risus.',32),(234,113137,876056,80,'Quis ligula a nunc diam a luctus.',31),(235,113138,876070,75,'Senectus venenatis id venenatis praesent placerat.',31),(236,113139,876070,85,'Maecenas vel habitant tellus feugiat accumsan auctor.',31),(237,113140,876070,85,'Ligula risus mi facilisi tristique orci metus.',31),(238,113141,876070,70,'Praesent id porttitor lacus ac quis quisque mollis.',31),(239,113138,876071,80,'Tellus condimentum ultricies felis scelerisque at ultrices.',31),(240,113139,876071,86.67,'Lacus class duis sapien feugiat erat.',31),(241,113140,876071,86.67,'Semper taciti tempor rutrum euismod condimentum pede a.',31),(242,113141,876071,83.33,'Libero ultrices facilisi phasellus netus.',31),(243,113142,876060,95,'Porta dapibus ridiculus habitant libero cursus malesuada.',31),(244,113143,876060,70,'Convallis lacus praesent faucibus justo conubia justo.',31),(245,113144,876060,95,'Neque morbi volutpat fringilla per.',31),(246,113145,876060,75,'Pretium pellentesque cum quisque hymenaeos mi molestie blandit sodales.',31),(247,113146,876060,95,'Quisque sapien porta conubia mollis etiam.',31),(248,113147,876060,95,'Lobortis scelerisque non nunc gravida.',31),(249,113142,876061,93.33,'Elit ridiculus consequat facilisis conubia.',31),(250,113143,876061,63.33,'Mus phasellus risus sodales tempor suscipit.',32),(251,113144,876061,73.33,'Ligula dui posuere ultricies mauris ridiculus fermentum fames.',31),(252,113147,876061,90,'Sit lacus orci vehicula semper elit rhoncus commodo dolor.',31),(253,113109,876069,83.33,'Laoreet lectus tincidunt cum augue urna litora lobortis vehicula.',31),(254,113148,876072,76.67,'Velit rhoncus ut lacinia eros.',31),(255,113149,876072,80,'Eleifend proin vestibulum parturient in ut nascetur.',31),(256,113150,876072,86.67,'Duis interdum gravida montes orci nulla.',31),(257,113151,876072,76.67,'Justo consequat iaculis magna fames class mus luctus pretium.',31),(258,113152,876072,73.33,'Etiam commodo penatibus ante elit augue parturient aptent.',31),(259,113153,876072,83.33,'Cursus nam euismod rutrum arcu varius mus.',31),(260,113154,876072,93.33,'Vitae arcu id pellentesque eget cum arcu taciti cubilia.',31),(261,113155,876072,53.33,'Porta sollicitudin curabitur eleifend porttitor senectus.',32),(262,113156,876072,86.67,'Sodales massa vitae inceptos accumsan tristique magnis.',31),(263,113157,876072,66.67,'Montes etiam sagittis condimentum cursus.',32),(264,113158,876072,66.67,'Venenatis mi pretium aenean volutpat.',32),(265,113159,876072,86.67,'Montes imperdiet euismod facilisis nunc est libero.',31),(266,113160,876072,66.67,'Risus ligula ullamcorper enim magnis posuere bibendum facilisi duis.',32),(267,113161,876072,86.67,'Augue ipsum sapien quisque lectus taciti.',31),(268,113162,876072,73.33,'Diam tincidunt turpis tempus porta sociosqu condimentum accumsan.',31),(269,113163,876073,100,'Ipsum sociosqu vivamus interdum arcu commodo feugiat fusce.',31),(270,113164,876073,75,'Lectus nunc tempus metus ultrices bibendum orci.',31),(271,113165,876073,95,'Pede nascetur sociosqu metus at sagittis quam integer praesent.',31),(272,113166,876073,95,'Vehicula et metus rhoncus facilisi curae; urna diam blandit.',31),(273,113167,876073,100,'Porttitor pellentesque egestas consequat ut fusce.',31),(274,113168,876073,75,'Felis ipsum blandit eleifend torquent ridiculus.',31),(275,113169,876073,80,'Massa penatibus sollicitudin erat praesent senectus velit gravida.',31),(276,113170,876073,0,'Lorem primis elementum adipiscing inceptos tellus.',30),(277,113171,876073,95,'Mi feugiat arcu fusce mauris molestie consequat.',31),(278,113172,876073,90,'Ac mus pulvinar ante aliquet ante cras mus feugiat.',31),(279,113173,876073,90,'Aptent eros convallis tincidunt aliquet.',31),(280,113174,876073,70,'Diam egestas netus elit magna pharetra venenatis.',31),(281,113175,876073,90,'Vel nec volutpat eros fusce.',31),(282,113176,876066,53.33,'Tellus scelerisque inceptos mus netus etiam nunc.',32),(283,113177,876066,63.33,'Aliquet rhoncus pretium faucibus inceptos ac tempor id eget.',32),(284,113178,876066,83.33,'Blandit curae; morbi elementum mus ante nonummy.',31),(285,113179,876066,80,'Malesuada neque interdum etiam dis conubia arcu urna.',31),(286,113180,876066,83.33,'Primis praesent lacus vel mi proin consectetuer in.',31),(287,113181,876066,50,'Ut magnis nullam pharetra molestie non libero lacinia.',32),(288,113182,876066,93.33,'Velit massa nunc per luctus fringilla erat.',31),(289,113183,876066,76.67,'Magna lacus pede amet elementum aptent neque pretium.',31),(290,113184,876066,90,'Porttitor porttitor lacus ac purus pretium.',31),(291,113185,876066,96.67,'Magna elit risus dapibus mauris ante posuere lacinia.',31),(292,113180,876067,NULL,'Nam hendrerit consectetuer metus eleifend nonummy hendrerit.',27),(293,113183,876067,NULL,'Suspendisse ante per elementum curabitur bibendum urna leo.',27),(294,113185,876067,NULL,'Sagittis dignissim netus iaculis auctor est consequat.',27),(295,113179,876067,NULL,'Suspendisse gravida cubilia porta arcu duis tincidunt sem.',27),(296,113176,876067,NULL,'Interdum lorem cras facilisi arcu lectus vitae.',27),(297,113178,876067,NULL,'Dui class senectus sodales quam dui semper ligula semper.',27),(298,113177,876067,NULL,'Nisl morbi ultrices vitae consequat.',27),(299,113182,876067,NULL,'Gravida lorem fermentum donec aptent.',27),(300,113184,876067,NULL,'Sed morbi felis velit suscipit.',27),(301,113181,876067,NULL,'Velit mi proin commodo faucibus enim faucibus.',27),(302,113186,876066,90,'Cursus magnis ut elit inceptos.',31),(303,113187,876064,76,'Aliquet imperdiet risus quam lacinia sociosqu varius dui eleifend.',31),(304,113188,876064,88,'Est lacinia et conubia semper praesent convallis mi donec.',31),(305,113189,876064,90,'Vivamus ullamcorper nulla id a tempor in fames.',31),(306,113190,876064,78,'Praesent phasellus eu iaculis viverra sollicitudin et senectus facilisis.',31),(307,113191,876064,90,'Lacinia cursus nisi lobortis mollis eu.',31),(308,113192,876064,80,'Taciti molestie ante pede curae; sociis.',31),(309,113193,876064,66,'Fermentum accumsan class lectus tincidunt cubilia arcu taciti cum.',31),(310,113098,876064,NULL,'Amet gravida nisi varius ultricies senectus.',30),(311,113186,876064,86,'Sollicitudin quam donec sapien gravida.',31),(312,113103,876064,84,'Interdum varius molestie sem lorem turpis curae; augue.',31),(313,113108,876064,54,'Tincidunt maecenas praesent cubilia nisi mi.',32),(314,112981,876064,NULL,'Purus quam metus gravida dapibus senectus nisl morbi.',30),(315,113104,876064,78,'Vel vel ultrices quis a primis pede consectetuer nonummy.',31),(316,112983,876064,88,'Mauris imperdiet habitant nullam blandit natoque nam class.',31),(317,112985,876064,90,'Donec tempor ridiculus eleifend suspendisse nisl justo eros.',31),(318,113087,876063,80,'Rutrum consectetuer elementum sociosqu malesuada vel facilisi nonummy.',31),(319,113063,876063,80,'Risus placerat cum pellentesque tempor.',31),(320,113094,876063,88,'Laoreet diam nostra nam ultrices velit.',31),(321,113194,876063,88,'Laoreet eget sollicitudin natoque facilisis sapien.',31),(322,113195,876063,80,'Rhoncus sodales urna consequat senectus.',31),(323,113196,876063,74,'Tempus rhoncus diam nibh lacus fusce.',31),(324,113197,876063,NULL,'Metus commodo ut justo elit.',30),(325,113198,876063,NULL,'Taciti sollicitudin pellentesque sagittis varius.',30),(326,113199,876063,88,'Malesuada rhoncus gravida lectus consequat feugiat etiam integer curabitur.',31),(327,113200,876063,NULL,'Placerat a ultrices nostra faucibus posuere nulla.',85),(328,113201,876079,73.33,'Fringilla massa massa a mauris.',31),(329,113202,876079,63.33,'Penatibus morbi praesent varius nec aliquet.',32),(330,113203,876079,83.33,'Vivamus auctor interdum sed senectus phasellus.',31),(331,113204,876079,86.67,'Dis mattis varius duis elit nibh dis duis mattis.',31),(332,113205,876079,93.33,'Sapien felis dolor aptent phasellus eu fusce suspendisse eu.',31),(333,113206,876079,50,'Dis vel donec curae; dignissim lobortis.',32),(334,113207,876079,73.33,'Molestie nibh habitant volutpat urna penatibus.',31),(335,113208,876078,80,'Ligula rhoncus luctus auctor varius massa pharetra turpis massa.',31),(336,113209,876078,85,'Metus magnis tempus vestibulum dolor blandit.',31),(337,113210,876078,90,'Metus montes convallis at urna.',31),(338,113200,876064,82,'Commodo ad rutrum tellus aenean mauris maecenas.',31),(339,113211,876080,85,'Pulvinar commodo facilisi cursus vel facilisi nibh at netus.',31),(340,113212,876080,90,'Quis lobortis aliquet semper vestibulum lacinia dapibus non.',31),(341,113213,876080,60,'Fermentum facilisis montes rutrum facilisi cras senectus per.',32),(342,113214,876080,75,'Mus primis viverra quis sociis tincidunt velit convallis.',31),(343,113215,876080,70,'Mattis scelerisque magna aenean pharetra fusce orci.',31),(344,113216,876080,65,'Quis nascetur morbi aliquet natoque.',31),(345,113217,876082,90,'Elementum natoque congue tellus adipiscing mauris luctus sodales sem.',31),(346,113218,876082,75,'Fringilla cubilia porttitor congue laoreet.',31),(347,113219,876082,65,'Pulvinar curae; nisl molestie sociosqu nisl massa placerat vitae.',31),(348,113220,876082,75,'Fames auctor litora ante tristique.',31),(349,113221,876082,65,'Neque maecenas pede suspendisse gravida.',31),(350,113222,876082,65,'Tristique mollis velit dis class tortor donec fringilla.',31),(351,113223,876082,NULL,'Lacinia conubia in molestie massa turpis.',30),(352,113224,876082,70,'Torquent nulla lacus erat ad fermentum natoque suscipit.',31),(353,113225,876082,70,'Vehicula pulvinar sollicitudin aliquet ornare conubia.',31),(354,113226,876082,NULL,'Lobortis vivamus montes pulvinar bibendum.',30),(355,113227,876082,75,'Bibendum egestas tellus pharetra scelerisque vehicula habitant turpis.',31),(356,113228,876082,75,'Penatibus sociosqu diam iaculis facilisi integer augue donec scelerisque.',31),(357,113229,876082,55,'Pretium taciti diam eu torquent nonummy in.',32),(358,113230,876082,60,'Arcu metus ipsum magnis eleifend phasellus.',32),(359,113231,876082,55,'Curabitur proin dui taciti porta tristique laoreet lacinia.',32),(360,113232,876082,85,'Placerat vivamus sollicitudin euismod torquent non gravida tristique mauris.',31),(361,113233,876082,75,'Sociis curabitur etiam ut suscipit lobortis pulvinar fermentum.',31),(362,113234,876082,70,'Tristique maecenas per velit rhoncus.',31),(363,113235,876082,45,'Ornare pretium penatibus dis velit duis dui.',32),(364,113236,876082,60,'Turpis est nisl duis eu ridiculus adipiscing.',32),(365,113237,876082,90,'Torquent ultrices vehicula vestibulum ad cursus scelerisque malesuada augue.',31),(366,113238,876082,65,'Varius porttitor porta interdum tincidunt eros.',31),(367,113239,876082,65,'Aptent congue in nisi sit gravida.',31),(368,113240,876082,65,'Litora nam ipsum iaculis nullam amet.',31),(369,113241,876082,70,'Mauris at semper tempus velit curae; urna.',31),(370,113242,876082,65,'Tristique eu pharetra netus tempor.',31),(371,113243,876082,NULL,'Penatibus sociosqu cursus felis class mi fusce.',30),(372,113244,876082,65,'Molestie turpis viverra duis condimentum tellus arcu.',31),(373,113245,876082,75,'Iaculis velit praesent placerat fermentum molestie.',31),(374,113246,876082,75,'Vehicula imperdiet ante commodo iaculis montes nisl in.',31),(375,113247,876068,80,'Vel inceptos auctor dis quis dui sapien.',31),(376,113248,876074,90,'Maecenas mattis bibendum ullamcorper fusce ut.',31),(377,113249,876074,80,'Aenean facilisi interdum condimentum fringilla hymenaeos sapien tortor.',31),(378,113250,876074,66.67,'Est montes turpis urna urna taciti molestie arcu posuere.',31),(379,113251,876074,76.67,'Pulvinar imperdiet pellentesque dui ante nulla vel ullamcorper.',31),(380,113252,876074,46.67,'Erat nulla fringilla sem at tincidunt eros odio lacinia.',32),(381,113253,876074,76.67,'Netus ante mauris interdum maecenas dignissim mi aliquam.',31),(382,113254,876074,86.67,'Ultrices quisque amet ut nec amet mattis integer luctus.',31),(383,113255,876074,NULL,'Risus mi et sapien curabitur interdum molestie.',30),(384,113256,876074,70,'Sodales felis at id per est facilisis posuere.',31),(385,113257,876074,70,'Nullam sem curabitur hendrerit fermentum.',31),(386,113258,876074,93.33,'Tristique lacus ipsum ridiculus odio tincidunt metus ultricies.',31),(387,113259,876074,70,'Turpis per parturient enim euismod porta odio bibendum.',31),(388,113260,876074,43.33,'Conubia odio senectus dignissim magna suspendisse.',32),(389,113261,876074,76.67,'Nulla eleifend facilisi risus ad quis praesent felis.',31),(390,113262,876078,90,'Cras scelerisque netus molestie tortor tristique.',31),(391,113263,876078,80,'Sodales sed mattis commodo a porttitor molestie.',31),(392,113264,876085,80,'Mi nascetur eros non eros.',31),(393,113265,876085,75,'Sociosqu egestas netus eros nascetur accumsan in tempor.',31),(394,113266,876085,85,'Eu nostra egestas est per nisi urna tincidunt.',31),(395,113267,876085,95,'Tortor sed felis diam vehicula duis eget.',31),(396,113268,876085,95,'Non nascetur ac habitant pretium neque pretium tincidunt et.',31),(397,113269,876085,95,'Libero class conubia iaculis ligula curabitur lacinia nunc.',31),(398,113270,876085,NULL,'Nunc cubilia semper pede sollicitudin et sit faucibus.',30),(399,113271,876085,95,'Erat risus convallis felis donec at primis.',31),(400,113120,876076,73.33,'Natoque ultrices ullamcorper senectus hymenaeos feugiat neque turpis semper.',31),(401,113122,876076,NULL,'Habitant ullamcorper montes velit diam ac.',30),(402,113123,876076,40,'Diam erat purus vel nam ullamcorper ultricies.',32),(403,113272,876076,80,'Interdum diam phasellus ultrices mus vestibulum egestas dis.',31),(404,113273,876076,53.33,'Pulvinar ultrices interdum egestas ullamcorper ullamcorper sociosqu litora ridiculus.',32),(405,113274,876076,70,'Accumsan sapien varius feugiat semper.',31),(406,113275,876075,53.33,'Vel nostra elementum fusce vestibulum.',32),(407,113276,876075,60,'Elementum congue sodales torquent ut ad.',32),(408,113277,876075,96.67,'Tincidunt ipsum iaculis nonummy venenatis volutpat.',31),(409,113278,876075,80,'Proin mattis fringilla cum quis fermentum.',31),(410,113279,876075,76.67,'Rhoncus natoque montes vivamus fermentum orci eros imperdiet.',31),(411,113280,876075,63.33,'Vel inceptos bibendum enim ac etiam in.',32),(412,113281,876075,83.33,'Tempus quis cras lectus purus leo.',31),(413,113282,876075,66.67,'Morbi eros phasellus parturient egestas cum bibendum.',31),(414,113283,876075,90,'Urna vestibulum arcu inceptos rhoncus per class.',31),(415,113284,876075,NULL,'Auctor pulvinar magna dui nisi hendrerit volutpat tortor metus.',30),(416,112989,876075,76.67,'Quam condimentum eu class nulla sodales hendrerit elit cursus.',31),(417,112980,876075,96.67,'Primis nostra turpis praesent sociis.',31),(418,112993,876075,76.67,'Eros euismod parturient laoreet cursus nascetur fames sollicitudin.',31),(419,113186,876075,86.67,'In praesent laoreet volutpat phasellus.',31),(420,112965,876075,43.33,'Vehicula varius tempor mus consectetuer ut.',32),(421,113086,876087,66.67,'Metus taciti sagittis fusce gravida phasellus lacinia aenean tempus.',31),(422,113108,876088,76,'Consectetuer mattis dolor luctus quisque.',31),(423,112988,876090,58,'Mollis ipsum libero ac placerat lorem elementum sagittis.',32),(424,113123,876084,66,'Phasellus sagittis tempor adipiscing magna hymenaeos gravida ornare duis.',31),(425,113275,876092,75,'Porta leo blandit cubilia litora.',31),(426,113276,876092,75,'Sed laoreet primis hymenaeos nostra ac diam tempor suscipit.',31),(427,113277,876092,85,'Pede consequat nullam rutrum aenean sagittis taciti vivamus.',31),(428,112989,876092,80,'Velit bibendum mollis lacus mi hendrerit dis.',31),(429,113278,876092,75,'Justo vel mus tempor pulvinar.',31),(430,113279,876092,75,'Faucibus et laoreet feugiat habitant.',31),(431,112980,876092,100,'Nonummy primis sed sociosqu sapien litora tempus at.',31),(432,112993,876092,85,'Dictum dapibus facilisis volutpat bibendum lacinia.',31),(433,113186,876092,90,'Molestie nibh id blandit gravida.',31),(434,113280,876092,85,'Porta tellus erat pharetra odio curabitur.',31),(435,113281,876092,85,'Rutrum eu at malesuada etiam tortor pede nulla convallis.',31),(436,112965,876092,75,'Porttitor pede dignissim velit elit gravida volutpat vehicula.',31),(437,113282,876092,90,'Ligula lacinia primis justo suspendisse bibendum sociis ullamcorper augue.',31),(438,113283,876092,85,'Amet enim condimentum risus nibh nonummy etiam nec aliquam.',31),(439,113284,876092,NULL,'Magna tortor auctor pede blandit.',30),(440,113272,876091,90,'Tortor fringilla venenatis sit eleifend.',31),(441,113120,876091,80,'Vestibulum lacinia cursus nisi maecenas non nisl dignissim convallis.',31),(442,113122,876091,NULL,'Metus auctor sed sem parturient.',30),(443,113273,876091,75,'Ullamcorper phasellus praesent massa id habitant.',31),(444,113123,876091,60,'Sociis primis convallis malesuada augue.',32),(445,113274,876091,100,'Torquent magna quis fringilla integer venenatis.',31),(446,113198,876093,70,'Convallis in montes mollis arcu porta feugiat.',31),(447,113196,876095,86,'Taciti elit nunc libero fermentum eu libero id.',31),(448,113069,876086,75,'Consectetuer vel leo fermentum euismod massa nunc.',31),(449,113285,876092,65,'Venenatis pharetra metus molestie condimentum vehicula.',31),(450,113286,876075,NULL,'Justo accumsan sociosqu curabitur eros sociis.',27),(451,113287,876096,80,'Fames aenean egestas amet morbi nisl hendrerit.',31),(452,113288,876079,86.67,'Odio lacinia curae; nam facilisis sodales feugiat commodo metus.',31),(453,113289,876086,75,'Molestie adipiscing metus metus aptent posuere ipsum torquent elit.',31),(454,113290,876077,80,'Natoque phasellus quis porttitor et.',31),(455,113291,876077,80,'Litora velit laoreet est aptent magnis est.',31),(456,113292,876077,NULL,'Dictum elit pellentesque non aenean fringilla netus.',30),(457,113293,876077,73.33,'Eros ultricies sollicitudin lobortis ridiculus magnis congue commodo.',31),(458,113294,876077,86.67,'Facilisi sagittis arcu urna malesuada penatibus torquent.',31),(459,113295,876077,93.33,'Fringilla bibendum justo sem senectus per urna.',31),(460,113296,876077,90,'Volutpat sodales elementum pellentesque non aliquet.',31),(461,113297,876077,86.67,'Vehicula eu nascetur vestibulum cursus ullamcorper commodo quisque magnis.',31),(462,113298,876077,66.67,'Imperdiet quisque pharetra conubia netus morbi.',31),(463,113299,876077,80,'Curae; cursus hendrerit eu gravida tincidunt.',31),(464,113300,876077,86.67,'Pellentesque dui arcu pede consectetuer nulla.',31),(465,113301,876077,73.33,'Luctus mattis consectetuer auctor ac senectus commodo aliquam tellus.',31),(466,113111,876077,NULL,'Per felis morbi ridiculus elementum tempus posuere torquent.',30),(467,113276,876099,73.33,'A volutpat venenatis tellus lobortis.',31),(468,113286,876092,NULL,'Class ipsum primis leo ac.',27),(469,113302,876097,90,'Odio molestie pretium aliquet aenean aenean at.',31),(470,113303,876097,NULL,'Dui congue urna fusce tempor integer feugiat lobortis fermentum.',30),(471,113304,876097,95,'Imperdiet elit class purus leo venenatis.',31),(472,113305,876097,NULL,'Sed aenean pretium molestie maecenas sed nonummy nulla.',30),(473,113306,876097,95,'Aenean justo velit nibh arcu mollis malesuada.',31),(474,113307,876097,NULL,'Pretium ad turpis mauris sit nulla nonummy dignissim conubia.',30),(475,113308,876097,90,'Sem adipiscing per fusce ornare.',31),(476,113309,876097,90,'Mi tempor sem lectus pretium fringilla.',31),(477,113310,876097,100,'Adipiscing nonummy vestibulum amet facilisi gravida sodales.',31),(478,113311,876097,NULL,'Porttitor curae; per ullamcorper montes venenatis dui.',30),(479,113312,876097,NULL,'Inceptos lectus viverra parturient faucibus.',30),(480,113313,876097,NULL,'Habitant penatibus felis nascetur tempor.',30),(481,113314,876097,60,'Blandit varius lorem malesuada bibendum ultrices imperdiet congue lectus.',32),(482,113315,876097,95,'Tellus proin aptent auctor dui sit mauris blandit tristique.',31),(483,113316,876097,100,'Et mi sapien lacus pretium hendrerit nostra accumsan.',31),(484,113317,876097,85,'Magnis in litora consectetuer eget.',31),(485,113318,876097,NULL,'Senectus justo nisi pulvinar tristique fringilla.',30),(486,113319,876097,80,'Ornare cursus tortor a euismod lorem lobortis tristique.',31),(488,113060,876083,80,'Molestie per semper aliquet purus nostra suscipit laoreet nascetur.',31),(489,113320,876083,90,'Morbi nunc metus placerat ultrices.',31),(490,113321,876083,66.67,'Risus et aliquam hymenaeos porttitor lectus at amet ac.',31),(491,113322,876083,70,'Semper nec lacinia iaculis neque sagittis dui.',31),(492,113323,876083,80,'Commodo a porta malesuada imperdiet lacus venenatis nec velit.',31),(493,113324,876083,86.67,'Orci magna luctus ultricies eget habitant augue.',31),(494,113325,876083,83.33,'Fusce euismod lacinia egestas suscipit nulla morbi.',31),(495,113326,876083,90,'Sit bibendum urna leo imperdiet netus risus cum.',31),(496,113327,876083,83.33,'Ridiculus auctor aliquet vitae ridiculus varius inceptos conubia.',31),(497,113328,876083,93.33,'Placerat inceptos suspendisse cubilia conubia.',31),(498,113329,876083,90,'Auctor consectetuer hymenaeos litora donec pellentesque porttitor morbi.',31),(499,113330,876083,90,'Accumsan vestibulum sociis est senectus faucibus.',31),(500,113331,876083,90,'Per netus tincidunt posuere tempus facilisi sem dapibus.',31),(501,113332,876083,66.67,'Condimentum magna class ad sem a netus ullamcorper.',31),(502,113333,876104,83.33,'Ridiculus magnis conubia dictum mollis conubia adipiscing.',31),(503,113334,876104,83.33,'Arcu fusce massa malesuada vestibulum in ac tellus.',31),(504,113335,876104,76.67,'Malesuada curae; feugiat cubilia quis.',31),(505,113336,876104,90,'Justo neque pede neque tortor risus dis.',31),(506,113337,876104,93.33,'Amet lorem donec nulla magnis nisi massa.',31),(507,113338,876100,93.33,'Lectus senectus sapien mauris dictum.',31),(508,113339,876100,46.67,'Nostra aenean facilisi in aliquet aptent.',32),(509,113340,876100,86.67,'Mauris rutrum integer nonummy tempor mus convallis.',31),(510,113341,876100,50,'Nam non hendrerit velit quam taciti augue sagittis.',32),(511,113342,876100,NULL,'Dis cum dapibus ipsum mauris fusce.',85),(512,113343,876100,70,'Ligula tristique dictum dolor ligula ornare torquent molestie.',31),(513,113344,876100,90,'Lectus hymenaeos mi mauris a lorem.',31),(514,113345,876100,70,'Nostra condimentum pede ac amet donec.',31),(515,113346,876100,NULL,'Nonummy malesuada odio posuere ornare consectetuer orci taciti ipsum.',85),(516,113347,876097,70,'Gravida varius pharetra non venenatis aenean eget auctor per.',31),(517,113348,876104,70,'Quisque eleifend tellus per risus sodales tortor vestibulum curabitur.',31),(518,113349,876104,76.67,'Varius viverra commodo mollis imperdiet eu facilisi nulla eleifend.',31),(519,113350,876100,NULL,'Congue cum lacus pellentesque at fusce malesuada luctus taciti.',85),(520,113351,876101,60,'Convallis quis in odio ante fusce mus primis viverra.',32),(521,113352,876101,NULL,'Elementum ligula morbi in etiam elit imperdiet diam purus.',30),(522,113353,876101,NULL,'Viverra sociis dictum lectus nostra ridiculus aenean semper.',30),(523,113354,876101,73.33,'Urna tincidunt orci neque ut vitae arcu.',31),(524,113355,876101,76.67,'Euismod ipsum dapibus ornare proin pretium ipsum tellus.',31),(525,113356,876101,73.33,'Ut mattis placerat venenatis quis.',31),(526,113357,876101,63.33,'Ac orci duis cum class.',32),(527,113358,876101,NULL,'Elementum nonummy habitant tristique luctus parturient tellus inceptos fermentum.',30),(528,113359,876101,66.67,'Erat faucibus sagittis ad praesent molestie.',31),(529,113360,876101,NULL,'Condimentum rhoncus metus eu taciti magna sit porta ac.',30),(530,113361,876101,NULL,'Praesent ligula class cras lacus pharetra cum porta.',30),(531,113337,876105,92,'Quam dolor quis dignissim per.',31),(532,113333,876105,78,'Cum iaculis in semper ut.',31),(533,113348,876105,70,'Fames felis per laoreet congue euismod class.',31),(534,113362,876105,66,'Elementum proin vehicula nascetur venenatis cum sodales rhoncus faucibus.',31),(535,113363,876108,NULL,'Blandit felis fermentum per lacinia amet.',30),(536,113364,876108,95,'Purus molestie ipsum leo volutpat pellentesque fusce phasellus.',31),(537,113365,876108,85,'Morbi dolor habitant dapibus scelerisque.',31),(538,113366,876108,95,'Ut leo in non tempus.',31),(539,113367,876108,95,'Tempor ipsum in porta iaculis primis.',31),(540,113368,876108,80,'Auctor quam molestie in gravida netus tempus.',31),(541,113369,876108,75,'Metus lobortis ridiculus maecenas at tristique fermentum tortor.',31),(542,113370,876108,85,'Mus odio nam suspendisse orci.',31),(543,113371,876108,100,'Elementum mollis ut commodo pharetra congue.',31),(544,113372,876108,100,'Pulvinar ullamcorper imperdiet cubilia nibh mi.',31),(545,113373,876108,85,'Sollicitudin duis morbi auctor praesent in ridiculus pretium.',31),(546,113374,876108,100,'Integer elementum adipiscing in sollicitudin congue.',31),(547,113375,876108,55,'Lacus amet vitae quis sollicitudin vitae fringilla quam.',32),(548,113376,876108,60,'Dapibus laoreet nullam sodales habitant egestas at.',32),(549,113377,876108,NULL,'Nibh nisi egestas felis ut.',30),(550,113378,876109,70,'Venenatis hendrerit tellus faucibus ultricies posuere ridiculus pulvinar imperdiet.',31),(551,113379,876109,86.67,'Feugiat senectus conubia cursus lobortis sed.',31),(552,113380,876109,NULL,'Ante tempor eleifend montes volutpat hendrerit sem vitae.',30),(553,113381,876109,76.67,'Praesent faucibus ipsum commodo etiam commodo parturient.',31),(554,113382,876109,66.67,'Tellus lorem primis elementum adipiscing integer tristique gravida ac.',32),(555,113383,876109,80,'Vitae turpis nostra hymenaeos varius orci inceptos adipiscing varius.',31),(556,113384,876109,83.33,'Facilisis convallis ridiculus lobortis a nostra class.',31),(557,113385,876109,NULL,'Inceptos inceptos rutrum pulvinar hymenaeos nibh suspendisse mollis blandit.',30),(558,113386,876109,90,'Litora est vitae bibendum maecenas.',31),(559,113387,876109,86.67,'Etiam fringilla suscipit est risus blandit.',31),(560,113388,876109,86.67,'Cras semper pellentesque tincidunt litora nisl.',31),(561,113366,876109,90,'Arcu convallis luctus vivamus magna magna.',31),(562,113368,876109,66.67,'A tempor in etiam elit inceptos.',32),(563,113372,876109,90,'A duis blandit rutrum ornare tortor nascetur congue tempor.',31),(564,113373,876109,83.33,'Suscipit magnis tellus torquent suscipit non luctus.',31),(565,113374,876109,90,'Sociis fames ad dapibus sem mus.',31),(566,113389,876109,86.67,'Turpis odio libero faucibus egestas dignissim etiam sit facilisi.',31),(567,113390,876103,86.67,'Purus est congue quis leo.',31),(568,113391,876103,93.33,'Consectetuer lacinia pulvinar leo volutpat ornare.',31),(569,113392,876103,83.33,'Fames elit fames sem conubia dui pellentesque.',31),(570,113393,876103,90,'Nulla litora lacinia primis inceptos quisque odio.',31),(571,113394,876103,93.33,'Pretium molestie luctus risus magna bibendum vitae nunc.',31),(572,113395,876103,100,'Per nec sit justo nisi proin.',31),(573,113396,876103,73.33,'Molestie urna blandit odio ut risus.',31),(574,113397,876103,96.67,'Sem arcu taciti curae; dolor.',31),(575,113398,876103,86.67,'Lacinia class elementum tristique semper iaculis inceptos sollicitudin bibendum.',31),(577,113400,876103,86.67,'Venenatis malesuada nec inceptos dui.',31),(578,113401,876103,96.67,'Quisque conubia habitant imperdiet sodales augue taciti commodo torquent.',31),(579,113402,876103,73.33,'Nunc lorem lectus ridiculus nascetur magna.',31),(580,113403,876103,83.33,'Consequat sapien nonummy phasellus nisi ullamcorper.',31),(581,113404,876102,40,'Vehicula urna senectus fames at lacinia.',32),(582,113405,876102,80,'Luctus parturient tempus libero natoque mattis.',31),(583,113406,876102,90,'Sagittis vestibulum massa netus justo faucibus fermentum penatibus.',31),(584,113407,876102,83.33,'Ultricies morbi varius commodo pede.',31),(585,113408,876102,76.67,'Consectetuer mi eros quam venenatis.',31),(586,113409,876110,66.67,'Donec bibendum sagittis placerat commodo leo tempor class sociis.',32),(587,113410,876110,93.33,'Ut velit vestibulum vivamus a aptent euismod est magna.',31),(588,113411,876110,NULL,'Consequat sollicitudin tortor ut volutpat cum sagittis.',30),(589,113412,876110,90,'Vivamus odio enim fringilla ultrices.',31),(590,113413,876110,70,'Turpis magnis pretium cras molestie egestas.',31),(591,113414,876110,93.33,'Facilisi nam torquent sed gravida fames mattis nonummy montes.',31),(592,113415,876110,83.33,'Ultrices massa quam enim a enim enim massa.',31),(593,113416,876110,46.67,'Dignissim augue sem sociosqu rhoncus feugiat.',32),(594,113417,876110,80,'Elementum etiam penatibus mollis odio non consequat sed.',31),(595,113418,876110,90,'Cras eros tincidunt ornare non auctor montes magnis sit.',31),(596,113419,876110,90,'Nullam fermentum quam ridiculus nulla sagittis blandit augue consectetuer.',31),(597,113420,876110,76.67,'Venenatis nullam elit gravida vitae tellus lectus.',31),(598,113382,876110,80,'Nullam risus ac placerat litora dignissim nibh.',31),(599,113372,876110,100,'Porta volutpat tellus in fames.',31),(600,113385,876110,NULL,'Massa purus duis suscipit odio nunc eros integer dignissim.',30),(601,113389,876110,83.33,'Venenatis commodo netus nullam inceptos auctor.',31),(602,113374,876110,93.33,'Curae; natoque iaculis consequat mattis dapibus hendrerit enim.',31),(603,113421,876107,NULL,'Lobortis porta consequat mattis curabitur est.',85),(604,113422,876107,84,'Dapibus dignissim laoreet neque nulla hymenaeos vel.',31),(605,113423,876107,NULL,'Aptent integer scelerisque senectus posuere blandit faucibus facilisis.',85),(606,113424,876107,NULL,'Diam ut dapibus aliquet placerat habitant pede est hendrerit.',85),(607,113425,876107,74,'Erat quam ac quisque sed quam fusce lectus cursus.',31),(608,113098,876107,80,'Facilisi ultricies rhoncus ante varius.',31),(609,113395,876107,84,'Litora dignissim netus fusce velit.',31),(610,113324,876107,92,'Placerat litora dis nostra magnis.',31),(611,113298,876107,70,'Cum venenatis inceptos aliquam accumsan vehicula primis sapien.',31),(612,113287,876107,80,'Hymenaeos dignissim suspendisse primis augue dignissim primis.',31),(613,113063,876107,78,'Luctus venenatis lectus et arcu.',31),(614,113400,876107,74,'Pretium turpis inceptos dui torquent sollicitudin.',31),(615,112981,876107,76,'Nascetur augue posuere fermentum luctus integer.',31),(616,113299,876107,82,'Molestie porttitor velit pharetra mi netus hendrerit adipiscing.',31),(617,113331,876107,90,'Nisl natoque aliquam lorem eleifend.',31),(618,113426,876106,80,'Massa ad nibh tempus pede.',31),(619,113427,876106,96.67,'Posuere mi massa urna cursus aliquet.',31),(620,113428,876106,70,'Turpis hendrerit aliquet convallis nam id dignissim.',31),(621,113429,876106,80,'Pede inceptos vitae proin pretium laoreet venenatis natoque.',31),(622,113430,876106,86.67,'Pulvinar a sagittis vehicula imperdiet aliquam ante cubilia neque.',31),(623,113431,876106,86.67,'Feugiat aliquam diam sapien libero sodales tempus.',31),(624,113432,876106,93.33,'Cum magna vestibulum justo cras litora taciti venenatis.',31),(625,113433,876106,86.67,'Urna pede mattis nam eros ornare.',31),(626,113434,876106,76.67,'Nisi ridiculus augue bibendum dictum parturient quam.',31),(627,113063,876106,83.33,'Taciti justo lorem class blandit cum massa ante.',31),(628,113117,876112,76,'Primis suspendisse conubia at urna magna nulla.',31),(629,113435,876101,60,'Volutpat scelerisque aliquam rhoncus purus laoreet.',32),(630,113436,876101,76.67,'Ipsum iaculis nullam amet feugiat metus.',31),(631,113275,876117,66.67,'Morbi fermentum vestibulum torquent mus bibendum quisque.',31),(632,113282,876118,73.333,'Curae; auctor tempus dui ipsum integer quis.',31),(633,113437,876118,66.666,'Sapien semper praesent conubia magna amet rutrum sagittis.',31),(634,113438,876118,50,'Dapibus condimentum adipiscing risus sociis sociis pellentesque.',32),(635,113439,876118,66.666,'Placerat primis nam nisi felis sed.',31),(636,113440,876119,100,'Penatibus justo aptent aliquam ac ultricies odio ipsum commodo.',31),(637,113441,876119,85,'Enim morbi vivamus etiam litora leo.',31),(638,113442,876119,100,'Sagittis imperdiet molestie massa ullamcorper blandit porttitor est donec.',31),(639,113443,876124,NULL,'Accumsan lectus cras integer nam nisl feugiat.',85),(640,113444,876123,NULL,'Sed duis per pulvinar pede class.',85),(641,112988,876125,NULL,'Lorem ridiculus ligula varius in.',85),(642,113445,876126,NULL,'Sociis montes dolor in fermentum lobortis.',27),(643,113446,876126,NULL,'Suspendisse cum curae; iaculis hendrerit per.',27),(644,113447,876126,NULL,'Aptent lorem cursus libero praesent enim class proin.',27),(645,113448,876126,NULL,'Id quisque phasellus curabitur primis cursus pellentesque sit.',27),(646,113449,876126,NULL,'Sollicitudin lorem sagittis nascetur lacus leo.',27),(647,113450,876126,NULL,'Congue integer parturient bibendum litora aliquet.',27),(648,113451,876126,NULL,'Nulla amet hendrerit orci curabitur.',27),(649,113452,876126,NULL,'Maecenas vitae libero faucibus donec class tellus bibendum sed.',27),(650,113453,876126,NULL,'Aptent sociosqu aliquet penatibus eros etiam nonummy.',27),(651,113454,876126,NULL,'Nullam imperdiet a tempor in euismod.',27),(652,113455,876126,NULL,'Iaculis taciti eget mus at placerat et etiam.',27),(653,113139,876126,NULL,'Montes montes augue risus orci.',27),(654,113140,876126,NULL,'Eget id dictum sed magna a mus.',27),(655,113141,876126,NULL,'Natoque feugiat ut porttitor praesent.',27),(656,113456,876115,90,'Scelerisque et vehicula vehicula torquent nostra.',31),(657,113457,876115,83.333,'Neque lacus inceptos phasellus et.',31),(658,113458,876115,90,'Fusce ridiculus sollicitudin ultricies class phasellus curae; proin.',31),(659,113459,876115,80,'Hendrerit lacinia adipiscing suscipit eget natoque cubilia aliquam.',31),(660,113460,876115,73.333,'Mattis ultrices blandit porta duis viverra fames.',31),(661,113461,876115,80,'Tristique quis at bibendum dolor ridiculus elit ultricies tortor.',31),(662,113462,876115,83.333,'Egestas magnis sagittis luctus accumsan orci dignissim accumsan massa.',31),(663,113463,876115,63.333,'Taciti risus euismod congue pharetra bibendum iaculis nisl tristique.',32),(664,113464,876115,80,'Libero ligula ullamcorper eleifend laoreet leo turpis elementum maecenas.',31),(665,113448,876127,78,'Gravida cras penatibus urna pede mattis mollis dapibus eros.',31),(666,113139,876127,82,'Est viverra convallis porttitor consequat.',31),(667,113141,876127,86,'Lacinia metus feugiat congue nam.',31),(668,113140,876127,82,'Natoque blandit quisque mi fusce cras pellentesque.',31),(669,113465,876116,56.666,'Habitant tempus imperdiet eget accumsan imperdiet taciti dignissim.',32),(670,113466,876116,80,'Sapien luctus viverra mi odio.',31),(671,113467,876116,80,'Nisl augue netus porttitor rhoncus primis.',31),(672,113468,876128,70,'Habitant hendrerit pulvinar nullam ultrices pretium sociosqu.',31),(673,113469,876128,63.333,'Metus in imperdiet proin mollis maecenas scelerisque mus.',32),(674,113337,876128,93.333,'Sed massa at sodales aliquam.',31),(675,113333,876128,66.666,'Leo a per integer ut.',31),(676,113470,876111,75,'Luctus ultricies eleifend id diam quisque facilisi dapibus a.',31),(677,113471,876111,NULL,'Justo vestibulum nostra dignissim augue sit.',85),(678,113472,876111,75,'Morbi nec duis in etiam.',31),(679,113473,876111,70,'Sapien commodo condimentum elit ullamcorper sociosqu.',31),(680,113474,876111,NULL,'Dui vehicula commodo ornare venenatis tempus mauris tortor.',85),(681,113475,876111,NULL,'Eget lacus lacus taciti aptent per.',85),(682,113476,876098,84,'Torquent cras volutpat nec tempus.',31),(683,113477,876098,86,'Ultricies enim lorem nisi netus consectetuer sodales tellus sociosqu.',31),(684,113478,876098,NULL,'Conubia molestie est pulvinar torquent enim.',85),(686,113464,876098,90,'Duis massa sollicitudin purus diam parturient.',31),(687,113457,876098,88,'Neque nostra habitant torquent leo mauris elit placerat.',31),(688,113391,876098,84,'Vehicula suscipit lacus mus magnis scelerisque mi eget.',31),(689,113428,876098,72,'Felis vel sociosqu feugiat conubia ornare.',31),(690,113459,876098,88,'Mattis erat rhoncus auctor ante amet auctor.',31),(691,113460,876098,96,'Ullamcorper sociis justo nam morbi arcu pellentesque curabitur risus.',31),(692,113326,876098,78,'Ultricies blandit per consectetuer natoque luctus penatibus varius porta.',31),(693,113444,876133,43.333,'Nam sem in malesuada fringilla dignissim.',32),(694,113404,876131,NULL,'Per consectetuer nam lacinia lacus.',30),(695,113405,876131,82,'Vel lectus faucibus elementum et.',31),(696,113467,876131,82,'Dignissim per sit class a posuere nec.',31),(697,113122,876131,90,'Etiam proin senectus urna dictum convallis consequat duis posuere.',31),(698,113463,876134,50,'Netus mauris semper montes erat parturient metus.',32),(699,113465,876135,76.666,'Consequat sapien nulla proin sapien risus massa diam.',31),(700,113483,876131,60,'Viverra parturient facilisis mus sollicitudin nonummy malesuada.',32),(701,113484,876131,80,'Non ut suspendisse mattis urna curabitur vivamus lobortis.',31),(702,113485,876132,86.666,'Porta lorem eget purus amet vivamus.',31),(703,113486,876132,83.333,'Nam sollicitudin natoque facilisi risus ac porttitor metus lorem.',31),(704,113487,876132,80,'In eros dapibus auctor suspendisse augue senectus.',31),(705,113488,876132,93.333,'A eget convallis volutpat neque tortor risus dis nullam.',31),(706,113489,876132,100,'Dui blandit senectus sodales quisque etiam congue pretium euismod.',31),(707,113490,876132,76.666,'Sociis nec hymenaeos class interdum porta felis.',31),(708,113491,876132,93.333,'Sed per vivamus tincidunt massa sit nunc.',31),(709,113492,876132,93.333,'Senectus id inceptos sit vestibulum imperdiet vitae.',31),(710,113493,876132,93.333,'Aliquet nostra vel ut semper eu venenatis vitae ac.',31),(711,113494,876132,53.333,'Ante suscipit consequat arcu urna maecenas nonummy.',32),(712,112963,876132,NULL,'Eu quam torquent eleifend malesuada ridiculus.',30),(713,113055,876132,93.333,'Sociis integer lobortis consequat elementum sociosqu lorem.',31),(714,113495,876129,NULL,'Ac vehicula purus tellus cubilia blandit ad senectus.',30),(715,113496,876129,78,'Aliquam nunc at libero aliquam semper a mus quam.',31),(716,113497,876129,72,'Etiam lacinia elit vestibulum conubia primis.',31),(717,113498,876129,70,'Pellentesque augue inceptos pretium ligula.',31),(718,113499,876129,74,'Etiam auctor mauris habitant duis.',31),(719,113500,876129,64,'Luctus sit posuere blandit faucibus etiam maecenas.',32),(720,113501,876130,83.333,'Aenean consectetuer mi erat posuere sagittis.',31),(721,113502,876130,93.333,'Iaculis molestie montes congue vehicula lacus erat ad.',31),(722,113503,876130,100,'Tempus porttitor tellus erat penatibus netus tortor.',31),(723,113504,876130,93.333,'Faucibus dignissim accumsan mauris mattis.',31),(724,113505,876130,86.666,'Posuere ullamcorper libero magna auctor ultricies laoreet.',31),(725,113506,876130,83.333,'Mauris accumsan molestie nisl justo eros blandit.',31),(726,113507,876130,76.666,'Cum pharetra vestibulum senectus diam.',31),(727,113508,876130,80,'Tincidunt mollis volutpat integer vestibulum pharetra mauris malesuada.',31),(728,113509,876130,80,'Lacinia gravida luctus felis dictum venenatis.',31),(729,113510,876130,83.333,'Sollicitudin nunc nonummy curabitur velit fusce scelerisque.',31),(731,113057,876130,83.333,'Ad est facilisi pellentesque lorem fermentum dui commodo.',31),(732,113512,876132,90,'Purus mauris felis at id.',31),(733,113513,876129,68,'Venenatis eu massa pellentesque sodales.',31),(734,113514,876138,36.666,'Urna cubilia ultrices dictum cubilia dictum malesuada.',32),(735,113515,876138,86.666,'Proin in proin massa felis.',31),(736,113516,876138,93.333,'Suscipit amet ornare consequat per accumsan adipiscing.',31),(737,113517,876138,86.666,'Quam molestie ipsum libero a penatibus hendrerit.',31),(738,112988,876146,48,'Quis fermentum hendrerit senectus amet rhoncus phasellus cum phasellus.',32),(739,113444,876147,83.33,'Porta placerat hendrerit posuere malesuada gravida eget consectetuer turpis.',31),(740,113518,876142,63.333,'Risus at ac senectus class accumsan.',32),(741,113519,876142,66.666,'Varius cursus volutpat lorem iaculis lectus augue bibendum dignissim.',31),(742,113520,876142,60,'Phasellus natoque quisque condimentum erat vel adipiscing elit curae;.',32),(743,113521,876142,NULL,'Auctor scelerisque scelerisque nisi nec auctor parturient auctor imperdiet.',30),(744,113522,876142,53.333,'Metus orci per litora elit tellus.',32),(745,113523,876142,70,'Laoreet sagittis pellentesque vestibulum sollicitudin gravida diam.',31),(746,113524,876142,83.333,'Convallis ligula suspendisse varius cubilia tincidunt accumsan interdum.',31),(747,113525,876142,86.666,'Cursus accumsan natoque scelerisque fames convallis quis imperdiet.',31),(748,113526,876142,86.666,'Arcu gravida mus praesent urna metus rutrum iaculis malesuada.',31),(749,112988,876145,50,'Suscipit blandit tempor cras arcu tincidunt.',32),(750,112990,876145,83.333,'Hendrerit tristique luctus odio rutrum a ornare enim.',31),(751,113324,876145,96.666,'Commodo blandit cubilia ligula senectus ridiculus integer orci aptent.',31),(752,113190,876145,86.666,'Per risus sodales tortor vitae diam venenatis.',31),(753,113326,876145,63.333,'Venenatis convallis quisque lacinia sem scelerisque neque.',32),(754,113425,876145,76.666,'Eros arcu mauris inceptos justo tortor eros nisl.',31),(755,113400,876145,80,'Torquent montes accumsan ligula donec porta.',31),(756,112981,876145,66.666,'Per nonummy aenean felis massa mus.',31),(757,113299,876145,73.333,'Luctus ipsum nonummy sodales interdum lorem convallis est.',31),(758,113104,876145,60,'Natoque egestas lacinia laoreet tempor consectetuer vehicula integer cras.',32),(759,113464,876145,80,'Aptent varius nascetur vestibulum dictum.',31),(760,113284,876145,NULL,'Gravida faucibus molestie placerat turpis lobortis nibh.',30),(761,113527,876145,76.666,'Et lacus euismod diam aenean nonummy vitae arcu hymenaeos.',31),(762,113528,876145,83.333,'Phasellus blandit iaculis netus senectus.',31),(763,113529,876145,60,'Nibh vel ad donec volutpat hendrerit.',32),(764,113469,876137,NULL,'Bibendum quis mi hymenaeos eleifend blandit pulvinar laoreet ut.',85),(765,113530,876136,90,'At montes mauris vehicula dolor cum.',31),(766,113531,876136,80,'Libero aptent vehicula netus at nisi.',31),(767,113532,876136,63.333,'Suscipit dolor libero nullam sagittis.',32),(768,113533,876136,83.333,'A sodales egestas netus est.',31),(769,113534,876136,60,'Nam nostra lacinia eget turpis.',32),(770,113535,876136,76.666,'Penatibus inceptos ullamcorper laoreet integer pharetra enim dignissim.',31),(771,113536,876136,76.666,'Sociosqu porttitor ad venenatis sagittis arcu ultrices.',31),(772,113537,876136,66.666,'Sociosqu turpis aliquet lorem egestas porttitor taciti.',31),(773,113538,876140,46.666,'Praesent dignissim risus fringilla gravida pretium netus.',32),(774,113539,876140,43.333,'Tristique laoreet laoreet taciti aliquet.',32),(775,113540,876140,76.666,'Scelerisque duis porta sodales conubia congue diam mus egestas.',31),(776,113541,876140,66.666,'Sed conubia eleifend ridiculus cursus mi congue volutpat.',31),(777,113542,876140,60,'Dictum est ridiculus augue auctor convallis.',32),(778,113543,876140,76.666,'Velit eget enim nascetur aptent nonummy tempor natoque dis.',31),(779,113544,876143,40,'Dapibus maecenas taciti torquent tincidunt rhoncus curabitur magna vehicula.',32),(780,113545,876141,80,'Hendrerit sociosqu consequat commodo cubilia lacus penatibus condimentum.',31),(781,113546,876141,63.333,'Nulla lacinia eleifend ultrices turpis sapien.',32),(782,113547,876141,53.333,'Id lacinia vel montes sociosqu nec gravida accumsan ad.',32),(783,113548,876139,85,'Suspendisse posuere venenatis placerat nibh suspendisse.',31),(784,113549,876139,90,'Vel laoreet eu cras sollicitudin.',31),(785,113550,876139,85,'Odio fames nonummy cum turpis consectetuer suscipit urna.',31),(786,113551,876139,NULL,'Fermentum leo egestas scelerisque feugiat elit enim mattis.',30),(787,113552,876139,95,'Posuere faucibus lectus elit ultricies torquent porta.',31),(788,113553,876139,90,'Molestie pede pretium nostra urna sed elit scelerisque eu.',31),(789,113554,876144,NULL,'Vestibulum et litora ligula tincidunt condimentum.',85),(790,113555,876144,NULL,'Etiam magna nisi metus sem malesuada amet pulvinar natoque.',85),(791,113556,876144,NULL,'Viverra taciti iaculis eleifend arcu nulla.',85),(792,113460,876144,90,'Dapibus luctus suscipit tellus sapien hymenaeos lacinia accumsan.',31),(793,113428,876144,80,'Ornare dui commodo taciti ante.',31),(794,112983,876144,83.333,'Montes ipsum ipsum semper taciti.',31),(795,113483,876149,66,'Nisi lacinia facilisi eget eros nunc imperdiet a taciti.',31),(796,113557,876136,90,'Etiam eget fermentum ultricies pellentesque.',31),(797,113443,876150,93,'Magna tristique bibendum posuere faucibus lacus dapibus nonummy mollis.',31),(798,113558,876142,70,'Nulla duis duis ligula nibh nisl eleifend in.',31),(799,113559,876142,76.666,'Primis ante aptent cubilia nascetur hymenaeos conubia nam justo.',31),(800,113560,876139,80,'Donec aenean mollis neque eu placerat nulla adipiscing.',31),(801,113561,876139,85,'Fames tortor nec dapibus cubilia dolor.',31),(802,113532,876153,73.333,'Nibh cursus augue tellus cum cras.',31),(803,113469,876157,66.666,'Consequat faucibus donec commodo tempor blandit sem sapien.',31),(804,113463,876160,66.666,'Cum pellentesque torquent maecenas posuere congue.',31),(805,113562,876148,70,'Sociis porttitor ad venenatis rutrum aliquam sem vehicula feugiat.',31),(806,113563,876148,96.666,'Inceptos congue imperdiet nam parturient nostra consequat quam integer.',31),(807,113564,876148,90,'Accumsan pulvinar pharetra dolor vehicula cum torquent.',31),(808,113565,876148,83.333,'Donec pede placerat massa justo natoque nisl.',31),(809,113566,876148,93.333,'Lectus diam non massa per tortor lobortis nisl.',31),(810,113567,876148,90,'Urna neque class purus libero volutpat.',31),(811,113568,876159,63.333,'Vel eu nam ullamcorper ullamcorper.',32),(812,113569,876159,86.666,'Accumsan mattis massa volutpat luctus imperdiet magnis.',31),(813,113570,876154,70,'Gravida nibh torquent primis varius.',31),(814,113571,876163,100,'Ac elit dis erat phasellus per fermentum netus vehicula.',31),(815,113572,876163,100,'Tortor vehicula ante integer sociosqu.',31),(816,113573,876163,NULL,'Mollis convallis blandit aenean torquent id dis.',85),(817,113574,876163,100,'Sollicitudin duis morbi aptent parturient congue netus non.',31),(818,113575,876163,90,'Sollicitudin pede rhoncus sociis tincidunt urna accumsan.',31),(819,113576,876163,95,'Nibh consequat sociosqu sociis orci proin.',31),(820,113577,876163,80,'Dui non ipsum egestas tempor proin aenean.',31),(821,113578,876163,100,'Lobortis fusce facilisi luctus maecenas vivamus magna lorem.',31),(822,113579,876163,95,'Litora dui phasellus sem viverra.',31),(823,113580,876163,NULL,'Sociis condimentum amet tortor hymenaeos congue magna bibendum.',30),(824,113581,876163,75,'Ad fringilla nunc cursus ultricies cras ullamcorper.',31),(825,113582,876163,100,'Cursus justo natoque non feugiat.',31),(826,113583,876163,95,'Etiam urna sociosqu interdum magna.',31),(827,113584,876163,NULL,'Neque varius ac dolor viverra fringilla praesent nibh.',30),(828,113585,876163,60,'Interdum mus natoque dapibus dapibus.',32),(829,113586,876163,70,'Ad lorem et vel vivamus aliquam.',31),(830,113587,876163,100,'Non suscipit lorem quisque lacinia.',31),(831,113588,876163,NULL,'Fringilla libero egestas rhoncus diam nisl maecenas nec.',30),(832,113589,876163,95,'Tempor condimentum tortor cursus cum eros sodales.',31),(833,113590,876163,85,'Varius sagittis commodo cum litora semper primis dictum.',31),(834,113591,876163,100,'Libero sit senectus nullam pede.',31),(835,113592,876154,60,'Sit lobortis sed pede tempus lectus.',32),(836,113593,876151,66.666,'Aenean dignissim suscipit praesent accumsan tristique.',31),(838,113595,876151,90,'Mus facilisis tellus lobortis porta congue lobortis vestibulum magnis.',31),(839,113596,876151,53.333,'Class blandit curae; morbi elit.',32),(840,113597,876151,76.666,'Massa praesent bibendum et conubia semper.',31),(841,113598,876151,73.333,'At eros class phasellus cursus.',31),(842,113599,876151,60,'Felis nostra curabitur ullamcorper consectetuer sit.',32),(843,113600,876151,60,'Ipsum fermentum ipsum aptent auctor dolor risus.',32),(844,113601,876151,83.333,'Porta curabitur porta aenean aliquet.',31),(845,113602,876151,66.666,'Sagittis placerat condimentum ligula ultrices est nec.',31),(846,113603,876151,86.666,'Ultricies quisque aliquam tellus etiam quisque vitae non.',31),(847,113604,876151,70,'Vehicula sit euismod vestibulum viverra amet elit condimentum.',31),(848,113605,876151,86.666,'Nunc inceptos aliquam adipiscing a ultricies pede.',31),(849,113606,876151,63.333,'Facilisis sed cras eu volutpat conubia ornare.',32),(850,113607,876151,83.33,'Nibh non eu netus bibendum pellentesque blandit.',31),(851,113608,876151,80,'Fermentum senectus cursus iaculis fusce nibh ultricies tempor nisl.',31),(852,113294,876164,NULL,'Ipsum placerat eros duis fames.',27),(853,113609,876152,80,'Vivamus feugiat placerat massa justo nam morbi.',31),(854,113610,876152,80,'Feugiat molestie parturient phasellus magna habitant felis mi.',31),(855,113611,876152,83.333,'Viverra morbi quisque curae; mollis dignissim hendrerit donec venenatis.',31),(856,113612,876152,70,'Elementum pellentesque nulla congue placerat.',31),(857,113613,876152,80,'Sed class amet vel nunc felis penatibus laoreet.',31),(858,113614,876152,70,'Aliquet inceptos sem turpis condimentum sem.',31),(859,113615,876152,73.333,'Curae; venenatis hymenaeos turpis lorem nonummy.',31),(860,113616,876152,56.666,'Litora sem placerat aenean auctor est convallis.',32),(861,113617,876152,73.333,'Torquent sapien facilisis congue pellentesque ac adipiscing class ipsum.',31),(862,113618,876152,63.333,'Eu turpis pretium taciti dapibus erat rhoncus.',32),(863,113619,876152,76.666,'Congue habitant lectus consequat fermentum.',31),(864,113620,876152,83.333,'Faucibus velit taciti lobortis posuere cursus.',31),(865,113621,876152,73.333,'Consectetuer laoreet sem rhoncus integer.',31),(866,113622,876152,66.666,'Duis feugiat vitae turpis nostra hymenaeos.',31),(867,113623,876152,40,'Quam netus pede nam sed hendrerit iaculis quisque.',32),(868,113624,876163,50,'Commodo sagittis odio senectus duis nisl.',32),(869,113625,876163,100,'Aptent dis sed litora sollicitudin.',31),(870,113626,876162,96.666,'Arcu libero ante ultrices lorem nascetur ipsum hymenaeos nibh.',31),(871,113627,876162,90,'Tristique aptent nascetur ornare nam sollicitudin natoque.',31),(872,113628,876162,73.333,'Dignissim magnis tellus tristique turpis sollicitudin mi at quis.',31),(873,113629,876162,96.666,'Porttitor lectus ante velit parturient inceptos vitae pretium.',31),(874,113630,876162,86.666,'Hymenaeos varius orci in volutpat semper.',31),(875,113631,876162,93.333,'Facilisis condimentum orci torquent montes.',31),(876,113632,876162,70,'Mi aptent porttitor imperdiet ridiculus primis faucibus.',31),(877,113633,876162,83.333,'Vivamus sem consectetuer curae; ligula.',31),(878,113515,876151,90,'Lacus litora ac pellentesque felis neque velit.',31),(879,113634,876161,58,'Viverra orci eros hymenaeos aliquam augue facilisis.',32),(880,113390,876161,70,'Mus fusce aliquet dignissim sit neque interdum.',31),(881,113320,876161,84,'Vehicula facilisis ornare habitant semper.',31),(882,113504,876161,82,'Magna est tempor nisl id arcu dis sapien.',31),(883,113291,876161,56,'Luctus scelerisque nisi nam ad lacinia amet.',32),(884,113463,876161,NULL,'Molestie nibh iaculis auctor eros condimentum primis fusce.',27),(885,113595,876161,88,'Gravida vitae suspendisse iaculis enim curae; aptent.',31),(887,113508,876161,70,'Nonummy pede magna leo quam leo ut imperdiet.',31),(888,113515,876161,84,'Egestas duis lacus lobortis aliquet senectus.',31),(889,113635,876163,95,'Nunc nibh amet lorem dignissim nascetur eget.',31),(890,113636,876163,90,'Ullamcorper nisi duis faucibus tristique nisl et neque.',31),(891,113596,876168,36.67,'Blandit litora a orci eget duis interdum fusce.',32),(892,113592,876169,43.333,'Arcu quis nisl purus turpis fringilla urna.',32),(893,113599,876170,83.33,'Velit ac cubilia porttitor blandit habitant maecenas gravida.',31),(894,113600,876171,NULL,'Id mattis ipsum metus id felis lorem.',27),(895,113637,876162,86.666,'Feugiat cursus suscipit rutrum gravida id sociosqu.',31),(896,113638,876162,96.666,'Accumsan mollis nunc neque vitae curabitur suscipit sem magna.',31),(897,113639,876162,83.333,'Laoreet primis fusce molestie nunc nec velit.',31),(898,113640,876162,66.666,'Senectus eget phasellus quis primis id pellentesque eget.',31),(899,113641,876172,26.666,'Nunc cras scelerisque nisi neque.',32),(900,113642,876172,60,'Orci suspendisse imperdiet fames inceptos aenean vestibulum rutrum.',32),(901,113444,876173,NULL,'Ligula curabitur ligula risus morbi inceptos faucibus interdum.',27),(902,113643,876165,90,'Mauris conubia congue cursus metus.',31),(903,113644,876165,70,'Sem pede taciti hendrerit diam sociis odio pharetra mauris.',31),(904,113645,876165,100,'In a sociosqu dolor malesuada tempor torquent sollicitudin natoque.',31),(905,113646,876165,100,'Suspendisse auctor rutrum placerat consequat molestie eu sit.',31),(906,113647,876166,85,'Fermentum lobortis hendrerit integer torquent.',31),(907,113648,876166,80,'Lacinia magna curabitur fringilla dolor volutpat integer vivamus proin.',31),(908,113649,876166,75,'Accumsan purus per diam suscipit quam diam.',31),(909,113650,876166,65,'Proin lobortis class condimentum elit torquent quis condimentum.',31),(910,113651,876166,80,'Turpis rhoncus commodo donec pretium accumsan tincidunt lacus libero.',31),(911,113652,876166,70,'Felis etiam ligula lacus quis mattis etiam.',31),(912,113653,876166,80,'Suspendisse sociis nisi lobortis mollis etiam scelerisque.',31),(913,113634,876174,NULL,'Per augue id nunc ante habitant non.',27),(914,113654,876167,94,'Neque neque curae; auctor tincidunt.',31),(915,113655,876167,96,'Quisque fusce lacus bibendum curae; nam euismod.',31),(916,113656,876167,88,'Ad suspendisse est quis venenatis.',31),(917,113657,876167,72,'Elementum duis iaculis dignissim sociosqu orci porttitor netus sem.',31),(918,113658,876167,78,'Montes lacus mattis eros scelerisque.',31),(919,113515,876167,90,'Nonummy consequat rutrum nascetur libero montes hymenaeos dignissim.',31),(920,113516,876167,92,'Duis sed in malesuada fringilla diam tincidunt ullamcorper.',31),(921,112983,876167,96,'Nascetur donec hendrerit curabitur pretium cubilia nam hymenaeos convallis.',31),(922,113659,876177,83.333,'Suscipit pretium aptent commodo gravida laoreet congue.',31),(923,113660,876177,96.666,'Fames lobortis interdum non sociosqu.',31),(924,113661,876177,73.333,'Sit venenatis fusce sem aliquam primis.',31),(925,113662,876177,93.333,'In auctor egestas tincidunt sagittis et volutpat curabitur.',31),(926,113663,876177,80,'Luctus nullam primis rhoncus nunc tempus mattis.',31),(927,113664,876177,76.666,'Cras sagittis mus imperdiet elementum auctor orci a augue.',31),(928,113665,876177,96.666,'Hendrerit pellentesque et hendrerit vitae senectus diam laoreet.',31),(929,113666,876177,80,'Proin natoque odio magnis montes eget mollis vivamus.',31),(930,113667,876177,63.333,'Facilisi molestie purus cum molestie dignissim hendrerit eget.',32),(931,113668,876177,83.333,'Class massa duis nibh euismod placerat nisl ultrices.',31),(932,113596,876182,73.333,'Turpis risus cubilia inceptos metus laoreet.',31),(933,113669,876166,75,'Magna lorem torquent auctor per diam suspendisse risus.',31),(934,113670,876166,90,'Amet parturient cubilia rhoncus justo.',31),(935,113671,876175,93.333,'Cum fringilla egestas consequat ultricies euismod pellentesque.',31),(936,113672,876175,86.666,'Leo blandit consectetuer feugiat euismod lorem.',31),(937,113673,876175,80,'Enim litora morbi habitant consectetuer mollis fringilla at gravida.',31),(938,113674,876175,80,'Erat nisi donec elementum nisi erat magnis.',31),(939,113675,876175,83.333,'Nonummy est mauris purus dolor rhoncus enim ut velit.',31),(940,113676,876175,73.333,'Condimentum mattis duis natoque dignissim.',31),(941,113677,876175,86.666,'Parturient elit erat morbi vel curabitur turpis class.',31),(942,113678,876175,93.333,'Senectus torquent ac fusce pharetra justo a.',31),(943,113679,876175,66.666,'Tempus ultrices vehicula volutpat consectetuer nonummy posuere posuere lectus.',31),(944,113527,876175,83.333,'Libero luctus ante senectus velit habitant taciti etiam scelerisque.',31),(945,113680,876176,93.333,'Porttitor donec ullamcorper velit ante inceptos sagittis.',31),(946,113681,876176,83.333,'Mus volutpat fusce posuere mollis morbi congue.',31),(947,113682,876176,96.666,'Sociis dignissim litora porttitor diam ridiculus.',31),(948,113683,876176,73.333,'Suspendisse dis imperdiet faucibus leo elit.',31),(949,113684,876176,93.333,'Integer mattis gravida dolor vivamus fermentum pede fringilla porta.',31),(950,113685,876176,76.666,'Nec nostra hendrerit vehicula penatibus molestie non.',31),(951,113686,876176,86.666,'Cubilia dui nonummy lacus eu cubilia tincidunt.',31),(952,113687,876176,93.333,'Sem velit in aenean volutpat tincidunt.',31),(953,113688,876176,60,'Sodales eu tincidunt nisl feugiat sodales erat primis.',32),(954,113689,876187,NULL,'Luctus porttitor congue laoreet sit sollicitudin.',27),(955,113690,876178,80,'Curae; ultricies cursus amet pretium magna.',31),(956,113691,876178,90,'Dolor odio nonummy convallis sociosqu scelerisque malesuada arcu.',31),(957,113692,876178,90,'Morbi phasellus sed velit interdum.',31),(958,113693,876178,85,'Mauris litora proin fames feugiat pretium.',31),(959,113694,876178,65,'Eget arcu nulla ultricies rhoncus.',31),(960,113695,876178,95,'Aliquam ad a vel rhoncus.',31),(961,113696,876178,95,'Aptent maecenas eget praesent torquent feugiat venenatis sollicitudin.',31),(962,113697,876178,65,'Viverra feugiat penatibus inceptos ultrices libero.',31),(963,113698,876178,100,'Ligula hendrerit leo consectetuer et ad etiam habitant tortor.',31),(964,113699,876175,66.666,'Massa scelerisque magnis aptent semper ullamcorper cras.',31),(965,113700,876178,95,'Quisque suspendisse accumsan magna integer metus.',31),(966,113701,876188,NULL,'Augue aliquet vehicula ornare interdum arcu blandit.',27),(967,113702,876188,NULL,'Senectus pretium convallis mauris cursus.',27),(968,113703,876188,NULL,'Ante eu etiam montes suscipit per sem aliquam purus.',27),(969,113704,876188,NULL,'Inceptos interdum sollicitudin aliquet parturient curae; sociosqu primis condimentum.',27),(970,113705,876188,NULL,'Fusce elit dolor et risus arcu vivamus.',27),(971,113706,876188,NULL,'Ipsum suspendisse condimentum varius interdum curae; nulla nulla.',27),(972,113425,876176,83.333,'Fames eu mattis penatibus sollicitudin elementum ornare.',31),(973,113680,876183,NULL,'Tortor lacinia imperdiet odio auctor lectus venenatis mollis.',27),(974,113090,876183,NULL,'Primis ante auctor duis tempor pretium.',27),(975,113294,876183,NULL,'Pulvinar magna egestas parturient nonummy blandit nostra semper.',27),(976,113684,876183,NULL,'Tristique id curabitur ornare rutrum venenatis malesuada natoque.',27),(977,113685,876183,NULL,'Ipsum purus massa eros sit.',27),(978,113576,876179,NULL,'Lectus est ante lectus aenean sodales.',27),(979,113138,876179,NULL,'Mi ante per elementum curae;.',27),(980,113707,876179,NULL,'Tortor hymenaeos consequat metus eleifend.',27);
/*!40000 ALTER TABLE `coms_participant_exam_event` ENABLE KEYS */;
UNLOCK TABLES;

--
-- Dumping data for table `coms_participant_identifier`
--

LOCK TABLES `coms_participant_identifier` WRITE;
/*!40000 ALTER TABLE `coms_participant_identifier` DISABLE KEYS */;
INSERT INTO `coms_participant_identifier` VALUES (2037173,112913,112913383,'5db650bc22ce5221ada082e62957e086','003BLQV7',116),(2037174,112914,112914741,'b4f3158acb5481ddf7e9480ffdd9b48d','003BLS9L',116),(2037175,112915,112915878,'d6914cd79dfac0f059e42149cd65524a','003BLTD6',116),(2037176,112916,112916210,'337b501bcfba5d96c6c106533524c02d','003BLTNI',116),(2037177,112917,112917306,'077ab266faf68938eb6e1234a666a323','003BLUPQ',116),(2037178,112918,112918104,'19a0819b81e6c67134a117d16486e371','003BLVIO',116),(2037179,112919,112919295,'48158e55aa656b32d0f6a26d7cda4216','003BM0NV',116),(2037181,112921,112921754,'b8226e679bf4647eecfbf89a28237408','003BM34Q',116),(2037182,112922,112922609,'94d8032589f4fc9505d0682cd6d2ce09','003BM3VH',116),(2037184,112924,112924387,'5e8d0a1821d8ec7d45ecbe83b54c6024','003BM5N3',116),(2037185,112925,112925554,'875cf5b808fc9754b5949fe471a21fee','003BM6RI',116),(2037186,112926,112926210,'334f4b9e606fc45a1db7bb5e89136f89','003BM7G2',116),(2037187,112927,112927701,'ab615ec0ef781006b2d3bc61c7247c25','003BM8UL',116),(2037188,112928,112928489,'7778f51dd2bfbe8e6e364770d1f28537','003BM9N9',116),(2037189,112929,112929622,'981259d1dbc0bab19e8fe0aa9f2ea19a','003BMAQM',116),(2037190,112930,112930166,'289a809f93905575efc37fdce76ebc63','003BMBBM',116),(2037191,112931,112931766,'bb09ff791a4db61a09eae74aaf8921a7','003BMCTM',116),(2037192,112932,112932939,'e5782307dd9a99d388505451bcd05086','003BME2B',116),(2037193,112933,112933131,'2037818ab86920482a7040308f320970','003BME8B',116),(2037194,112934,112934928,'e2a0a570cad7b4371dcb83016aed2ad7','003BMG0G',116),(2037195,112935,112935781,'bec08224c269a63c8f977c6cd2d6aa41','003BMGR5',116),(2037196,112936,112936363,'58c6ee2f46188f59eca18f32c2b435ea','003BMHDB',116),(2037198,112938,112938548,'85ffe3a876c4443166aa5be31f6ba528','003BMJHK',116),(2037199,112939,112939975,'ee0de1485ef82a8c53c069a29e20e05e','003BMKU7',116),(2037200,112940,112940925,'169b7c3dceb35070bb49b87719cb6490','003BMLRT',116),(2037201,112941,112941834,'cbd84135f9f7bc57707859365b6d28fb','003BMMOA',116),(2037202,112942,112942845,'ce76c1ff86cad021d73d45abf3300bf7','003BMNNT',116),(2037203,112943,112943974,'eddaa186fc4dfad982c9663196e46a5c','003BMOR6',116),(2037204,112944,112944159,'26fda6b27980c1892151a2786767bfd8','003BMP0V',116),(2037205,112945,112945744,'b5c1af43a4d9b8853c0e790c853a2d29','003BMQIG',116),(2037206,112946,112946412,'649b9551777fae6958002c3d0199c3ef','003BMR7C',116),(2037207,112947,112947943,'e66e4d2ef8e085a30e3781e8ae1255c2','003BMSN7',116),(2037208,112948,112948319,'0013fad9b119ffc4d94cae5bc0896e1c','003BMT2V',116),(2037209,112949,112949648,'9e677410179a3c93d14270da814314fd','003BMUCG',116),(2037210,112950,112950174,'2aa4e899dae4151ac22e7d6067f73985','003BMUSU',116),(2037211,112951,112951968,'ec6832ee559e2ade8081c8a78678fa62','003BN0L0',116),(2037212,112952,112952850,'cf91a8e4f07feeb8e3f35ae4166aa4cb','003BN1GI',116),(2037213,112953,112953778,'be1e459c02a332cccfb612de4ca4c2df','003BN2DI',116),(2037214,112954,112954820,'14055a1babd8cc7a70ff13740892f648','003BN3E4',116),(2037215,112955,112955305,'4aadc0726b85f66f277dbe30cd104b37','003BN3T9',116),(2037216,112956,112956801,'c3cb5aaa3bf8d354f54fd6d9fa155c1e','003BN5C1',116),(2037217,112957,112957165,'285b58c6002698a3d84d2d7b943d49d4','003BN5ND',116),(2037218,112958,112958826,'c9aeb57447eeb9e71f9bb532e90c9421','003BN7BA',116),(2037219,112959,112959132,'206ac598ccbff7178227037bc5432743','003BN7KS',116),(2037220,112960,112960375,'5ba1d67994213eaae4ad0a9628e6065f','003BN8RN',116),(2037221,112961,112961798,'c2f9c1f2e2f8b3d6ba3ee350805b86a3','003BNA86',116),(2037222,112962,112962875,'d5a8eb7c638f25c00a76ae4da498e5c9','003BNB9R',116),(2037223,112963,112963156,'26265985da57528a62b062b4fc7900b9','003BNBIK',116),(2037224,112964,112964882,'d77bf0f3ce7229ad489ff0c2248fdf78','003BND8I',116),(2037225,112965,112965658,'a0b229ed122c1612cded28192d893929','003BNE0Q',116),(2037226,112966,112966904,'dcebb34b9fea0e7aa6db8998c8513c56','003BNF7O',116),(2037227,112967,112967748,'b6b148696237ea1932dafe93614ef407','003BNG24',116),(2037228,112968,112968534,'829b501dd6f3715a71f43b0abdddfa9f','003BNGQM',116),(2037229,112969,112969928,'e2a96216fbd8b7fbda269c22ee947a03','003BNI68',116),(2037230,112970,112970565,'8a10bc369fb19b1c8ca26d5f6874310f','003BNIQ5',116),(2037231,112971,112971968,'ec7335222dfbdb20e3d40b55820808ad','003BNK60',116),(2037232,112972,112972666,'1042f988e3acf4efcdebb304fb039b17','003BNKRQ',116),(2037234,112974,112974342,'5399f4c6e6a70f3608a084ddb938511a','003BNMG6',116),(2037235,112975,112975137,'2186178190d2c5feed08a277ba676da6','003BNN91',116),(2037236,112976,112976550,'8671e44c8c0129abd5bf3ab39f7e511f','003BNOL6',116),(2037237,112977,112977520,'7f085e96b1e4f12bea9021f23aafb973','003BNPJG',116),(2037238,112978,112978206,'32646a086d36564ab429c9bb5668a5d7','003BNQ8U',116),(2037239,112979,112979320,'4e34e41e8da6334ccebf195957f45728','003BNRBO',116),(2037240,112980,112980747,'b66383d08b41fe75f87492f7ba4c4e3f','003BNSOB',116),(2037241,112981,112981198,'305a7008f54ed3f5e38d00b311668f8e','003BNT6E',116),(2037242,112982,112982258,'3f098efb170e17387b60f08a6b406dbc','003BNU7I',116),(2037243,112983,112983655,'a025b2f90fc0ba2221976be9fd32d0aa','003BNVJ7',116),(2037244,112984,112984322,'4ecd76445a73d8df36d6ff974661fc83','003BO082',116),(2037245,112985,112985433,'69b7a34894fb12a79047aa2c5f0505b1','003BO1AP',116),(2037246,1,1806,'c4ca4238a0b923820dcc509a6f75849b','000001OE',116),(2037247,112986,112986977,'eebf8bc2ea9d987dd367a77d0ed094ab','003BO2R1',116),(2037248,112987,112987621,'97d36185a483469a7d6fb2a8d787ad26','003BO3F5',116),(2037249,112988,112988546,'858ab5389569b15bed612f1f14fc2192','003BO4C2',116),(2037250,112989,112989987,'f12264dcac4e6ce9b82ae8fa503a88cf','003BO5P3',116),(2037251,112990,112990727,'b19f7840920bfe7e12558f646771304a','003BO6G7',116),(2037254,112993,112993924,'e19f05a951bdd407dfeddc17be372d58','003BO9K4',116),(2037255,112994,112994490,'77cdad8455f7a21863c108defa40aa1c','003BOA5Q',116),(2037256,112995,112995411,'646336192abf5383cc42d9b4a564cf8b','003BOB2J',116),(2037257,112996,112996318,'4daefab4a7307f5ab87f746f98e9e7f0','003BOBUU',116),(2037258,112997,112997493,'787db85f266dc1a2ad6a3f4ac3b7235f','003BOD3L',116),(2037259,112998,112998853,'d0611f78d08439c180b7b2547c8ea4f6','003BOEE5',116),(2037260,112999,112999469,'7286678f1e61dea61dbd5af33d0cda2c','003BOF1D',116),(2037261,113000,113000105,'0292dfe95f16b0580dd5672f5a6a9679','003BOFL9',116),(2037262,113001,113001380,'5cdf113ffd8b0f4d005f5ad39d4fb2e1','003BOGT4',116),(2037263,113002,113002224,'36e80ad911d3dfc3cde90c9ac9f8f859','003BOHNG',116),(2037264,113003,113003167,'28caa8632f42f7faae63fd1d67677b09','003BOIKV',116),(2037265,113004,113004910,'de3bb0c91ec200a56c1ffdf8eb10af41','003BOKBE',116),(2037266,113005,113005986,'f0ec2a3fdae1cf112579d579afbe9813','003BOLD2',116),(2037268,113007,113007181,'2c398ecf351b909e03747463a6682767','003BOMID',116),(2037271,113010,113010736,'11fcdfee18ec6be96bb61207fa943677','003BOQ1G',116),(2037272,113011,113011949,'e7b1d12cd1c20febc28843e08405db23','003BOR7D',116),(2037273,113012,113012856,'d10b0d808b0cfd5fd53de71824456697','003BOS3O',116),(2037275,113014,113014316,'4d33a29913aa6d6b211286a76eb9b749','003BOTHC',116),(2037276,113015,113015674,'a4a67097e8a310ada51b2017a9ceeb6e','003BOURQ',116),(2037277,113016,113016325,'4f8cbded1f717a83d602892e26817d4e','003BOVG5',116),(2037279,113018,113018623,'9822c60cbd44380eab51af4199d17be4','003BP1NV',116),(2037280,113019,113019243,'3b659c545a767c31aee24767af1a9b45','003BP2BB',116),(2037281,113020,113020565,'89fb9d33afe9563a0c4a76c99484a0d9','003BP3KL',116),(2037282,113021,113021562,'89486b18d97da6ca3c998162a254af38','003BP4JQ',116),(2037284,113023,113023321,'4e87f2d9cb2f00f2ab5f7f9742445a4f','003BP6AP',116),(2037285,113024,113024276,'436fc6a87245490c1c09148823eec9ff','003BP78K',116),(2037286,113025,113025214,'344a2b39cdc26961b661071fdd3164c5','003BP85U',116),(2037287,113026,113026226,'374776f1076b693ab82c7efccb1cf1c2','003BP95I',116),(2037289,113028,113028857,'d154de59f82f09e9123e4f20addcf76b','003BPBNP',116),(2037292,113031,113031101,'f8f5f370134d46cb215c82f92fcee9a0','003BPDTT',116),(2037293,113032,113032476,'746f5c557ce2c412eee9017468c64f28','003BPF8S',116),(2037294,113033,113033101,'f6d77b8ad5b7eefcaef0df63b0e1802a','003BPFSD',116),(2037296,113035,113035149,'03a4d29c06c1d7af26560f7ca1b9da06','003BPHSD',116),(2037297,113036,113036209,'332af0bf6d8a6c75f384f9ecb809ff3c','003BPITH',116),(2037298,113037,113037631,'9a48a4db98bb07d6ec0660864c12378f','003BPK9V',116),(2037299,113038,113038171,'29f30ddd863c889a33888faf270ae787','003BPKQR',116),(2037300,113039,113039859,'d1e3d7adb57bf398f46a29b591e4cf60','003BPMFJ',116),(2037301,113040,113040213,'342056c56263f934a9a937f340832fd9','003BPMQL',116),(2037302,113041,113041624,'9884dfd73a2471545e0c3f8c14177a04','003BPO6O',116),(2037303,113042,113042417,'65db279a9615793e73d18ab1a7d24b17','003BPOVH',116),(2037304,113043,113043970,'ed0aaf49c68820e47b00d2b93fe507f2','003BPQG2',116),(2037305,113044,113044778,'be06da3e0b6cc2ce04878fc4d2c04c1b','003BPR9A',116),(2037306,113045,113045103,'fcac8b77e7900d5c3feb5f61c010ba09','003BPRJF',116),(2037307,113046,113046933,'e3cf5953ccf1924fb2beba3c3517ae3c','003BPTCL',116),(2037308,113047,113047892,'d9c8bdd403fc83eb9798a3a55f6e1c51','003BPUAK',116),(2037309,113048,113048228,'37e46d8c70189663e79f9cb0780938f1','003BPUL4',116),(2037310,113049,113049552,'86f2ffd6e31bfad5d8b640b6138ad121','003BPVUG',116),(2037311,113050,113050415,'655eb6e2c9d89d42fabc57d6086bd4ed','003BQ0PF',116),(2037312,113051,113051283,'06ea7c0c036ec003edd11cf6d38b88c1','003BQ1KJ',116),(2037313,113052,113052802,'c3e1e20f6ec8413ec33d38b1e9c75daf','003BQ342',116),(2037314,113053,113053149,'2462a76f718c97cfa773e42865b6ae51','003BQ3ET',116),(2037315,113054,113054858,'d1856159683d6fdbc4d264c3012d8797','003BQ54A',116),(2037316,113055,113055225,'370310d5dc90b9e3c7b070a6de532339','003BQ5FP',116),(2037317,113056,113056782,'bf27a6175463542f7c8e05386b78755e','003BQ70E',116),(2037318,113057,113057152,'254dbee18f28f9f9af9cadf084368271','003BQ7C0',116),(2037321,113060,113060801,'c3a408338d796769a4f9a4be7c311143','003BQAU1',116),(2037324,113063,113063298,'48dfe0942d47570c89ba7c27c4f8cef5','003BQDC2',116),(2037325,113064,113064677,'a5777e03d2233f1836867bc7ff04c956','003BQEN5',116),(2037326,113065,113065538,'837599629bbe720d53ab9a942d8e87b9','003BQFI2',116),(2037328,113067,113067944,'e678079e5523b6ad5ded2314c9788349','003BQHT8',116),(2037329,113068,113068709,'ad2b3af37972326a75715f36a2ca9614','003BQIL5',116),(2037330,113069,113069101,'f8e278cdcc3e3197d1dba8fd921eda8f','003BQJ1D',116),(2037331,113070,113070622,'97f627ab47e5948e9b7c061e7129c94d','003BQKGU',116),(2037332,113071,113071725,'b120434bc398d14f3dda03fa4ca5e767','003BQLJD',116),(2037333,113072,113072411,'64870032ba9ea3b90a9f091b6c4ae276','003BQM8R',116),(2037334,113073,113073773,'bcddd7fb88e7a797242d318554bfda3c','003BQNJD',116),(2037347,113086,113086380,'5d032420ce52894fa826e0fea5a60ac5','003BR3TC',116),(2037348,113087,113087670,'a3a5aceee04f016c1d3ec34278396854','003BR55M',116),(2037349,113088,113088904,'dcd7c01130057b960f3c2bdabf568518','003BR6C8',116),(2037350,113089,113089152,'252620ed21db1b30cde293ff67d624ec','003BR6K0',116),(2037351,113090,113090864,'d2fbc32fcc59fcb09c9cf84d48d1e781','003BR89G',116),(2037352,113091,113091683,'a6e2a675cdac496d595c1ccd8f899fd2','003BR933',116),(2037354,113093,113093696,'a9ef8f51f4c75787a88c027e9c369156','003BRB20',116),(2037355,113094,113094985,'f0a7bf8a4fe902687b8079350762680b','003BRCA9',116),(2037356,113095,113095463,'712a990b8a88c78e983d516a38c5e8eb','003BRCP7',116),(2037357,113096,113096327,'5005979fb66d0e2384eb88f07d9a799d','003BRDK7',116),(2037358,113097,113097385,'5e118bd9ae2910915bab484c51c54a41','003BREL9',116),(2037359,113098,113098892,'d9efd1cd77e0a8f2cf0b868d9b70ea59','003BRG4C',116),(2037360,113099,113099930,'e32917aaed6fd8cd6f38dc793c163777','003BRH4Q',116),(2037361,113100,113100992,'f2673f6c2cd3db8ee65e779b80ff9142','003BRI60',116),(2037362,113101,113101712,'adf2d724c3b8239b0afbbe2f6834d45b','003BRISG',116),(2037363,113102,113102330,'5093d7dcaccc9c52a7e76e3a6e7a4b04','003BRJFQ',116),(2037364,113103,113103304,'4a558a4d69ac769c8a306ff5aa01894f','003BRKE8',116),(2037365,113104,113104776,'bd8412146cfd28e8b46cfefcf0f40b3a','003BRLS8',116),(2037366,113105,113105615,'96504deb1005a2eb231907d2e8ddd0b2','003BRMMF',116),(2037367,113106,113106443,'6c302e3dd5b5928173e07b7f98b11235','003BRNGB',116),(2037368,113107,113107415,'6589970ae0d47435d6bd20819bd25b4f','003BROEN',116),(2037369,113108,113108183,'2cb17b357a6c290417ec56ea8cbbdc49','003BRP6N',116),(2037370,113109,113109223,'36a232a97f692e7f32ad5e8d2acad007','003BRQ77',116),(2037371,113110,113110406,'635371be7cdf39e76289083ea717c4f6','003BRRC6',116),(2037372,113111,113111987,'f124336e4030b76ac8b602ee20475c98','003BRSTJ',116),(2037373,113112,113112539,'83b1815b5ce3b48c749bdc570fdd4428','003BRTER',116),(2037374,113113,113113819,'c80b66b65292da7b7e1499a0bc119df3','003BRUMR',116),(2037375,113114,113114727,'b19f9d7cb5335310a679be1fa04aa42f','003BRVJ7',116),(2037376,113115,113115179,'2bd88ab05ed64aca0fd6c4d244f8d616','003BS01B',116),(2037377,113116,113116404,'62d572760eb61dfb2d638ea1676c39df','003BS17K',116),(2037378,113117,113117693,'a95bd4b5e984e570ba0289fa72ca94fc','003BS2FT',116),(2037379,113118,113118803,'c42f16022c1a9fd5fa243d810317f0dc','003BS3IJ',116),(2037380,113119,113119508,'7c2b8e09345325ffa2895c1008e551af','003BS48K',116),(2037381,113120,113120878,'d6675f81166c8d534b8c75e5f89274aa','003BS5JE',116),(2037382,113121,113121531,'81d3a902779966c71f7d809681f4fefa','003BS67R',116),(2037383,113122,113122750,'b745e3103b17ec84cc481bf45e123d5b','003BS7DU',116),(2037384,113123,113123774,'bd26a3e2dd91ad8502e12fe152c1019f','003BS8DU',116),(2037385,113124,113124976,'ee55223b61d6dbf937bc39d2e82dc6f9','003BS9JG',116),(2037386,113125,113125786,'1333eb38807378169fff2e9327804ff6','003BSACQ',116),(2037387,113126,113126390,'5f61ac7b5434e52a8968499c360d401e','003BSAVM',116),(2037388,113127,113127226,'37496117be42c394db7397ff9a9ef1d9','003BSBPQ',116),(2037389,113128,113128875,'d5bd558ee4bafb62e417ca3a05074417','003BSDDB',116),(2037390,113129,113129345,'543b660ee5d13b2d6732b94bd816ae55','003BSDS1',116),(2037391,113130,113130472,'0b8871c64ae3495e12d5bfab1562fa0e','003BSEV8',116),(2037392,113131,113131504,'7b0f251d5f19a78bd283918aa85c5208','003BSFVG',116),(2037393,113132,113132587,'8f7d5ed3b71f541009859c5b38df188d','003BSH1B',116),(2037394,113133,113133584,'8ed0024546f2588fdb0073a7d6fbc075','003BSI0G',116),(2037395,113134,113134622,'0f31154c63b8097e20cbfc0736fd665a','003BSJ0U',116),(2037396,113135,113135736,'b3e9772d6c6e5f2957269015016f5613','003BSK3O',116),(2037397,113136,113136675,'a4fb4b16ae6356e33f0bd0538921c1f3','003BSL13',116),(2037398,113137,113137919,'e0707ffe2ffa24c0d6b03b78e3a9ef60','003BSM7V',116),(2037399,113138,113138206,'050bd0acb494ffbb263b315e0d6ba67f','003BSMGU',116),(2037400,113139,113139505,'7b693e083a9bb36f64e607ea04e7030d','003BSNPH',116),(2037401,113140,113140526,'806be8cb4335923325b5f66cf492b2df','003BSOPE',116),(2037402,113141,113141277,'43c942a4f04cbf68a789a6cf5299da5e','003BSPGT',116),(2037403,113142,113142841,'cd780c64f7231722b4a436927ccb0100','003BSR1P',116),(2037404,113143,113143683,'a6efa51441fb62055fb7b681360e37d0','003BSRS3',116),(2037405,113144,113144371,'5ac01def57f66937d59cecd6720af42e','003BSSHJ',116),(2037406,113145,113145180,'2c0e55555895ab7a61cc2ea419eb6d7c','003BSTAS',116),(2037407,113146,113146900,'dbd234daab8899daa26bbcd36f75c870','003BSV0K',116),(2037408,113147,113147441,'6bbc27e99c8698bcd17b9832a661caa1','003BSVHH',116),(2037409,113148,113148759,'b9624443a2add1ffa3fee8e40c7023b7','003BT0QN',116),(2037410,113149,113149105,'19c6518cf3f02d8655519d4179ba6c6f','003BT15H',116),(2037411,113150,113150284,'4582bfa51418af91323e5bc5d636b97c','003BT2AC',116),(2037412,113151,113151863,'d2c5a431570ea51c75c03a329a5a7725','003BT3RN',116),(2037413,113152,113152975,'ee151322ffd1ffe9af05130b433b9140','003BT4UF',116),(2037414,113153,113153450,'6de9da5b1b19eb9ee9aefa540dd51672','003BT5DA',116),(2037415,113154,113154386,'5e5bd580f235f53b62bcd0a251dd56c2','003BT6AI',116),(2037416,113155,113155951,'e833359d6631704c63fb27b516d3188d','003BT7RF',116),(2037417,113156,113156771,'bc67a3a3aea969cbaaa0c155e8f59317','003BT8L3',116),(2037418,113157,113157453,'6eb9ae677668881e85fc98509719daff','003BT9AD',116),(2037419,113158,113158330,'50983206f01505f857f374ed15ab1677','003BTA5Q',116),(2037420,113159,113159226,'3734f764ad90adbf84937b4518316f1b','003BTB1Q',116),(2037421,113160,113160809,'c5accffcf4a54151370089ef8cf79d6e','003BTCJ9',116),(2037422,113161,113161756,'b8c70cd9dd35e57ae1b4da483363d67a','003BTDGS',116),(2037423,113162,113162325,'4f5fd62e3d4155685d3e92bf18837ee1','003BTE2L',116),(2037424,113163,113163845,'ce5906bf4a1b9dff855c10da6248c3c3','003BTFI5',116),(2037425,113164,113164901,'dc1d56f7ab0d955006ca77e45eb665ea','003BTGJ5',116),(2037426,113165,113165585,'0e48576cabce6a72feaadc73869de875','003BTH8H',116),(2037427,113166,113166488,'772a410be0cd87813503b90f95bb2d30','003BTI4O',116),(2037428,113167,113167111,'1b4af63695e8f35c6e73c3047698e3c9','003BTIO7',116),(2037429,113168,113168812,'c655d5c823124149b4a8c4fe0e70053c','003BTKDC',116),(2037430,113169,113169714,'ae5ca9bd7201555788792fcbdd93e72f','003BTL9I',116),(2037431,113170,113170262,'4004e65002e4b5cd8896c649a405f1fb','003BTLQM',116),(2037432,113171,113171552,'86d8265c0120b65ddbaf9afe001b7fa5','003BTN30',116),(2037433,113172,113172188,'2df06710a4133692cfe559afe4ea4ac0','003BTNMS',116),(2037434,113173,113173387,'0972db3371875db830b62f69784b85da','003BTOSB',116),(2037435,113174,113174624,'988ab23177d59de2e7e1d5f2935f5d0a','003BTQ30',116),(2037436,113175,113175330,'50b74e757007dad880d6b954ec5af1ac','003BTQP2',116),(2037437,113176,113176318,'4ddfe7c5b3a095b57262f8c503c70acb','003BTRNU',116),(2037438,113177,113177549,'863a28051968f88e02206fd45f8439e6','003BTSUD',116),(2037439,113178,113178206,'324e36d4663afc101d6fbe3e966d9bfc','003BTTIU',116),(2037440,113179,113179402,'62586459693e05b2e1063967e76883f1','003BTUOA',116),(2037441,113180,113180434,'0a9deffa604be4b284eca0236ee09dfa','003BTVOI',116),(2037442,113181,113181247,'3c6f2ce56c347b1678c09cd6e4d6acbe','003BU0HV',116),(2037443,113182,113182589,'90016a3f0cee202f9eec871e692b894b','003BU1RT',116),(2037444,113183,113183111,'1b55461c03135a657a94cd7482f85bac','003BU2C7',116),(2037445,113184,113184778,'bdfd7c750409db5a0b1ebadf892b52cd','003BU40A',116),(2037446,113185,113185781,'bec77795a96ca918feebb20b68c67759','003BU4VL',116),(2037447,113186,113186859,'d1bfc938271db15fed196ad74baa2c5a','003BU61B',116),(2037448,113187,113187339,'52cf339007abb68a324be9600bd29020','003BU6GB',116),(2037449,113188,113188574,'8c3733561010463c1d80af340866059b','003BU7MU',116),(2037450,113189,113189609,'94bab79614710e0186f16ccf26a746d1','003BU8N9',116),(2037451,113190,113190238,'05d1ff645adecbd91f53bdeccf7dc2de','003BU9AU',116),(2037452,113191,113191868,'1533af18f6fc520bf0571272cbd20ed2','003BUATS',116),(2037453,113192,113192783,'bf494562d310aae05d1b99cec470a56f','003BUBQF',116),(2037454,113193,113193912,'dedd7dad018fc3f58850ae38f331806f','003BUCTO',116),(2037455,113194,113194928,'e295a431ddd717f943cb97aa55bd70ab','003BUDTG',116),(2037456,113195,113195799,'c333b687b265fafb41d9c90a0e07a2d2','003BUEON',116),(2037457,113196,113196100,'f60bb80b28efd49acf960094ab3a7777','003BUF24',116),(2037458,113197,113197824,'c92ef3df36db69055ac5113b68233154','003BUGO0',116),(2037459,113198,113198796,'c2904ed6cfa731edd18d8ffe285b6695','003BUHMC',116),(2037460,113199,113199966,'ebedb8a13850685db994e9d688568c79','003BUIQU',116),(2037461,113200,113200540,'83ff8bb87004a3bf0c09e88f9263774f','003BUJCS',116),(2037462,113201,113201731,'b28554d34de6b772a2a8a32ea846c815','003BUKI3',116),(2037463,113202,113202228,'37dfb6106cffcb298a691c6802b34b6c','003BUL1K',116),(2037464,113203,113203283,'06eb4898d6a0c0f26ba02593820749ce','003BUM2J',116),(2037465,113204,113204721,'b03f7b3abf108f9c53b26fdc2b5446b7','003BUNFH',116),(2037466,113205,113205440,'6b7fbc7bea81421848502a95a0985012','003BUO60',116),(2037467,113206,113206970,'ecde24be21d2a5b3b2c3469e1fe68b98','003BUPLQ',116),(2037468,113207,113207104,'fe12c5dc8ddb82b29032ecc8672d1b86','003BUPQ0',116),(2037469,113208,113208662,'a1a77df621ac12bf795b6ad4263fb89d','003BURAM',116),(2037470,113209,113209347,'087e767c98976ed8bc646316bfeba957','003BUS03',116),(2037471,113210,113210113,'1bbd8d57331460e50ed182eef1267ddf','003BUSO1',116),(2037472,113211,113211506,'7bbe1e12c5d9f0798b0c532ab6f4aa8c','003BUU3I',116),(2037473,113212,113212112,'1b7d8ab86c1b2440780c622c5bbd3397','003BUUMG',116),(2037474,113213,113213566,'8a651b0894e9e599feab0ecff3ac4e05','003BV03U',116),(2037475,113214,113214373,'5b2133764ba9ee4e211cf50a7e3c86f5','003BV0T5',116),(2037476,113215,113215439,'6b4256d0a3a7929c752e59414e91b1c7','003BV1UF',116),(2037477,113216,113216340,'531b81bc0be14269bdf01f2578da4a50','003BV2QK',116),(2037478,113217,113217104,'fec086475371ab5235c181edf857a0d7','003BV3IG',116),(2037479,113218,113218594,'912d2f0d40444747e203c975cdd582b2','003BV512',116),(2037480,113219,113219600,'92af86ac9a5b0b91021a516e3820a067','003BV60G',116),(2037481,113220,113220201,'3138886b20d6766816465b170deb098b','003BV6J9',116),(2037482,113221,113221646,'0fcb1c355dfdbebae07804215d78d51e','003BV80E',116),(2037483,113222,113222874,'d59e0ecb5cc6478f0cee15ca4029c50a','003BV96Q',116),(2037484,113223,113223880,'d6e72ecae2e253bd4be86fcc67f4bde1','003BVA68',116),(2037485,113224,113224936,'16dcb48dee47df299a3be20ad6079764','003BVB78',116),(2037486,113225,113225727,'b199d2d2cc68e4d9593487cf6d3ead3b','003BVBVV',116),(2037487,113226,113226423,'6779b087a87cdeebb03182cfbcfce582','003BVCLN',116),(2037488,113227,113227680,'a627b295a25831bcfa2e0ae76b0f4dc1','003BVDT0',116),(2037489,113228,113228396,'00f79d3017be3a1451c565f12fa2ff43','003BVEJC',116),(2037490,113229,113229723,'11acfae822aa2251574fb39ab65ff9f1','003BVFSR',116),(2037491,113230,113230549,'8609fbc5021177e60e2500791974149a','003BVGML',116),(2037492,113231,113231349,'0888816c7793ad47a1ce4a195c164d4b','003BVHFL',116),(2037493,113232,113232817,'c7925978d6cc5eba6e587cd28c9feec1','003BVITH',116),(2037494,113233,113233197,'3018a824f56a69a2b90fb775b2b7b334','003BVJ9D',116),(2037495,113234,113234429,'68d39c0cccf76c332e674dbaf708bf5c','003BVKFT',116),(2037496,113235,113235401,'620c1c9444cb0c97bfeab1f88604a38e','003BVLE9',116),(2037497,113236,113236309,'4b81c5dc1d314efeb3c5c8cf6e6873a8','003BVMAL',116),(2037498,113237,113237636,'9b4feccf45ced9774b3067c3915eb837','003BVNK4',116),(2037499,113238,113238214,'3456b5282091911d0b538195e5809284','003BVO66',116),(2037500,113239,113239635,'9b30fa7a2aa8251cdc875d3740d2d7b4','003BVPIJ',116),(2037501,113240,113240162,'27aef746d8f39e60094e89326cc60b3b','003BVQ32',116),(2037502,113241,113241468,'724859369ca6dc4928e6c938396e39f7','003BVRBS',116),(2037503,113242,113242793,'c1c10d650545e4458a845f54cc7b2bf7','003BVSL9',116),(2037504,113243,113243905,'dcf2c78622ae327b64aba4680373097a','003BVTO1',116),(2037505,113244,113244645,'9d98436fc2aa5242adac2a43905a46cc','003BVUF5',116),(2037506,113245,113245498,'79b7b7d2b571fe3699a9670c467b0ff5','003BVV9Q',116),(2037507,113246,113246913,'df10c586367d4e304e069c63783f042f','003C00M1',116),(2037508,113247,113247966,'ec0186b13b4385d1d37657fd47e5bbf6','003C01MU',116),(2037509,113248,113248557,'882e2ba8a96c7945b1132255b1a1264b','003C029D',116),(2037510,113249,113249220,'055fb09919c5f93cabbc9f499f90b1b5','003C02U4',116),(2037511,113250,113250973,'edb045f0684abe528f10e5ed25756bb0','003C04KT',116),(2037512,113251,113251518,'7ea154ca24c0f66c41bfe8aa6933446e','003C055U',116),(2037513,113252,113252918,'e026927ceab919725a4594fc0dab35a3','003C06HM',116),(2037514,113253,113253616,'9685d70857a4d0930ab539b3e9c32ca3','003C077G',116),(2037515,113254,113254200,'30dea1e296ede218e40cc57a0b3e6b96','003C07PO',116),(2037516,113255,113255909,'ddf4c6553719ac9f2e174a4b78df38c5','003C09F5',116),(2037517,113256,113256834,'cba2161ef9703e24983a7bcc1306562c','003C0AC2',116),(2037518,113257,113257900,'dbc201f67df5770afd8a0ee1c645e9c8','003C0BDC',116),(2037519,113258,113258527,'80b9725bcd14011e2cf3a4ee0eef3e88','003C0C0V',116),(2037520,113259,113259636,'0f89c42f20a3c12c33d68e1e9e78a2be','003C0D3K',116),(2037521,113260,113260125,'1eabbfd93f1e38daed0123c3e5f9e57c','003C0DIT',116),(2037522,113261,113261998,'f3c4005aa25305d9f10e59e822addace','003C0FDE',116),(2037523,113262,113262549,'0d6a3f82de5b18d8ee1d3b41f913d194','003C0FUL',116),(2037524,113263,113263289,'071185914ea27b1419db292ea54d75c6','003C0GLP',116),(2037525,113264,113264144,'234e35c9180d1c9e545f127cb37b8c35','003C0HGG',116),(2037526,113265,113265344,'541a12442fe96790bf6dd445e55452e4','003C0IM0',116),(2037527,113266,113266886,'d87abf35cc772656d367074862428909','003C0K66',116),(2037528,113267,113267543,'84b18cb88f9f2fdd77a2b887d975623a','003C0KQN',116),(2037529,113268,113268490,'0132d7c0e3afb7edf5035f8d218ead79','003C0LOA',116),(2037530,113269,113269236,'39cd8b707708da2c8ea274dc6e16882c','003C0MFK',116),(2037531,113270,113270627,'991f0146bb5e7fe3cc5380ce3dfabe5a','003C0NR3',116),(2037532,113271,113271942,'17011fd558c5fbd7b5e5b5ccadbab4f0','003C0P46',116),(2037533,113272,113272898,'db420e88c9934e8f321afe95a5105adf','003C0Q22',116),(2037535,113274,113274378,'5c53763f38b4bda2a1f283b86508d6d4','003C0RGA',116),(2037536,113275,113275504,'0c52415bc2a0a833895b8384610034a3','003C0SJG',116),(2037537,113276,113276601,'0177eddec63c245f506ef2bc0e09375d','003C0TLP',116),(2037538,113277,113277908,'ddb3cd7e5d8e3e27f110c69cec476097','003C0UUK',116),(2037539,113278,113278247,'3c6a5288ffb466c70d776a5968d09637','003C0V97',116),(2037540,113279,113279299,'4905b81ddbe89e29dbc3170d7240cd9c','003C10A3',116),(2037541,113280,113280103,'028440e5b47771796d4ba443d65fad68','003C1137',116),(2037542,113281,113281141,'2288200fd1105ba221b2adb4a5080961','003C123L',116),(2037543,113282,113282698,'aa889d23302349f03f52b987ca87b5b0','003C13KA',116),(2037544,113283,113283121,'1d9df29def816f8aa41f12909ed83834','003C141H',116),(2037545,113284,113284143,'230a79393cf80b059627987d22b1df03','003C151F',116),(2037546,113285,113285316,'4d526a273110aec620d0a6478e1a2f9f','003C1664',116),(2037547,113286,113286734,'b36a64ddc284739b93302f83d0aed0ca','003C17IE',116),(2037548,113287,113287118,'02e38e72fc9b4deffe07c1b48ca46480','003C17UE',116),(2037549,113288,113288668,'a319f6e658dcbf40886c2a2a98758012','003C19ES',116),(2037550,113289,113289558,'885ba199275142ac34d3d82df0db23ff','003C1AAM',116),(2037551,113290,113290400,'61c50784a9f8ebffd3e457c68191825e','003C1B50',116),(2037552,113291,113291874,'d57f215a0e98f0f690420a2f74db4a3a','003C1CJ2',116),(2037553,113292,113292114,'1be99f7b1e97238d15fedb890471153f','003C1CQI',116),(2037554,113293,113293814,'c6f883fbe071e6c700b11a8b4791b6c7','003C1EFM',116),(2037555,113294,113294306,'4ab91b58e5629961fd4c7241b64712c7','003C1EV2',116),(2037556,113295,113295290,'4700e3e6a3d48a48f42962abf5e56d04','003C1FTQ',116),(2037557,113296,113296470,'72cc718aff8a9c2c00b29c311a86f8de','003C1H2M',116),(2037558,113297,113297564,'89edfde63cf28d7fa29dfb65b38a6caf','003C1I4S',116),(2037559,113298,113298123,'1e2677482998439ed77e51580e7a8efa','003C1IMB',116),(2037560,113299,113299482,'75b3ca3df34661dde3bec359e75bfa19','003C1K0Q',116),(2037561,113300,113300149,'249bb42fcc2eec7d6735fc8e3b436302','003C1KLL',116),(2037562,113301,113301440,'6b74262f225efc33668526fcda06641e','003C1LU0',116),(2037563,113302,113302209,'33340bfccdf73c83d6d7acb2b9c11af5','003C1MM1',116),(2037564,113303,113303386,'5e7b029af4ee086c280d4fd5c8e3cbde','003C1NQQ',116),(2037565,113304,113304453,'6ea1aa66c24909a946b467e0032e5af8','003C1OS5',116),(2037566,113305,113305806,'c503cf58aebeafec02787c94d333b6de','003C1Q6E',116),(2037567,113306,113306157,'26745db07895490afb056ca638684772','003C1QHD',116),(2037568,113307,113307533,'8231976235ae03cb315a898f461731be','003C1RSD',116),(2037569,113308,113308399,'619606d751c1c6276dfc179c7981bce5','003C1SNF',116),(2037570,113309,113309481,'757eb593346b59e35c74e040ac6a0246','003C1TP9',116),(2037571,113310,113310222,'3638589626a099ecb75e656c53334c71','003C1UGE',116),(2037572,113311,113311114,'02cb7d6daaf8d934967f1b9e981ac77c','003C1VCA',116),(2037573,113312,113312243,'3b8545d095b92c2cfc3285dc4249fcfe','003C20FJ',116),(2037574,113313,113313678,'a5940b1b23a3fe10fb037b64e41f6b51','003C21SE',116),(2037575,113314,113314843,'cde26696f75e276fadaa378c0d10fd35','003C230R',116),(2037576,113315,113315972,'ed63aef3919472ece63404d6267f45e6','003C2444',116),(2037577,113316,113316700,'ab024563711b849c4e196ad407c8516e','003C24QS',116),(2037578,113317,113317204,'31fb599adc6459ce3c519b4b1d8e0680','003C25AK',116),(2037579,113318,113318439,'6b51838577534d37c39643ef07fe735c','003C26H7',116),(2037580,113319,113319257,'3efc71a478ebec01f096f715ac03f25c','003C27AP',116),(2037581,113320,113320372,'5b006be1d7d171cc2812b49e5718b447','003C28DK',116),(2037582,113321,113321214,'0539db8ed8a2b48c90cfac095f6e9e2e','003C297U',116),(2037583,113322,113322996,'f330831532b3a8af4ff3d308347c73c3','003C2AVK',116),(2037584,113323,113323126,'1ec74962d7bc0bd5d1bac86ee728d6cf','003C2B3M',116),(2037585,113324,113324645,'9d7db814dd162e275b91f517bd7eda6a','003C2CJ5',116),(2037586,113325,113325827,'c9fab89571659949d591f5b32432c6c4','003C2DO3',116),(2037587,113326,113326146,'23d74442f600e64351a684a8743ef09b','003C2E22',116),(2037588,113327,113327900,'dbe683e464fe083bd16e41d8193ae928','003C2FOS',116),(2037589,113328,113328102,'faa2aedfc53d2dc9d2ed0ddeb9216485','003C2FV6',116),(2037590,113329,113329280,'06d6c78905b87df09c70832fb08b8867','003C2H40',116),(2037591,113330,113330183,'0478c7172f761d879f337f441e1ef8ae','003C2I07',116),(2037592,113331,113331318,'4dc63c87782bdc9c13799f8d7dada965','003C2J3M',116),(2037593,113332,113332501,'7a50e0264f7a045d37edd140bf453cb7','003C2K8L',116),(2037594,113333,113333958,'ea02cd6ba4f6bf7d7fc2044e5ca92d93','003C2LM6',116),(2037595,113334,113334225,'372988d1fe77bc26980bc0372f24505f','003C2LUH',116),(2037596,113335,113335703,'abb04e6d443c996c605577c9d37f4403','003C2NCN',116),(2037597,113336,113336747,'b69b55d2ae26bdd6c6bd7a45648bf9f1','003C2ODB',116),(2037598,113337,113337915,'df9fe4ea3cc498acbe501cf6634c2b1f','003C2PHR',116),(2037599,113338,113338572,'0dfcf2c15cdc62c93fa287903ce7def8','003C2Q6C',116),(2037600,113339,113339791,'c156902f5b20b572848be18c11634dfb','003C2RCF',116),(2037601,113340,113340317,'4d8326ea22c1ff6d86070977d8a1f061','003C2RST',116),(2037602,113341,113341636,'9b4cd431c76954eabbeb84dfab50ec8e','003C2T64',116),(2037603,113342,113342276,'437e255dd9f29ee73a053b6ea8871b36','003C2TQ4',116),(2037604,113343,113343577,'0e193989ced64240defe2dba88268fc2','003C2V2P',116),(2037605,113344,113344629,'99a2320ba62f0821193c4efb42a502cb','003C303L',116),(2037606,113345,113345984,'f06c966fe17269445176169e3df82afa','003C31E0',116),(2037607,113346,113346145,'23702f44044d8e75b1e238af8c801d0c','003C31J1',116),(2037608,113347,113347823,'c8fefa47b7771224fc7b48fed55b7dc0','003C337F',116),(2037609,113348,113348102,'fb5e8a6f87ea35e5c12d571e805dc6e4','003C33G6',116),(2037610,113349,113349569,'8b235b5c4151b7c37d82baa7d8da5a8d','003C34U1',116),(2037611,113350,113350674,'a4b8ab86ad3bdd1ff0725be9e465a1cf','003C360I',116),(2037612,113351,113351494,'78ca86571e9a4c1cc11c74566ea9a1b2','003C36Q6',116),(2037613,113352,113352371,'5aa2e912f8d36db642e25377fa2b8bcc','003C37LJ',116),(2037614,113353,113353342,'53926c03dfca8a607e559955faa9e969','003C38JU',116),(2037615,113354,113354778,'be02018c83171d9d0bfaab2b6e2f3704','003C3A0Q',116),(2037616,113355,113355942,'e60bdb8ee95a621e87a74a5f5fb59990','003C3B56',116),(2037617,113356,113356809,'c5b9fcc94430844db51ce7e8e6a27f51','003C3C09',116),(2037618,113357,113357884,'1597b2f580e51b10d5cfb66594e45a36','003C3D1S',116),(2037619,113358,113358498,'79c7a8afe35c0143784423f63775943a','003C3DL2',116),(2037620,113359,113359101,'f74f1e671e137b545a33c2a3d456da0c','003C3E7T',116),(2037621,113360,113360101,'f7e5ba0088125f75dab484fdf7f37382','003C3F75',116),(2037622,113361,113361613,'95dd1634bb1cae1e72a083ee2ad0e3a9','003C3GMD',116),(2037623,113362,113362476,'74393c9c321d6dbc504a2d12530bbbb9','003C3HHC',116),(2037624,113363,113363893,'da1ae6237a91365b310a84bd4375b764','003C3ITL',116),(2037625,113364,113364478,'74d34c128a6f83576386f992e8f2e953','003C3JFU',116),(2037626,113365,113365163,'27cc14f2a94d93387e73d3331228a41d','003C3K5B',116),(2037627,113366,113366889,'d91af89f68861863e1a36edd8b06cafd','003C3LR9',116),(2037628,113367,113367981,'ef9195e8c244b08e4fe097c169917856','003C3MTD',116),(2037629,113368,113368761,'1295f8121f80742b09fa38035637fecc','003C3NLP',116),(2037630,113369,113369126,'1ec45608721a3a3d5be7bab4465aeeae','003C3O16',116),(2037631,113370,113370514,'0c9223481eb28d3c3e0104537aac386e','003C3PCI',116),(2037632,113371,113371587,'8f68fdb1ba552a68be972ce17ba47a72','003C3QE3',116),(2037633,113372,113372751,'b781e8476822cc4e9e3967a7517f9d32','003C3RIF',116),(2037634,113373,113373911,'de73b341b2a027f235b93fe1a0ba1c74','003C3SMN',116),(2037635,113374,113374828,'ca484b573ba2d7791da9f32f285ac7e2','003C3TJC',116),(2037636,113375,113375634,'9acf849ed13378e7d86507585d1a695f','003C3UCI',116),(2037637,113376,113376269,'41bd01b23faa87024e96ad893180b078','003C3V0D',116),(2037638,113377,113377271,'425beee675b597d5bcda7df7c1bfd581','003C3VVN',116),(2037639,113378,113378237,'39e6cdddb162b6f5dafa67e8a8f8f3f4','003C40TT',116),(2037640,113379,113379462,'70f2acf35ed1e4fc46982460bfa9e442','003C4246',116),(2037641,113380,113380673,'a48b463f141283d24c1e5bc86af62b5d','003C43A1',116),(2037642,113381,113381202,'315b70a591bfd3c281d13e458aed35fa','003C43QI',116),(2037643,113382,113382332,'51325bbe834e59df8c8d369877222202','003C44TS',116),(2037644,113383,113383800,'138899cb95485df50e65fbf33459a3a8','003C46BO',116),(2037645,113384,113384593,'90dec8c1e9269d7fe2ed757e6a988af0','003C474H',116),(2037646,113385,113385699,'aaa7d93d09d350551a7d43bbccf6fdd1','003C4873',116),(2037647,113386,113386604,'93769b104eeff5290cbc38eb2718c0b9','003C493C',116),(2037648,113387,113387788,'133dbc61c62b40073e4bf9ef749f9f18','003C4A8C',116),(2037649,113388,113388783,'bf638085d2eb67f333accc277d2b8ad3','003C4B7F',116),(2037650,113389,113389822,'c8cb9bd38d6b4a333fcfc007488c7d19','003C4C7U',116),(2037651,113390,113390338,'52a78878f8ed29f2311843c72780ad8d','003C4CO2',116),(2037652,113391,113391186,'2d6e6692df32519f9acffc31272f776a','003C4DII',116),(2037653,113392,113392833,'cb81f93e15fe8da40582998c3a9e0854','003C4F61',116),(2037654,113393,113393552,'86c66add5c82c8332e02c4b5cfaf67a1','003C4FSG',116),(2037655,113394,113394486,'76af383c041d78e292e2694a31dab351','003C4GPM',116),(2037656,113395,113395408,'639d8edbbdbea464f2c380359f06e29f','003C4HMG',116),(2037657,113396,113396625,'98974e45e180e8e95cd91fc5a86f1ec6','003C4ISH',116),(2037658,113397,113397260,'065ce456c3fe7496b1dd7cb87cd04cdb','003C4JGC',116),(2037659,113398,113398622,'97f0c101ebf092be3e01ca39f221cc05','003C4KQU',116),(2037661,113400,113400236,'39b8d8e0dfb7209dfc9f8f9c26dee8cd','003C4MDC',116),(2037662,113401,113401279,'4435174e9bbd3a4dfdaecd71958e9b20','003C4NDV',116),(2037663,113402,113402498,'0137c1dddc32655568db9ef29728470d','003C4OK2',116),(2037664,113403,113403893,'da0bf47d4ccead29adf50897b2dd360d','003C4PVL',116),(2037665,113404,113404680,'a607a4a01fd32812d7c357b007bd0f26','003C4QO8',116),(2037666,113405,113405423,'676d8c3b15ea7f79a5fce522752ec970','003C4RFF',116),(2037667,113406,113406343,'53e4c8d2e4f31e50c500286ce6fe8aa3','003C4SC7',116),(2037668,113407,113407680,'a6174c92acd27f37184bccb687068ee5','003C4TM0',116),(2037669,113408,113408168,'290fc138a4616fd1bdeb9561cc76d4d5','003C4U58',116),(2037670,113409,113409959,'ea38a0040bdfd3875506189e3629b32a','003C4VT7',116),(2037671,113410,113410332,'512c3bc743e4e4be1921cb26e3c4c212','003C508S',116),(2037672,113411,113411364,'5905a2a5ae720f7adc388012a0cba2c5','003C5194',116),(2037673,113412,113412463,'7144f4bd0bf7f309633b7fb710f41099','003C52BF',116),(2037674,113413,113413614,'962077fdacfccfd7f1ae080eeecbade7','003C53FE',116),(2037675,113414,113414825,'c97df1213a8403bbe70828e753ae9cbc','003C54L9',116),(2037676,113415,113415131,'2011051dd26f7f39968b3afa18f6526c','003C54UR',116),(2037677,113416,113416875,'d5c7996411f14e5d6f201bd835cb7cb5','003C56LB',116),(2037678,113417,113417380,'5cd36c98d794a40c2963ac266439f4c9','003C5754',116),(2037679,113418,113418823,'c90285f2b119feb2d712e57c15cb4fd2','003C58I7',116),(2037680,113419,113419756,'b8c7b4304f6aed4bf653ff0796779dc4','003C59FC',116),(2037681,113420,113420441,'6bcb4d3fa34239d27f8986c0a376a46d','003C5A4P',116),(2037682,113421,113421516,'7e150346ae591d5060eae360380e0b11','003C5B6C',116),(2037683,113422,113422922,'e13eb11c56a456634dd329596d7fef67','003C5CIA',116),(2037684,113423,113423229,'381669a1c474b157d4aacfc7c01c7e64','003C5CRT',116),(2037685,113424,113424788,'c0931eb4942a11fe922902aece07720d','003C5ECK',116),(2037686,113425,113425323,'4ee0331f55ba0c795f89feffdfdf1e77','003C5ETB',116),(2037687,113426,113426257,'3ef3af804e768bdadc75d60205b1b3d7','003C5FQH',116),(2037688,113427,113427254,'3e2b7254489da058817288025e2147e9','003C5GPM',116),(2037689,113428,113428925,'e20006072e8f5c231af9e882148e5019','003C5IDT',116),(2037690,113429,113429777,'bdea468f22c6e9101b2eb3efc6ae57d4','003C5J8H',116),(2037691,113430,113430913,'df17bbdc95acf363415ee57c50965559','003C5KC1',116),(2037692,113431,113431943,'e670c2660b926bb4e81b3300d6b7d0e6','003C5LC7',116),(2037693,113432,113432510,'7cb91ad9335209948076124c5e68f854','003C5LTU',116),(2037694,113433,113433714,'ae72c16fbe185daaf282b0d82172bc40','003C5N3I',116),(2037695,113434,113434672,'a415e4fdede977907b56b9a90093e977','003C5O1G',116),(2037696,113435,113435444,'6c7257704e180a29b4fe7ce494880357','003C5OPK',116),(2037697,113436,113436409,'640720e443f7e691625d043ae1de7301','003C5PNP',116),(2037698,113437,113437514,'7d7e7fc68d35d622e3cd972ace1acd21','003C5QQA',116),(2037699,113438,113438858,'d17fb0b29cd605dfc50baa51b31effda','003C5S4A',116),(2037700,113439,113439873,'d549dfadd1d998f609f53443874f0b3d','003C5T41',116),(2037701,113440,113440330,'50cea826ce6dba3a4d0bbfc3cd78c631','003C5TIA',116),(2037702,113441,113441132,'204efc1136021e5d062eacdb40403fc7','003C5UBC',116),(2037703,113442,113442961,'eac3a5e8f160237217a59d23de5f7e6e','003C604H',116),(2037704,113443,113443482,'75d80b6bfe4be5c45ec0a7eedba5aa41','003C60KQ',116),(2037705,113444,113444334,'51c495552a7684a1c5dd7c0375ae6390','003C61FE',116),(2037706,113445,113445455,'6f42598c7301e4cf0f0df60d7d5520d0','003C62IF',116),(2037707,113446,113446174,'2aa3cdd620f966224bf2dc3bfa583421','003C638U',116),(2037708,113447,113447160,'274963fca384be9ffeb4c0be331959e3','003C647O',116),(2037709,113448,113448558,'8873e09ee0b329393f25fb3a7ef4e32b','003C65JE',116),(2037710,113449,113449335,'52014590c49858c18d5c651050719f0e','003C66BN',116),(2037711,113450,113450441,'0ac6829ffe6ee20cb7eea61caa77403f','003C67E9',116),(2037712,113451,113451854,'d09c0f3dc226cb1559d9cbbb88ea01e8','003C68QE',116),(2037713,113452,113452662,'a1d4663ce05b66cc81848fd4272ed36c','003C69JM',116),(2037714,113453,113453712,'11654608e15a4514cc7d85fb48fccb83','003C6AKG',116),(2037715,113454,113454454,'6ef73f19366e47d24a7b927f1f58d045','003C6BBM',116),(2037716,113455,113455223,'36a275e9a26c3bc78ac06df87551ed74','003C6C3N',116),(2037717,113456,113456870,'d47eac8c4650f75f1a1a8a6f60e58590','003C6DN6',116),(2037718,113457,113457262,'402e26c9ad551c637a14305cca3635b6','003C6E3E',116),(2037719,113458,113458516,'7e18513b2ab39e1c04c90cb862ab1f96','003C6FAK',116),(2037720,113459,113459129,'1fa9ece9bd9996f586511259c921f410','003C6FTP',116),(2037721,113460,113460788,'c08d36446ed1d4781e3a24583ea29a39','003C6HHK',116),(2037722,113461,113461352,'56035cf887fd6e1b5d6d78148eb5c02e','003C6I38',116),(2037723,113462,113462244,'3bc3ad544fbb6f2782a31d39757ffa66','003C6IV4',116),(2037724,113463,113463159,'26def14d1509b5f6bfaeb13e96f0c060','003C6JRN',116),(2037725,113464,113464163,'27e4d3f7433e257154614330eb6ea7cf','003C6KR3',116),(2037726,113465,113465104,'ffbe10a73995c67170ac3da532b69da4','003C6LOG',116),(2037727,113466,113466576,'8cdde1c0e558ae19e443a499f40b533f','003C6N6G',116),(2037728,113467,113467801,'c3bba4500b8e43374b046de170bf4d67','003C6OCP',116),(2037729,113468,113468773,'bcd7107465bde4a90230c021ce63838c','003C6PB5',116),(2037730,113469,113469156,'26170ad58903cf9b5ba8085ca4d8fd92','003C6PN4',116),(2037731,113470,113470693,'a95a09723295fd4ee4fcdf1eae50b89a','003C6R75',116),(2037732,113471,113471809,'c59fa7c3622e3f7c23f5adaf0e27d3c7','003C6SA1',116),(2037733,113472,113472891,'d99cbf3a557e9ee66556dfd95d66a5d8','003C6TBR',116),(2037734,113473,113473185,'2d5533adab48084f368368538ed9322b','003C6TL1',116),(2037735,113474,113474406,'633ca846816919b740f55c0a7fed42ba','003C6UR6',116),(2037736,113475,113475151,'24df88ee05eb50db7d1d083a37f49b0b','003C6VIF',116),(2037737,113476,113476742,'1220fe300f11f9b16e4dc2aa42bd6176','003C7146',116),(2037738,113477,113477704,'abfe7de7718eb36fd186aaa04ce3ea45','003C7228',116),(2037739,113478,113478881,'d72b7df7ace1121b2bbae06e8aaa8cac','003C7371',116),(2037741,113483,113483883,'d7b35d9751b54c63c884bafdeeab3c70','003C783B',116),(2037742,113484,113484347,'54d78a51ffe33f5a1f1f9362a2dff607','003C78HR',116),(2037743,113485,113485397,'612157426dc75528fcd94e4efdce2d28','003C79IL',116),(2037744,113486,113486756,'b8b757bcab24e456ed2738ca23b031d3','003C7AT4',116),(2037745,113487,113487696,'aa141faed4a205cd4e8fc811f2a0a123','003C7BQG',116),(2037746,113488,113488795,'13692b5bf260bcb19054e43f3ea986e2','003C7CSR',116),(2037747,113489,113489437,'6ad9e3eecc909d76b56f8787eed3a38a','003C7DGT',116),(2037748,113490,113490956,'e96f6dc7d4439ef49bf7ec2e6a886b4e','003C7F0C',116),(2037749,113491,113491742,'1222d24209be34a800498524b6700fe7','003C7FOU',116),(2037750,113492,113492546,'856506e83608c782ad3696742018815e','003C7GI2',116),(2037751,113493,113493280,'4468350070065a6a7da615d47200376c','003C7H90',116),(2037752,113494,113494629,'99b17e779260fed26e84cb6a86c7208e','003C7IJ5',116),(2037753,113495,113495888,'d8ffbf4740d77273724f3171b8a4a03e','003C7JQG',116),(2037754,113496,113496814,'c6f1aa6c7a6c16f8c4e6b149e2739646','003C7KNE',116),(2037755,113497,113497389,'5f15d685f087b79680f56b80a79b6d36','003C7L9D',116),(2037756,113498,113498723,'b0bb55e079f3358aadcf48f9f60dc875','003C7MJ3',116),(2037757,113499,113499251,'3d80bd92a9ba2ca31c646881127d322a','003C7N3J',116),(2037758,113500,113500884,'1595a84f09498feb077b8c8cf4fe3f53','003C7OMK',116),(2037759,113501,113501965,'ebc65df7ac829fd080987405b5f12f3e','003C7POD',116),(2037760,113502,113502104,'feb653027f00e66c864bd45e99b38c84','003C7PSO',116),(2037761,113503,113503688,'a7fa8e59547e69626173584651ebb95f','003C7RE8',116),(2037762,113504,113504130,'1ff70043c78f44fc8841bd8203c00ed3','003C7RS2',116),(2037763,113505,113505508,'7c0c44081119837b62e4ea508c6f00ba','003C7T74',116),(2037764,113506,113506904,'dcd5211a30daec1c3c68c884dd2fd1e4','003C7UIO',116),(2037765,113507,113507844,'ce43c529910ddf02267c94b7180ae054','003C7VG4',116),(2037766,113508,113508392,'00f5988b3068176c62639caeae323b64','003C8018',116),(2037767,113509,113509262,'40008261639153ddde209b77e38b223b','003C80SE',116),(2037768,113510,113510623,'9827095ec2e26db4894fe8d3f068d3e0','003C826V',116),(2037770,113512,113512159,'26ee43dba3a77665396d7cadf0c9c3a6','003C83MV',116),(2037771,113513,113513556,'0d9637a9d47b5205178f3fd03b458984','003C852K',116),(2037772,113514,113514107,'1a4926479ca0b4c42df6cefb89aa59d9','003C85JR',116),(2037773,113515,113515943,'e66f9c9000aef467dc4740167a9a89fc','003C87D7',116),(2037774,113516,113516344,'53ff8698fec2bfe1fa2c6d502456e5b6','003C87PO',116),(2037775,113517,113517295,'484316a66030dbc0bbd599a8cd8abe85','003C88NF',116),(2037776,113518,113518838,'ccaa8cf5196b12a1cad075a31f063eee','003C8A7M',116),(2037777,113519,113519104,'fe6f87c187a81cc4c879d8eeff23d21a','003C8AG0',116),(2037778,113520,113520662,'a1b076e284ae5cfeae1066dad0d3e040','003C8C0M',116),(2037779,113521,113521856,'d105a6e1c132a4b0a20af232ee73ed10','003C8D60',116),(2037780,113522,113522397,'610bdc275ddff26084caf9223b8fed9d','003C8DMT',116),(2037781,113523,113523515,'7de51cbbc197dd6388c7f00d5efca833','003C8EPR',116),(2037782,113524,113524768,'bbb76e9a4544bee1aa6254f7f6319f3f','003C8G10',116),(2037783,113525,113525666,'a2be107a0e21ae3ffd7e4369c2d87954','003C8GT2',116),(2037784,113526,113526692,'a926a205e7fe6500b149dbcefb929bc6','003C8HT4',116),(2037785,113527,113527551,'8690b09e926e4a8b07fac8b0a24e60c9','003C8INV',116),(2037786,113528,113528466,'71d3c9fad341d3a43fd36aaa4432837d','003C8JKI',116),(2037787,113529,113529254,'3e3fb20111ff4fffcd3ba23b811b4750','003C8KD6',116),(2037788,113530,113530854,'d097eb4d150857fc7249a3270efa295c','003C8LV6',116),(2037789,113531,113531696,'a9fd570594c93803d9ef751141adfe57','003C8MPG',116),(2037790,113532,113532123,'1e1ab0f82b01715f82902613fdc01751','003C8N6R',116),(2037791,113533,113533314,'4cd862121d7ae95f89da413ea7312a88','003C8OC2',116),(2037792,113534,113534855,'d0f8e22f1fe5f021b63d09fb78752b1e','003C8PS7',116),(2037793,113535,113535888,'d8eb127911703f2d428714421acd05f3','003C8QSG',116),(2037794,113536,113536710,'ad590aea1e6d6e9dcf18afa4643148b6','003C8RM6',116),(2037795,113537,113537407,'6383b6db4335028c8d27a9f658e31b06','003C8SBV',116),(2037796,113538,113538102,'190071dea4715a5e87a558322d086cf8','003C8T1M',116),(2037797,113539,113539943,'e6641a830c5cd02f371a73758098c508','003C8UR7',116),(2037798,113540,113540103,'fcb29163c92b7f6f39248eba85d3ea18','003C8V07',116),(2037799,113541,113541369,'5a16d9862ca17cddd6f15bd34d5b9ee3','003C907P',116),(2037800,113542,113542104,'fe306a010a43323151029b86aa232109','003C90UO',116),(2037801,113543,113543751,'b78e4578a585718a031c5455a9d66de4','003C92I7',116),(2037802,113544,113544654,'9fc405790a748aa14d3941af97851223','003C93EE',116),(2037803,113545,113545399,'6169cc7f2f02c5642bb1180e78bd4f6d','003C945N',116),(2037804,113546,113546820,'c8657b41a562c18eb5f50cacf4f5f7c8','003C95I4',116),(2037805,113547,113547461,'709e142ffd42902228952efad5fae573','003C9665',116),(2037806,113548,113548513,'7d67b77a3c1e8e34a9962193b7f63496','003C9771',116),(2037807,113549,113549151,'24e73d792604571c4ffbf6890f56b9ac','003C97QV',116),(2037808,113550,113550766,'bb076991c5c7cb0165f9c389560878a5','003C99DE',116),(2037809,113551,113551481,'75a9541ac7c83d368cc3edb3391e5f35','003C9A3P',116),(2037810,113552,113552691,'a8ef540657130c7bc0da05a14eeda4d4','003C9B9J',116),(2037811,113553,113553296,'485d661f417583db9310e19eb1b3d021','003C9BSG',116),(2037812,113554,113554879,'d6d5abb0f32fcdc07c1bf487ec5ce10a','003C9DDV',116),(2037813,113555,113555395,'6098eddc58e31ac2f3e070cb839faa6a','003C9DU3',116),(2037814,113556,113556855,'14e3589b9d4768a03912a8751e53f325','003C9FBN',116),(2037815,113557,113557714,'117164c17de9189b2e747a86836eaefa','003C9G6I',116),(2037816,113558,113558239,'05d95802fa9e35afe18c0f1d90e37968','003C9GMV',116),(2037817,113559,113559869,'d43a8e2319380b8ba8ad5f5a95ef3856','003C9I9T',116),(2037818,113560,113560467,'721ab01a09fd5633cebd36fe56afafac','003C9ISJ',116),(2037819,113561,113561978,'eef0804828217714bdd6c81cffef7086','003C9KBQ',116),(2037820,113562,113562309,'4b98b672892998e4d5f502221e2973b4','003C9KM5',116),(2037821,113563,113563733,'b30ad65b49077d3842f3187c97403ec6','003C9M2L',116),(2037822,113564,113564180,'0469fdee72c1c9290703b122daf12518','003C9MGK',116),(2037823,113565,113565613,'95d19ea4a20626390741a3b44abc09fd','003C9NTD',116),(2037824,113566,113566791,'c133ddbd5c123873cf4c70271bd7322f','003C9P27',116),(2037825,113567,113567931,'e3827a5a40ee37e68f3958d3f758f408','003C9Q5R',116),(2037826,113568,113568355,'56c760dccc0277f75498d07723e38bd4','003C9QJ3',116),(2037827,113569,113569116,'1c5b1c32f866bbe38dcf61ef1bae420b','003C9RAS',116),(2037828,113570,113570488,'772cd096cad6ce88360ade41b86ea637','003C9SLO',116),(2037829,113571,113571731,'b2ab9929e772045eec5c3406dda51f75','003C9TSJ',116),(2037830,113572,113572276,'4374d72d64b64c86a88657d990eec72b','003C9UDK',116),(2037831,113573,113573473,'738d247745dc19cdbfb05921fff08c8c','003C9VJ1',116),(2037832,113574,113574531,'81ca46e769be783e4f998cb6a4b954e4','003CA0K3',116),(2037833,113575,113575613,'0ef740c13f28af1a411710c48e480a9c','003CA1LT',116),(2037834,113576,113576836,'cc4ad606c9e6c2bae7993b642a8d4df9','003CA2S4',116),(2037835,113577,113577115,'1c234806c690dd5465d13c7931f63967','003CA34R',116),(2037836,113578,113578300,'4951bdf59b5798ab123c9df56e4efb91','003CA49S',116),(2037837,113579,113579668,'a34bdd44597e84efeb911b0bce2e9755','003CA5KK',116),(2037838,113580,113580133,'20b51ad1b0e28db6dba01bc5d8c6b0e2','003CA635',116),(2037839,113581,113581664,'a22969f03f6143359defd2dbf0bb6ef2','003CA7J0',116),(2037840,113582,113582722,'b047da122e56f1d092dcb3a8b46a2647','003CA8K2',116),(2037841,113583,113583310,'0795811eafec27e813e51718d15f078f','003CA96E',116),(2037842,113584,113584865,'d35bfb36d5412af0447453850e3c5e7f','003CAAN1',116),(2037843,113585,113585567,'8a906d3165d7e704dd91b4de62556744','003CABCV',116),(2037844,113586,113586100,'f551359ab7f6d759eb1880f554e5e815','003CABTK',116),(2037845,113587,113587836,'cc4f71e4af972e66691b6b1ef0967b2f','003CADJS',116),(2037846,113588,113588101,'f85cb83b8989e8259e4551d3157edb1a','003CADS5',116),(2037847,113589,113589442,'6bf803b210d695b2d1c7ae8bcb75563c','003CAF62',116),(2037848,113590,113590960,'ea6a24f12722b71c565ed6ee918246a8','003CAGLG',116),(2037849,113591,113591818,'c7b87b8f9a9c4785e14ec3d506c5f185','003CAHGA',116),(2037850,113592,113592256,'3e802926f405c1639dce3dfdb9e954d0','003CAHU0',116),(2037851,113593,113593953,'e8be17bec1fb60beb19823716f4a8311','003CAJJ1',116),(2037853,113595,113595115,'1c2e5f7080e2011d0dc9704da6708181','003CAKNB',116),(2037854,113596,113596144,'2356da0b6567165319e3a27aa5fae656','003CALNG',116),(2037855,113597,113597522,'0cc49dd6380a31359d90897b95225e43','003CAN2I',116),(2037856,113598,113598252,'3d8727e43747befce2ce55c33a4c5b88','003CANPC',116),(2037857,113599,113599981,'ef917b32da5125eba1fb95f4fa8f4981','003CAPFD',116),(2037858,113600,113600764,'ba97ed30cfd919c608200e4fe828d0ea','003CAQ7S',116),(2037859,113601,113601843,'cdf41086347bdb01ab77338010d600df','003CAR9J',116),(2037860,113602,113602647,'9e09305935059a2df5f5a692360812fd','003CAS2N',116),(2037861,113603,113603371,'5ab5941ad4b1772e584d6c60afb3fd46','003CASPB',116),(2037862,113604,113604763,'ba843c101a7969cd02260a6e6ba3fd0a','003CAU4R',116),(2037863,113605,113605721,'b01effeea43c9d19bfd3b2069ad4417f','003CAV2P',116),(2037864,113606,113606219,'35929826de73b53c5317eb7d581de1ad','003CAVIB',116),(2037865,113607,113607104,'1982161d0fe636d1caabd47a2ac23e12','003CB0E0',116),(2037866,113608,113608611,'9561ec4390e7dbb73fd3cbca943d6335','003CB1T3',116),(2037867,113609,113609408,'63a96704454c27babea4e187e86800b0','003CB2M0',116),(2037868,113610,113610598,'92308bde9f17a34afc92225e3e5ee4ab','003CB3R6',116),(2037869,113611,113611370,'5a5ed7f37f07d4c679e86d71e0bf29d2','003CB4JA',116),(2037870,113612,113612922,'e13b9182a4d33d361511e6c9dc570bb5','003CB63Q',116),(2037871,113613,113613482,'75bc9ae13ac5011d73963abd2299ec22','003CB6LA',116),(2037872,113614,113614461,'709610d6cac6dcc402f55d1f53efe4af','003CB7JT',116),(2037873,113615,113615342,'53b90a4cadc0e1319152d8c973fff7e4','003CB8FE',116),(2037874,113616,113616370,'5a5d11eec8cb015fd5e555d9a9a05d49','003CB9FI',116),(2037875,113617,113617638,'0f9905466513815cf2fc38206471d3af','003CBAN6',116),(2037876,113618,113618660,'1021cd5f87bc8b4c0820a3c5a86dbef4','003CBBN4',116),(2037877,113619,113619102,'f9c612fef3fc6ec3bbc1dcdbe7a38d98','003CBC4U',116),(2037878,113620,113620574,'8c341d73978af0e3df115bc880684890','003CBDIU',116),(2037879,113621,113621647,'9df61e97fae3728958684d5a934163ca','003CBEKF',116),(2037880,113622,113622883,'d79a623c608f768928b42f4db086af14','003CBFR3',116),(2037881,113623,113623403,'629d14dee122bd249806fdbf42245fd3','003CBGBB',116),(2037882,113624,113624466,'7201527bfc8751683fdf19af3e033d63','003CBHCI',116),(2037883,113625,113625235,'397c1d54db9987005bab782a51e3c815','003CBI4J',116),(2037884,113626,113626804,'c456cd280cff4ed4d5e89d847effd8db','003CBJLK',116),(2037885,113627,113627406,'63413a627434b7ecc99fdb669168a193','003CBK8E',116),(2037886,113628,113628907,'dd8edf4a5413b7b70fdad591e034ad58','003CBLNB',116),(2037887,113629,113629953,'e8dcb850c71e3dd4a1052bb4b1d3caca','003CBMO1',116),(2037888,113630,113630964,'eb6d4c011e1c97b5b498fbbe105bc232','003CBNNK',116),(2037889,113631,113631102,'fa861cc410b0aa9fe7b46b35716ab32a','003CBNRU',116),(2037890,113632,113632948,'e7a7e67c738a56c465c75d40482c483e','003CBPLK',116),(2037891,113633,113633424,'67b1c4d6876a12e265e965c1451a7f36','003CBQ4G',116),(2037892,113634,113634895,'da93a175821db2299bb20494b55f9e7e','003CBRIF',116),(2037893,113635,113635663,'a215578c8e0b9df3f3f1202ac8c37d14','003CBSAF',116),(2037894,113636,113636652,'9f3715bb1952be29c8a25fb1c0e8a3a2','003CBT9C',116),(2037895,113637,113637677,'a560d90f9c3d609c140f9ffe459365f4','003CBU9D',116),(2037896,113638,113638166,'28a64507d24ac7161f7066d5f0dbd3dc','003CBUOM',116),(2037897,113639,113639820,'c86b131fdecd6f60d111ba32f48107ff','003CC0CC',116),(2037898,113640,113640458,'7006efe1a7589721525a9a19b8004c57','003CC10A',116),(2037899,113641,113641713,'ae3cdb014c11af30e2f5ba6da87b8ccf','003CC27H',116),(2037900,113642,113642991,'183548bcc4b7c71184fd8ce64a1e61bb','003CC3FF',116),(2037901,113643,113643417,'65e5721ac899c73c2befc838a8c6e417','003CC3SP',116),(2037902,113644,113644212,'33d9f73b57cb91606e34cfde953b16fd','003CC4LK',116),(2037903,113645,113645402,'624127658e5d38e3de50eca3f973853a','003CC5QQ',116),(2037904,113646,113646911,'de875f77a697dfa4048ddbf4aa7dca8d','003CC79V',116),(2037905,113647,113647892,'15c9c469fb60b02b748f5a610aea60a4','003CC88K',116),(2037906,113648,113648122,'1dfe7e9c45798e986d9aa66b03d3c65a','003CC8FQ',116),(2037907,113649,113649189,'2e52a4833a9d586c81b05ab3d7fdb86c','003CC9H5',116),(2037908,113650,113650230,'382eef70eccd561a0c41152e94fdc681','003CCAHM',116),(2037909,113651,113651875,'d5dca7d4e3c1948abd9cdba2cd20c31c','003CCC53',116),(2037910,113652,113652322,'4ec481c23798797136f8948ef0cbbaca','003CCCJ2',116),(2037911,113653,113653894,'da6af9285d51b49fe4f5b81471431fcb','003CCE46',116),(2037912,113654,113654313,'4c8b0bbc32ef0e3e13d7bf4893bfb026','003CCEH9',116),(2037913,113655,113655508,'7c366c92ffb6bc59a2fb843410c36bb5','003CCFMK',116),(2037914,113656,113656969,'ecc6d2386883febda6306bb70216c846','003CCH49',116),(2037915,113657,113657257,'3ec85225cd1609aced8b55277ec95569','003CCHD9',116),(2037916,113658,113658331,'50dacf6f84e84ca544bf8d4fd5c28632','003CCIER',116),(2037917,113659,113659440,'6b8c71e1b130af4964bddf35f158a495','003CCJHG',116),(2037918,113660,113660880,'d6f7f63e6864e31ab5d2eaa8aaafbc6c','003CCKUG',116),(2037919,113661,113661816,'c7405161ad160cbc567c6c1ae3f1f8e3','003CCLRO',116),(2037920,113662,113662103,'fc7cdb9d93a0567880e7df488fa92f19','003CCM4N',116),(2037921,113663,113663403,'6293b86288dc2a0ba9e05086222f4e87','003CCNDB',116),(2037922,113664,113664224,'36bdb8b5ddd187bdcf22051678f457ea','003CCO70',116),(2037923,113665,113665686,'a7b36227735e9c17a05d5a90803c05e8','003CCPKM',116),(2037924,113666,113666599,'9243711e112bd623b8abdfbc0a58762d','003CCQH7',116),(2037925,113667,113667999,'f422044b69eee96ee5a8ba9069f5b5c2','003CCRSV',116),(2037926,113668,113668455,'6f1e042b219dd7c6856375b2bb952c7e','003CCSB7',116),(2037927,113669,113669820,'c83a936155c52a97684f3540cf31ceac','003CCTLS',116),(2037928,113670,113670795,'c232b706f1f4c989b207ae2f750ce352','003CCUKB',116),(2037929,113671,113671102,'fa7f905fdc3f8680d2ca961209b854c9','003CCUTU',116),(2037930,113672,113672186,'2d91e9b188075c6b7e85ed22a17a480f','003CCVVQ',116),(2037931,113673,113673261,'3fcbc35348cee50c21fee5d0b5ab5e51','003CD11D',116),(2037932,113674,113674114,'1c09320d1ec78f4fe21d58bf936ee017','003CD1S2',116),(2037933,113675,113675903,'dcad961a098495830076f01decf61eff','003CD3JV',116),(2037934,113676,113676942,'e6096666b9f89af68ecbeb8722b5b0a4','003CD4KE',116),(2037935,113677,113677904,'dcc658ec5f896d71d822646a352bef39','003CD5IG',116),(2037936,113678,113678592,'909049d758ce326e1c16375ad7ae56d5','003CD680',116),(2037937,113679,113679863,'d2c514eac346fea6c9c1d0fecf292fbc','003CD7FN',116),(2037938,113680,113680141,'227442ce22dc3ce170772b0c0cdd0849','003CD7OD',116),(2037939,113681,113681516,'7dff96479aa35402b06ca7d494896a64','003CD93C',116),(2037940,113682,113682396,'60bdcdd43151490e7e38346c53cb0173','003CD9US',116),(2037941,113683,113683276,'06c0d42b9710ec00de1e456cb82004bf','003CDAQC',116),(2037942,113684,113684472,'734ccf5dd370319044e5dc8b32bcd1c9','003CDBVO',116),(2037943,113685,113685946,'e71887ed5a07922d41a0567ff8c79e12','003CDDDQ',116),(2037944,113686,113686457,'6fc427bb84d8b27142a4519a5a9f3b9f','003CDDTP',116),(2037945,113687,113687469,'728f00a056a1e8cacb6d0127f08a7139','003CDETD',116),(2037946,113688,113688363,'58baee099491fb598dd47f8d9d8c5489','003CDFPB',116),(2037947,113689,113689102,'fa8c1c233f5486e9eee047f69201332f','003CDGGE',116),(2037948,113690,113690653,'9f98b5d11a0bf5d210347980d6f4c1e5','003CDI0T',116),(2037949,113691,113691633,'9ab1e790f174b85814958c8d7263c5ce','003CDIVH',116),(2037950,113692,113692139,'22153cd2a32c0ebd7053ecb86fb3d5d3','003CDJFB',116),(2037951,113693,113693595,'91446871cdd609deee342df5e1a66560','003CDKSR',116),(2037952,113694,113694646,'9dc9bcad082c9053f5cb09f2cc7feec0','003CDLTM',116),(2037953,113695,113695694,'a97dd4a1c61c6e4206b3ad9c44f0393c','003CDMUE',116),(2037954,113696,113696584,'8e97715ca8c7c4c5f8b31f77b3285523','003CDNQ8',116),(2037955,113697,113697571,'8b8ebb95a261ce3e1a5afb441b03b293','003CDOP3',116),(2037956,113698,113698438,'6afdd3c1bda00638f97d23ab5948dead','003CDPK6',116),(2037957,113699,113699742,'b5383e1ab8f29f7a3f01315ed5911869','003CDQSU',116),(2037958,113700,113700424,'67852cfd73b6c878dbe87eb2c6870067','003CDRI8',116),(2037959,113701,113701136,'215e8f02e529b5c1d549705d36e34765','003CDS8G',116),(2037960,113702,113702272,'427b6c3fa22a8b08981e0092c94f9c84','003CDTC0',116),(2037961,113703,113703102,'f91c95cc072af18b9518d60fa40dc8fa','003CDU5U',116),(2037962,113704,113704606,'942cbaaec1a531a418e9758848f3b57b','003CDVKU',116),(2037963,113705,113705210,'3379c935dc778439eb0c5b52c6ccd0bd','003CE07Q',116),(2037964,113706,113706751,'b780bbfabc1f78f5ff68dc045a7cdc50','003CE1NV',116),(2037965,113707,113707590,'0e6d3a58db980f4a820765147a0acfe0','003CE2I6',116);
/*!40000 ALTER TABLE `coms_participant_identifier` ENABLE KEYS */;
UNLOCK TABLES;

--
-- Dumping data for table `coms_participant_training_event`
--

LOCK TABLES `coms_participant_training_event` WRITE;
/*!40000 ALTER TABLE `coms_participant_training_event` DISABLE KEYS */;
/*!40000 ALTER TABLE `coms_participant_training_event` ENABLE KEYS */;
UNLOCK TABLES;

--
-- Dumping data for table `coms_proctor`
--

LOCK TABLES `coms_proctor` WRITE;
/*!40000 ALTER TABLE `coms_proctor` DISABLE KEYS */;
INSERT INTO `coms_proctor` VALUES (26539816,5,NULL,NULL,'Michelle','Rodriguez','0OMUATQB','be5341ec98addcf0341207746d07d9bb','779',49),(26539817,5,NULL,NULL,'Patrick','Collins','0OMUAU4D','f7c36a788147425f43c8060249a553c9','101',49),(26539818,5,NULL,NULL,'James','Reed','0OMUAVTJ','e34d8196c3c08ecc8241c2c145857ad8','931',49),(26539819,5,NULL,NULL,'Virginia','Hughes','0OMUB055','2a3c90c0d408f2ed4f69fb532755fa33','173',49),(26539820,5,NULL,NULL,'Donald','Wood','0OMUB163','3776af5b14ae794d473dc95e3ecf63ac','227',49),(26539821,5,NULL,NULL,'Linda','Foster','0OMUB263','3d482bc821ba880b4bfcb9a122cc3ded','251',49),(26539822,5,NULL,NULL,'Matthew','Torres','0OMUB3CT','788a340b5763113c1838180975351d1b','493',49),(26539823,5,NULL,NULL,'Douglas','Turner','0OMUB4MU','cc97159fcec0c53d789e586808781bf7','838',49),(26539824,5,NULL,NULL,'Jessica','Young','0OMUB5IE','af84804c84aa9fe48a0df0f3f6b7588b','718',49),(26539825,5,NULL,NULL,'Carolyn','Nelson','0OMUB6PN','ee3c2f645bf91b5b7b4bf0cd3dd4a1fa','975',49),(26539826,5,NULL,NULL,'Brian','Bennett','0OMUB7OO','ec855c865e8fe1af64d9a47f6d2f1ae3','968',49),(26539827,5,NULL,NULL,'Kathleen','Young','0OMUB8C9','90ffbf16c1973f77e40cbcb49648dfb9','593',49),(26539828,5,NULL,NULL,'Lisa','Allen','0OMUB9LH','def70f7645578683a0aa3448f1097b9f','913',49),(26539829,5,NULL,NULL,'Virginia','Torres','0OMUB9RE','fb73c5740e764e473efb29258b0f29b1','102',49),(26539830,5,NULL,NULL,'Betty','Baker','0OMUBBK2','df627bb715bb42ba8fd21ddb7b4ae126','914',49),(26539831,5,NULL,NULL,'Mary','Gonzales','0OMUBCKM','ea18653e406be2c5029655bd6f68c379','958',49),(26539832,5,NULL,NULL,'Andrew','Cooper','0OMUBD7R','8ba1024fda88cd5ded26d9eceefbcaf3','571',49),(26539833,5,NULL,NULL,'John','Walker','0OMUBDTK','417395f15eafa8082e4f1f2f263d59b3','268',49),(26539834,5,NULL,NULL,'Margaret','Jackson','0OMUBFGK','15fe1c74f15771a53b61d7c751fe88a2','900',49),(26539835,5,NULL,NULL,'David','Martin','0OMUBFU3','0817516714cf074a7ef0ac51ed554d31','331',49),(26539836,5,NULL,NULL,'Kevin','Barnes','0OMUBH6K','9961b4fa5a2b7c6bc2f9c33de230535c','628',49),(26539837,5,NULL,NULL,'Melissa','Richardson','0OMUBHUU','63502f00b7e6b57ef6455b686fa065f9','406',49),(26539838,5,NULL,NULL,'Steven','Powell','0OMUBJ87','b1880c198db5581e3a8ed33ec394ebc0','727',49),(26539839,6,NULL,NULL,'Christopher','Collins','0OMUBKF2','ecd4640abc5929d8e7151d821fdec988','970',49),(26539840,5,NULL,NULL,'Christine','Henderson','0OMUBKJ4','f44d96da28439f3aa9deefa17a5e691f','100',49),(26539841,5,NULL,NULL,'Kimberly','Gonzales','0OMUBLM7','3692272fa29a203048046779ce7fdf52','223',49),(26539842,5,NULL,NULL,'Donald','Rivera','0OMUBN34','a15cae8d0f9f584061d29b31bcc839e8','660',49),(26539843,6,NULL,NULL,'Dorothy','Martin','0OMUBNQM','6532194f593de3777c71c42d370cd4f8','414',49),(26539844,5,NULL,NULL,'Dorothy','Stewart','0OMUBOPQ','64485b5bbbacf055efc6784bc8943b79','410',49),(26539845,5,NULL,NULL,'Arthur','Hall','0OMUBPS6','7cb45021c467a7ddea7b6b3a7c855d61','510',49),(26539846,5,NULL,NULL,'Michelle','King','0OMUBQO3','629feefebff8ba1413f7b9d00339625d','403',49),(26539847,5,NULL,NULL,'Paul','Adams','0OMUBRNB','627cc6e828c9b34ea1a781807b57fe0c','403',49),(26539848,5,NULL,NULL,'Robert','Thompson','0OMUBSQD','0cd600e9e697f7cfbd2aea8f874f11d9','525',49),(26539849,5,NULL,NULL,'Stephen','Hughes','0OMUBTCC','f4672e47adec3373b89781f2dce13e98','100',49),(26539850,5,NULL,NULL,'Brian','Lopez','0OMUBUQG','8ca37b7ad568b6686eded58753c6ad44','576',49),(26539851,5,NULL,NULL,'Sharon','Jones','0OMUC05J','e93570bcdd4f22b3ae244583c1a1dcfb','955',49),(26539852,5,NULL,NULL,'Roger','Powell','0OMUC0IU','5d817b7857f97867ab46df598a8afca3','382',49),(26539853,5,NULL,NULL,'George','Russell','0OMUC1PG','96679dba8ac77d0da34f8e5efac4fcf7','616',49),(26539854,5,NULL,NULL,'Arthur','Perry','0OMUC2O5','91f9b57df593f93272e78f155486499f','597',49);
/*!40000 ALTER TABLE `coms_proctor` ENABLE KEYS */;
UNLOCK TABLES;

--
-- Dumping data for table `coms_proctor_email`
--

LOCK TABLES `coms_proctor_email` WRITE;
/*!40000 ALTER TABLE `coms_proctor_email` DISABLE KEYS */;
INSERT INTO `coms_proctor_email` VALUES (297,26539816,'jhirds.ujkxixpe@mail.com',122),(298,26539817,'pdvbcl_tkrdqwhzackvxyd@mail.com',122),(299,26539818,'mcafkkv_gmokgctlpbldiex@mail.com',122),(300,26539819,'zds_chdvsepnkshhqg@yahoo.com',122),(301,26539820,'ucbpfht_eelsetgatq@mail.com',122),(302,26539821,'ytw.clarioxt@yahoo.com',122),(303,26539822,'aimhs_qwlsckskegrqcon@mail.com',122),(304,26539823,'zex_fanklceorq@google.com',122),(305,26539824,'onyd.hyxrpainyoybk@mail.com',122),(306,26539825,'keqfht_lijttlasnano@google.com',122),(307,26539826,'iadlm.emvthdxzns@google.com',122),(308,26539827,'bcknib.rhkdlvummnfkkwb@mail.com',122),(309,26539828,'ood_xeaqbkyku@yahoo.com',122),(310,26539829,'dvrkjrf.xdxfgsslk@live.com',122),(311,26539830,'jiptaxn_nddgxugyifdyiw@yahoo.com',122),(312,26539831,'ucb.howsztusw@live.com',122),(313,26539832,'uzmrb.tomvolmeeu@live.com',122),(314,26539833,'iaecih.qpdvvrvbbrhkdn@google.com',122),(315,26539834,'dicwkk_bqahiwfn@yahoo.com',122),(316,26539835,'enckfxv_zjzuxgozc@mail.com',122),(317,26539836,'goy_xpgmqrot@mail.com',122),(318,26539837,'fmsa.trckutiksreyezl@yahoo.com',122),(319,26539838,'yyxymp_xvoegrsohtvy@google.com',122),(320,26539839,'btnpq.dmxeeidrqmjmhah@yahoo.com',122),(321,26539840,'lmcpzfb_fbrdrzwlqiuw@google.com',122),(322,26539841,'ura.ezjwhvidheyis@live.com',122),(323,26539842,'uft_spwnzjxluum@google.com',122),(324,26539843,'trelwa.avdgvjghiuyhp@google.com',122),(325,26539844,'xeamha.aleohssl@google.com',122),(326,26539845,'zwhgugv.vsepoydtvvt@yahoo.com',122),(327,26539846,'bmfpzf.pywlpqjycrew@mail.com',122),(328,26539847,'nehxssn.lcdihljnbslc@google.com',122),(329,26539848,'dmyi_zvhyxqmowk@yahoo.com',122),(330,26539849,'uvs.xwpjcjlgjjuuol@live.com',122),(331,26539850,'jety.kwefmuolykg@mail.com',122),(332,26539851,'xuecv_dygmpnumfgqliff@yahoo.com',122),(333,26539852,'zactn.ppecykesqjwgrou@yahoo.com',122),(334,26539853,'aimvu.uppituqu@mail.com',122),(335,26539854,'sot.pkfycqwmgbldj@yahoo.com',122);
/*!40000 ALTER TABLE `coms_proctor_email` ENABLE KEYS */;
UNLOCK TABLES;

--
-- Dumping data for table `coms_role`
--

LOCK TABLES `coms_role` WRITE;
/*!40000 ALTER TABLE `coms_role` DISABLE KEYS */;
/*!40000 ALTER TABLE `coms_role` ENABLE KEYS */;
UNLOCK TABLES;

--
-- Dumping data for table `coms_role_LIAMUSER`
--

LOCK TABLES `coms_role_LIAMUSER` WRITE;
/*!40000 ALTER TABLE `coms_role_LIAMUSER` DISABLE KEYS */;
/*!40000 ALTER TABLE `coms_role_LIAMUSER` ENABLE KEYS */;
UNLOCK TABLES;

--
-- Dumping data for table `coms_trainer`
--

LOCK TABLES `coms_trainer` WRITE;
/*!40000 ALTER TABLE `coms_trainer` DISABLE KEYS */;
INSERT INTO `coms_trainer` VALUES (17239801,5,NULL,'Frances','Evans','0G1P4VQV','a9ea1a1b97f8a4fc2b964e3f4c1bc59f','695',41),(17239802,5,NULL,'Jose','Scott','0G1P50VO','154f492b6fea0c726431cac4f7b8faba','872',41),(17239803,5,NULL,'John','Thomas','0G1P51AG','34c65bf5336a929dc5c0625cd818ccc7','216',40),(17239804,5,NULL,'Matthew','Taylor','0G1P5325','f38ad86ca1d467b7369bc5031b8958f9','997',40),(17239805,5,NULL,'Patricia','Long','0G1P537H','29541981e1fcccdeb08d06a6af96dfa2','169',40),(17239806,5,NULL,'Lisa','Edwards','0G1P54CI','56a242cab8f42baf0ff20c4a3c115cc7','354',40),(17239807,5,NULL,'Walter','Rivera','0G1P553U','fb36c2a0f16d174adcbdbbecca663568','102',40),(17239808,5,NULL,'Jeffrey','Jackson','0G1P5638','19744dc3c017b8c09a66c3b3d28129f7','104',40),(17239809,5,NULL,'Carolyn','Jenkins','0G1P576N','3a68cf33bb6ed4d737fa725b5ba636d2','239',40),(17239810,5,NULL,'Eric','Kelly','0G1P58Q4','d7fb7b3d3f50c4d4da4449d9b814595a','884',40),(17239811,5,NULL,'Jerry','Cox','0G1P592Q','279e4dd02be0ace4a03f8aa7f6e4699d','162',40),(17239812,5,NULL,'Douglas','Morris','0G1P5A06','fa346e4723723d2ff0c5d2ea5c84857a','102',40),(17239813,5,NULL,'Ryan','King','0G1P5BD2','835ac624423a42fa07c85fa42cd19ae5','538',40),(17239814,5,NULL,'Larry','Foster','0G1P5BUM','faee4a8c13cf0abfcfe03512ae957bc6','102',40),(17239815,5,NULL,'Ann','Jones','0G1P5D1C','33e90be224023086f49aa69ebe64d161','212',40),(17239816,5,NULL,'Mark','Lee','0G1P5EKK','d020bab12a03d340ce6bba1be6b2faa5','852',40),(17239817,5,NULL,'Ruth','Martinez','0G1P5F10','3cc7ee1eb00dc30e8efea53520441a26','248',40),(17239818,5,NULL,'Dennis','Roberts','0G1P5GME','025729c2e0ad52889a85fc25f4ec529c','958',40),(17239819,6,NULL,'Pamela','Turner','0G1P5HDP','113a5552ddeb53f15cacc3149f790d69','705',40),(17239820,5,NULL,'Ryan','Cook','0G1P5I0H','4ab2480b4f21d5fb42cc991ee608829a','305',40),(17239821,6,NULL,'Harold','Ramirez','0G1P5JAA','9ce248261c91604395cad65b1272daac','642',40),(17239822,5,NULL,'Marie','Hill','0G1P5KHJ','db7bdae3cb367b595dd81b5293f9ae98','899',40),(17239823,5,NULL,'Ann','Long','0G1P5LHB','df7e523119c2b1ca5f8e3a418245f147','915',40),(17239824,5,NULL,'Ronald','Turner','0G1P5M7J','9939ba7ba7895836c8ae1cdd84b14e88','627',40),(17239825,5,NULL,'Ann','Stewart','0G1P5N5H','8ee50aa2f88c7e7be24c8cdad6cfc0d4','585',40),(17239826,5,NULL,'Stephen','Coleman','0G1P5NNF','26fa79525771aba63e749a6bf325173b','159',40),(17239827,5,NULL,'Elizabeth','Williams','0G1P5PAV','c51fdbb335c426b23141362bfd252c6c','807',40),(17239828,5,NULL,'Patrick','Moore','0G1P5Q0S','7c112150d362091bc87b805e55084645','508',40),(17239829,5,NULL,'Arthur','Edwards','0G1P5R4H','9e967d79992e50ce73718a8f4e2880f5','649',40),(17239830,5,NULL,'Jeffrey','Edwards','0G1P5RKN','28fe9ebc8fb8f0bf89dc3d8f68c2ecdd','167',40),(17239831,5,NULL,'Andrew','Griffin','0G1P5SM9','3af9af3db4d62a268574e47dd7af3c3c','241',40),(17239832,5,NULL,'Patrick','Robinson','0G1P5U8S','d22ea9999c5be803bc4f0071fa084e23','860',40);
/*!40000 ALTER TABLE `coms_trainer` ENABLE KEYS */;
UNLOCK TABLES;

--
-- Dumping data for table `coms_trainer_email`
--

LOCK TABLES `coms_trainer_email` WRITE;
/*!40000 ALTER TABLE `coms_trainer_email` DISABLE KEYS */;
INSERT INTO `coms_trainer_email` VALUES (703,17239801,'nyge_yrnpiyrobaaxp@google.com',131),(704,17239802,'yja_qjyrmjirqf@google.com',131),(705,17239802,'sinrmj.lgxwphtuqrnoeh@mail.com',131),(706,17239803,'qkfdnc_llvuojfyeycrdqt@mail.com',131),(707,17239803,'apxbay_rezgiwiz@google.com',131),(708,17239804,'uik_czowsypfm@mail.com',131),(709,17239805,'nej_dxbooecb@google.com',131),(710,17239806,'zvd_bvwukqachwkl@google.com',131),(711,17239807,'trfggpd_eekjrfcuytwda@live.com',131),(712,17239808,'mhbwc_alfujinsoxyafzi@live.com',131),(713,17239809,'crcdh_wnbpxqpzx@mail.com',131),(714,17239810,'zevcgy.gdzmkrcnm@mail.com',131),(715,17239811,'vpmhx_zhllxcxdjaazwic@live.com',131),(716,17239812,'mukzzx_pzcolpqjqhnuhfd@google.com',131),(717,17239813,'soquh.ophqjyozz@yahoo.com',131),(718,17239814,'rlftrc_hytauvxy@yahoo.com',131),(719,17239815,'enzp.zlhbnjfbclauv@mail.com',131),(720,17239816,'ruzrt_mfnzhqgks@google.com',131),(721,17239817,'cjmf.znsxmrytzjwgpg@yahoo.com',131),(722,17239818,'ppconw_zvcbbazu@live.com',131),(723,17239819,'nnbjqe_ycqvgsxj@yahoo.com',131),(724,17239820,'usddg_zqhovofjw@mail.com',131),(725,17239821,'hdts.vzjypffmeqrnn@google.com',131),(726,17239822,'nnbhmk_zafxyywmqrosva@live.com',131),(727,17239823,'kxhekoo.orqeaqzac@live.com',131),(728,17239824,'hitkxh_skzowsxi@google.com',131),(729,17239825,'scjrq.zkztslynsorqf@google.com',131),(730,17239826,'grq_clxfiaaeberwj@google.com',131),(731,17239827,'omplig.ubwgocvwmxbrcm@google.com',131),(732,17239828,'zqhne.viexxwpmdbzt@mail.com',131),(733,17239829,'ooazu_jzubwfmrwjgcuoo@mail.com',131),(734,17239830,'itr_qpdxbpueygk@yahoo.com',131),(735,17239831,'gizfoef_cwalgwpj@yahoo.com',131),(736,17239832,'fdd_gobqzbged@yahoo.com',131);
/*!40000 ALTER TABLE `coms_trainer_email` ENABLE KEYS */;
UNLOCK TABLES;

--
-- Dumping data for table `coms_trainer_exam`
--

LOCK TABLES `coms_trainer_exam` WRITE;
/*!40000 ALTER TABLE `coms_trainer_exam` DISABLE KEYS */;
INSERT INTO `coms_trainer_exam` VALUES (3924577,17239801,157281,43),(3924578,17239801,157282,43),(3924579,17239801,157283,43),(3924580,17239801,157284,43),(3924581,17239801,157285,43),(3924582,17239801,157290,43),(3924583,17239801,157288,43),(3924584,17239801,157289,43),(3924585,17239802,157281,43),(3924586,17239802,157282,43),(3924587,17239802,157283,43),(3924588,17239802,157284,43),(3924589,17239802,157288,43),(3924590,17239802,157289,43),(3924591,17239802,157294,43),(3924592,17239802,157295,43),(3924593,17239802,157296,43),(3924594,17239802,157297,43),(3924595,17239802,157298,43),(3924596,17239803,157281,43),(3924597,17239803,157282,43),(3924598,17239803,157283,43),(3924599,17239803,157284,43),(3924600,17239803,157288,43),(3924601,17239803,157289,43),(3924602,17239803,157294,43),(3924603,17239803,157295,43),(3924604,17239803,157296,43),(3924605,17239803,157297,43),(3924606,17239803,157298,43),(3924607,17239804,157281,43),(3924608,17239804,157282,43),(3924609,17239804,157283,43),(3924610,17239804,157284,43),(3924611,17239804,157285,43),(3924612,17239804,157286,43),(3924614,17239804,157288,43),(3924615,17239804,157289,43),(3924616,17239804,157290,43),(3924617,17239804,157291,43),(3924618,17239804,157292,43),(3924619,17239804,157293,43),(3924625,17239807,157281,43),(3924626,17239807,157282,43),(3924627,17239807,157283,43),(3924628,17239807,157284,43),(3924634,17239807,157290,43),(3924643,17239808,157281,43),(3924644,17239808,157282,43),(3924645,17239808,157283,43),(3924646,17239808,157284,43),(3924650,17239808,157288,43),(3924651,17239808,157289,43),(3924670,17239809,157290,43),(3924671,17239809,157291,43),(3924672,17239809,157292,43),(3924673,17239809,157293,43),(3924679,17239810,157281,43),(3924680,17239810,157282,43),(3924681,17239810,157283,43),(3924682,17239810,157284,43),(3924688,17239810,157290,43),(3924689,17239810,157291,43),(3924697,17239811,157281,43),(3924699,17239811,157283,43),(3924701,17239811,157285,43),(3924706,17239811,157290,43),(3924755,17239812,157285,43),(3924756,17239812,157286,43),(3924769,17239813,157281,43),(3924770,17239813,157282,43),(3924771,17239813,157283,43),(3924772,17239813,157284,43),(3924773,17239813,157285,43),(3924776,17239813,157288,43),(3924777,17239813,157289,43),(3924778,17239813,157290,43),(3924779,17239813,157291,43),(3924780,17239813,157292,43),(3924781,17239813,157293,43),(3924787,17239814,157281,43),(3924788,17239814,157282,43),(3924791,17239814,157285,43),(3924794,17239814,157288,43),(3924795,17239814,157289,43),(3924805,17239815,157281,43),(3924806,17239815,157282,43),(3924807,17239815,157283,43),(3924808,17239815,157284,43),(3924812,17239815,157288,43),(3924813,17239815,157289,43),(3924823,17239805,157281,43),(3924824,17239805,157282,43),(3924825,17239805,157283,43),(3924826,17239805,157285,43),(3924827,17239805,157286,43),(3924828,17239805,157288,43),(3924829,17239805,157289,43),(3924830,17239805,157290,43),(3924831,17239805,157291,43),(3924832,17239805,157292,43),(3924833,17239805,157293,43),(3924834,17239805,157294,43),(3924835,17239806,157281,43),(3924836,17239806,157282,43),(3924837,17239806,157283,43),(3924838,17239806,157284,43),(3924839,17239806,157285,43),(3924840,17239806,157286,43),(3924841,17239806,157287,43),(3924842,17239806,157288,43),(3924843,17239806,157289,43),(3924844,17239806,157290,43),(3924845,17239806,157291,43),(3924846,17239806,157292,43),(3924847,17239806,157293,43),(3924848,17239806,157294,43),(3924849,17239806,157295,43),(3924850,17239806,157296,43),(3924851,17239806,157297,43),(3924852,17239806,157298,43),(3924853,17239816,157281,43),(3924854,17239817,157281,43),(3924855,17239817,157282,43),(3924856,17239817,157283,43),(3924857,17239817,157284,43),(3924858,17239817,157285,43),(3924859,17239817,157286,43),(3924860,17239817,157287,43),(3924861,17239817,157288,43),(3924862,17239817,157289,43),(3924863,17239817,157290,43),(3924864,17239817,157291,43),(3924865,17239817,157292,43),(3924866,17239817,157293,43),(3924867,17239817,157294,43),(3924868,17239817,157295,43),(3924869,17239817,157296,43),(3924870,17239817,157297,43),(3924871,17239817,157298,43),(3924872,17239818,157294,43),(3924873,17239819,157312,43),(3924874,17239819,157313,43),(3924875,17239819,157314,43),(3924876,17239819,157315,43),(3924877,17239819,157316,43),(3924878,17239820,157294,43),(3924879,17239801,157317,43),(3924880,17239805,157317,43),(3924881,17239804,157317,43),(3924882,17239831,157281,43),(3924883,17239831,157282,43),(3924884,17239831,157288,43),(3924885,17239831,157289,43),(3924886,17239831,157320,43),(3924887,17239832,157281,43),(3924888,17239832,157282,43),(3924889,17239832,157288,43),(3924890,17239832,157289,43),(3924891,17239832,157320,43);
/*!40000 ALTER TABLE `coms_trainer_exam` ENABLE KEYS */;
UNLOCK TABLES;

--
-- Dumping data for table `coms_training`
--

LOCK TABLES `coms_training` WRITE;
/*!40000 ALTER TABLE `coms_training` DISABLE KEYS */;
/*!40000 ALTER TABLE `coms_training` ENABLE KEYS */;
UNLOCK TABLES;

--
-- Dumping data for table `coms_training_event`
--

LOCK TABLES `coms_training_event` WRITE;
/*!40000 ALTER TABLE `coms_training_event` DISABLE KEYS */;
/*!40000 ALTER TABLE `coms_training_event` ENABLE KEYS */;
UNLOCK TABLES;

--
-- Dumping data for table `coms_training_organisation`
--

LOCK TABLES `coms_training_organisation` WRITE;
/*!40000 ALTER TABLE `coms_training_organisation` DISABLE KEYS */;
INSERT INTO `coms_training_organisation` VALUES (773532,5,'OrgansationRodriguez','Wilson','00N1MAN3','387','5eaf1b26e33089eadf2d3652262f5dc0','','tlzcrc.rgeflrzvk@live.com',62),(773533,5,'OrgansationBaker','Wright','00N1MC5B','867','d3e2049b15787580c9ab5f824f1444eb','','lfvcw_kbbdmaskefofhw@yahoo.com',62),(773534,5,'OrgansationRivera','Kelly','00N1MCR1','561','8909851e0905f27cc9051c00aecb1272','','wdbpcsf.juupsslbnukqzzb@google.com',62),(773535,5,'OrgansationBrown','Morris','00N1MDF6','206','324ec437063c76b9a17bb26e510db086','','mwuzk.eqqfgpdadrbgz@yahoo.com',58),(773536,5,'OrgansationTurner','Adams','00N1MELB','427','686bad9015734e8e5101330cf47a7394','','mhyodzm_iysripzeyyaetil@google.com',58),(773537,5,'OrgansationMorris','Martin','00N1MFTD','709','ad249bd9e799e8151dcf4625ae9ffbef','','elpxfl_nxzcptxidenanp@yahoo.com',58),(773538,5,'OrgansationParker','Russell','00N1MGB8','152','2529b107736b862c3daca397d0b3e940','','liihlj_nyebsjsojzxm@live.com',58),(773539,6,'OrgansationDiaz','Foster','00N1MH9N','127','1f3f1af84676e76474751cda6d2ac571','','srhw.imjmendzcqyv@google.com',62),(773540,5,'OrgansationHoward','Bailey','00N1MIPO','664','a232216b57c85d024face8dc48212f48','','bmfrky_voiabfwt@yahoo.com',58),(773541,5,'OrgansationCarter','Simmons','00N1MJTA','802','c3ee68cde072bc79ee111828192b435f','','llx.nzjuxcuso@yahoo.com',58),(773542,5,'OrgansationAdams','Morgan','00N1MK77','119','1d15997e83257f91b326bb7a53dcf6ed','','tdim_gqljjuwxdsgakyo@mail.com',58),(773543,5,'OrgansationJohnson','Hall','00N1MLBD','277','43d666fdef0e3197920073152aa6fba9','','gkhi_xnxblceplvw@mail.com',58),(773544,5,'OrgansationParker','Simmons','00N1MMJA','554','87757c2b7b112ba1cf48e56ae1bcc278','','fgsrcn.udifbslysyoy@google.com',58),(773545,5,'OrgansationSimmons','Martin','00N1MNGT','501','7a8cdaf369d25eecd8a3aa95ffdeaf6d','','zlgueoh_nrtshkcjauy@yahoo.com',58),(773546,5,'OrgansationCooper','Hall','00N1MOLN','679','a5e1fbbc645960024d63dad84d701f0e','','khdzebr.ivbwfjfzqf@google.com',58),(773547,5,'OrgansationGreen','White','00N1MPU3','971','ed3ae9446c92674ce094259fec83b953','','qvdv.unhwnyghxhrmjm@google.com',58);
/*!40000 ALTER TABLE `coms_training_organisation` ENABLE KEYS */;
UNLOCK TABLES;

--
-- Dumping data for table `coms_training_organisation_exam`
--

LOCK TABLES `coms_training_organisation_exam` WRITE;
/*!40000 ALTER TABLE `coms_training_organisation_exam` DISABLE KEYS */;
INSERT INTO `coms_training_organisation_exam` VALUES (5929853,773532,157281,70),(5929854,773532,157282,70),(5929855,773532,157283,70),(5929856,773532,157284,70),(5929857,773532,157285,70),(5929858,773532,157286,70),(5929859,773532,157287,70),(5929860,773532,157288,70),(5929861,773532,157289,70),(5929862,773532,157290,70),(5929863,773532,157291,70),(5929864,773532,157292,70),(5929865,773532,157293,70),(5929866,773532,157294,70),(5929867,773532,157295,70),(5929868,773532,157296,70),(5929869,773532,157297,70),(5929870,773532,157298,70),(5929871,773533,157281,70),(5929872,773534,157282,70),(5929873,773534,157283,70),(5929874,773534,157284,70),(5929875,773534,157285,70),(5929876,773534,157286,70),(5929877,773534,157287,70),(5929878,773534,157288,70),(5929879,773534,157289,70),(5929880,773534,157290,70),(5929881,773534,157291,70),(5929882,773534,157292,70),(5929883,773534,157293,70),(5929884,773533,157294,70),(5929885,773534,157295,70),(5929886,773534,157296,70),(5929887,773534,157297,70),(5929888,773534,157298,70),(5929889,773534,157281,70),(5929890,773534,157294,70),(5929891,773532,157299,70),(5929892,773532,157300,70),(5929893,773532,157301,70),(5929894,773532,157302,70),(5929895,773532,157303,70),(5929896,773532,157304,70),(5929897,773532,157305,70),(5929898,773532,157306,70),(5929899,773532,157307,70),(5929900,773532,157308,70),(5929901,773532,157309,70),(5929902,773532,157310,70),(5929903,773532,157311,70),(5929904,773532,157312,70),(5929905,773532,157313,70),(5929906,773532,157314,70),(5929907,773532,157315,70),(5929908,773532,157316,70),(5929909,773534,157299,70),(5929910,773534,157300,70),(5929911,773534,157301,70),(5929912,773534,157302,70),(5929913,773534,157303,70),(5929914,773534,157304,70),(5929915,773534,157305,70),(5929916,773534,157306,70),(5929917,773534,157307,70),(5929918,773534,157308,70),(5929919,773534,157309,70),(5929920,773534,157310,70),(5929921,773534,157311,70),(5929922,773534,157312,70),(5929923,773534,157313,70),(5929924,773534,157314,70),(5929925,773534,157315,70),(5929926,773534,157316,70),(5929927,773539,157294,70),(5929928,773539,157295,70),(5929929,773539,157296,70),(5929930,773539,157297,70),(5929931,773539,157298,70),(5929932,773539,157312,70),(5929933,773539,157313,70),(5929934,773539,157314,70),(5929935,773539,157315,70),(5929936,773539,157316,70),(5929937,773542,157318,70);
/*!40000 ALTER TABLE `coms_training_organisation_exam` ENABLE KEYS */;
UNLOCK TABLES;

--
-- Dumping data for table `coms_training_organisation_proctor`
--

LOCK TABLES `coms_training_organisation_proctor` WRITE;
/*!40000 ALTER TABLE `coms_training_organisation_proctor` DISABLE KEYS */;
INSERT INTO `coms_training_organisation_proctor` VALUES (19,773532,26539816,140),(20,773532,26539817,140),(21,773533,26539818,140),(22,773533,26539816,140),(23,773533,26539817,140),(24,773534,26539819,140),(25,773534,26539820,140),(26,773532,26539821,140),(27,773532,26539822,140),(28,773532,26539823,140),(29,773532,26539824,140),(30,773532,26539825,140),(31,773532,26539826,140),(32,773532,26539827,140),(33,773532,26539828,140),(34,773532,26539829,140),(35,773532,26539830,140),(36,773532,26539831,140),(37,773532,26539832,140),(38,773532,26539833,140),(39,773532,26539834,140),(40,773532,26539835,140),(41,773532,26539836,140),(42,773534,26539837,140),(43,773534,26539838,140),(44,773539,26539839,140),(45,773541,26539840,140),(46,773541,26539841,140),(47,773532,26539842,140),(48,773539,26539843,140),(49,773542,26539844,140),(50,773542,26539845,140),(51,773545,26539846,140),(52,773543,26539847,140),(53,773546,26539848,140),(54,773544,26539849,140),(55,773546,26539850,140),(56,773546,26539851,140),(57,773544,26539852,140),(58,773547,26539853,140),(59,773547,26539854,140);
/*!40000 ALTER TABLE `coms_training_organisation_proctor` ENABLE KEYS */;
UNLOCK TABLES;

--
-- Dumping data for table `coms_training_organisation_trainer`
--

LOCK TABLES `coms_training_organisation_trainer` WRITE;
/*!40000 ALTER TABLE `coms_training_organisation_trainer` DISABLE KEYS */;
INSERT INTO `coms_training_organisation_trainer` VALUES (1,773532,17239804,46),(2,773532,17239805,46),(3,773532,17239806,46),(4,773532,17239807,46),(5,773532,17239808,46),(6,773532,17239809,46),(7,773532,17239810,46),(8,773532,17239811,46),(9,773532,17239812,46),(10,773532,17239813,46),(11,773532,17239814,46),(12,773532,17239815,46),(13,773532,17239801,46),(14,773532,17239802,46),(15,773532,17239803,46),(16,773533,17239801,46),(17,773533,17239802,46),(18,773533,17239803,46),(19,773532,17239816,46),(20,773534,17239817,46),(21,773532,17239818,46),(22,773539,17239819,46),(23,773539,17239803,46),(24,773541,17239820,46),(25,773539,17239821,46),(26,773542,17239822,46),(27,773542,17239823,46),(28,773545,17239824,46),(29,773544,17239825,46),(30,773543,17239826,46),(31,773543,17239827,46),(32,773546,17239828,46),(33,773544,17239829,46),(34,773544,17239830,46),(35,773547,17239831,46),(36,773547,17239832,46);
/*!40000 ALTER TABLE `coms_training_organisation_trainer` ENABLE KEYS */;
UNLOCK TABLES;

--
-- Dumping data for table `state`
--

LOCK TABLES `state` WRITE;
/*!40000 ALTER TABLE `state` DISABLE KEYS */;
INSERT INTO `state` VALUES (27,'new',NULL,1,5,NULL,NULL),(28,'prepared',NULL,0,5,NULL,NULL),(29,'participated ',NULL,0,5,NULL,NULL),(30,'not participated',NULL,0,5,NULL,NULL),(31,'succeeded',NULL,0,5,NULL,NULL),(32,'failed',NULL,0,5,NULL,NULL),(33,'new',NULL,1,4,NULL,NULL),(34,'bookable',NULL,0,4,'// Generate hashes 876326',NULL),(35,'bookable ready',NULL,0,4,NULL,NULL),(36,'ready',NULL,0,4,NULL,NULL),(37,'upheld',NULL,0,4,NULL,NULL),(38,'closed',NULL,0,4,NULL,NULL),(39,'canceled',NULL,0,4,NULL,NULL),(40,'new',NULL,1,7,NULL,NULL),(41,'active',NULL,0,7,NULL,NULL),(42,'inactive',NULL,0,7,NULL,NULL),(43,'new',NULL,1,8,NULL,NULL),(44,'active',NULL,0,8,NULL,NULL),(45,'inactive',NULL,0,8,NULL,NULL),(46,'new',NULL,1,10,NULL,NULL),(47,'active',NULL,0,10,NULL,NULL),(48,'inactive',NULL,0,10,NULL,NULL),(49,'new',NULL,1,6,NULL,NULL),(50,'active',NULL,0,6,NULL,NULL),(51,'inactive',NULL,0,6,NULL,NULL),(55,'new',NULL,1,1,NULL,NULL),(56,'active',NULL,0,1,NULL,NULL),(57,'inactive',NULL,0,1,NULL,NULL),(58,'registered (new)',NULL,1,9,NULL,NULL),(59,'classified',NULL,0,9,NULL,NULL),(60,'offer accepted',NULL,0,9,NULL,NULL),(61,'offer declined',NULL,0,9,NULL,NULL),(62,'temp. accredited',NULL,0,9,NULL,NULL),(63,'document audit succesfull',NULL,0,9,NULL,NULL),(64,'init audit succesfull',NULL,0,9,NULL,NULL),(65,'audit succesfull',NULL,0,9,NULL,NULL),(66,'accredited',NULL,0,9,NULL,NULL),(67,'accredited withdrawn',NULL,0,9,NULL,NULL),(68,'tmp accredited withdrawn',NULL,0,9,NULL,NULL),(69,'canceled',NULL,0,9,NULL,NULL),(70,'new',NULL,1,11,NULL,NULL),(71,'active',NULL,0,11,NULL,NULL),(72,'inactive',NULL,0,11,NULL,NULL),(73,'requested',NULL,1,2,'// Requested inscript: coms_certificate_participant',NULL),(74,'issued',NULL,0,2,NULL,NULL),(75,'revoked',NULL,0,2,NULL,NULL),(76,'new',NULL,1,3,'// [IN-Script]',NULL),(77,'orderable',NULL,0,3,NULL,NULL),(78,'not orderable any more',NULL,0,3,NULL,NULL),(82,'not verified',NULL,0,2,NULL,NULL),(83,'verified',NULL,0,2,NULL,NULL),(84,'canceled',NULL,0,2,NULL,NULL),(85,'canceled',NULL,0,5,NULL,NULL),(86,'new',NULL,1,12,NULL,NULL),(87,'active',NULL,0,12,NULL,NULL),(88,'inactive',NULL,0,12,NULL,NULL),(89,'new',NULL,1,13,NULL,NULL),(90,'active',NULL,0,13,NULL,NULL),(91,'inactive',NULL,0,13,NULL,NULL),(92,'new',NULL,1,14,NULL,NULL),(93,'active',NULL,0,14,NULL,NULL),(94,'inactive',NULL,0,14,NULL,NULL),(95,'new',NULL,1,15,NULL,NULL),(96,'active',NULL,0,15,NULL,NULL),(97,'inactive',NULL,0,15,NULL,NULL),(98,'new',NULL,1,16,NULL,NULL),(99,'active',NULL,0,16,NULL,NULL),(100,'inactive',NULL,0,16,NULL,NULL),(101,'new',NULL,1,17,NULL,NULL),(102,'active',NULL,0,17,NULL,NULL),(103,'inactive',NULL,0,17,NULL,NULL),(104,'new',NULL,1,18,NULL,NULL),(105,'active',NULL,0,18,NULL,NULL),(106,'inactive',NULL,0,18,NULL,NULL),(107,'new',NULL,1,19,NULL,NULL),(108,'active',NULL,0,19,NULL,NULL),(109,'inactive',NULL,0,19,NULL,NULL),(110,'new',NULL,1,20,'$message = \"\";',NULL),(111,'active',NULL,0,20,NULL,NULL),(112,'inactive',NULL,0,20,NULL,NULL),(113,'new',NULL,1,21,NULL,NULL),(114,'active',NULL,0,21,NULL,NULL),(115,'inactive',NULL,0,21,NULL,NULL),(116,'new',NULL,1,22,NULL,NULL),(117,'active',NULL,0,22,NULL,NULL),(118,'inactive',NULL,0,22,NULL,NULL),(119,'new',NULL,1,23,NULL,NULL),(120,'active',NULL,0,23,NULL,NULL),(121,'inactive',NULL,0,23,NULL,NULL),(122,'new',NULL,1,24,NULL,NULL),(123,'active',NULL,0,24,NULL,NULL),(124,'inactive',NULL,0,24,NULL,NULL),(125,'new',NULL,1,25,NULL,NULL),(126,'active',NULL,0,25,NULL,NULL),(127,'inactive',NULL,0,25,NULL,NULL),(128,'new',NULL,1,26,NULL,NULL),(129,'active',NULL,0,26,NULL,NULL),(130,'inactive',NULL,0,26,NULL,NULL),(131,'new',NULL,1,27,NULL,NULL),(132,'active',NULL,0,27,NULL,NULL),(133,'inactive',NULL,0,27,NULL,NULL),(134,'new',NULL,1,28,NULL,NULL),(135,'active',NULL,0,28,NULL,NULL),(136,'inactive',NULL,0,28,NULL,NULL),(137,'new',NULL,1,29,NULL,NULL),(138,'active',NULL,0,29,NULL,NULL),(139,'inactive',NULL,0,29,NULL,NULL),(140,'new',NULL,1,30,NULL,NULL),(141,'active',NULL,0,30,NULL,NULL),(142,'inactive',NULL,0,30,NULL,NULL),(147,'add participants',NULL,0,4,NULL,NULL),(148,'xxxxxxxxxxxxxxxxx',NULL,0,30,NULL,NULL);
/*!40000 ALTER TABLE `state` ENABLE KEYS */;
UNLOCK TABLES;

--
-- Dumping data for table `state_machines`
--

LOCK TABLES `state_machines` WRITE;
/*!40000 ALTER TABLE `state_machines` DISABLE KEYS */;
INSERT INTO `state_machines` VALUES (1,'coms_certificate',NULL,'<form>\n<div class=\"form-group row\">\n	<label class=\"col-sm-3 col-form-label\">Coms_certificate_type_id</label>\n	<div class=\"col-sm-9\">\n		<div class=\"input-group\">\n          <div class=\"input-group-prepend\">\n            <input type=\"hidden\" name=\"coms_certificate_type_id\" value=\"\" class=\"inputFK\"/>\n            <button class=\"btn btn-outline-secondary fKey\" type=\"button\" onclick=\"selectForeignKey(this)\">Select...</button>\n          </div>\n          <div class=\"input-group-append\">\n            <span class=\"input-group-text fkval\"></span>\n          </div>\n        </div>\n	</div>\n</div>\n<div class=\"form-group row\">\n	<label class=\"col-sm-3 col-form-label\">Coms_certificate_name</label>\n	<div class=\"col-sm-9\">\n		<textarea rows=\"4\" class=\"form-control editor\" name=\"coms_certificate_name\"></textarea>\n	</div>\n</div>\n<div class=\"form-group row\">\n	<label class=\"col-sm-3 col-form-label\">Coms_certificate_description</label>\n	<div class=\"col-sm-9\">\n		<textarea rows=\"4\" class=\"form-control editor\" name=\"coms_certificate_description\"></textarea>\n	</div>\n</div>\n<div class=\"form-group row\">\n	<label class=\"col-sm-3 col-form-label\">Coms_certificate_id_md5</label>\n	<div class=\"col-sm-9\">\n		<input type=\"text\" class=\"form-control\" name=\"coms_certificate_id_md5\" value=\"\">\n	</div>\n</div>\n<div class=\"form-group row\">\n	<label class=\"col-sm-3 col-form-label\">Coms_certificate_3digit</label>\n	<div class=\"col-sm-9\">\n		<input type=\"text\" class=\"form-control\" name=\"coms_certificate_3digit\" value=\"\">\n	</div>\n</div>\n<div class=\"form-group row\">\n	<label class=\"col-sm-3 col-form-label\">Coms_certificate_id_base32</label>\n	<div class=\"col-sm-9\">\n		<input type=\"text\" class=\"form-control\" name=\"coms_certificate_id_base32\" value=\"\">\n	</div>\n</div>\n<div class=\"form-group row\">\n	<label class=\"col-sm-3 col-form-label\">Coms_certificate_intro</label>\n	<div class=\"col-sm-9\">\n		<textarea rows=\"4\" class=\"form-control editor\" name=\"coms_certificate_intro\"></textarea>\n	</div>\n</div>\n<div class=\"form-group row\">\n	<label class=\"col-sm-3 col-form-label\">Coms_certificate_valid_months</label>\n	<div class=\"col-sm-9\">\n		<input type=\"number\" class=\"form-control\" name=\"coms_certificate_valid_months\">\n	</div>\n</div>\n</form>'),(2,'coms_certificate_participant',NULL,'<form>\n<div class=\"form-group row\">\n	<label class=\"col-sm-3 col-form-label\">Coms_certificate_id</label>\n	<div class=\"col-sm-9\">\n		<div class=\"input-group\">\n          <div class=\"input-group-prepend\">\n            <input type=\"hidden\" name=\"coms_certificate_id\" value=\"\" class=\"inputFK\"/>\n            <button class=\"btn btn-outline-secondary fKey\" type=\"button\" onclick=\"selectForeignKey(this)\">Select...</button>\n          </div>\n          <div class=\"input-group-append\">\n            <span class=\"input-group-text fkval\"></span>\n          </div>\n        </div>\n	</div>\n</div>\n<div class=\"form-group row\">\n	<label class=\"col-sm-3 col-form-label\">Coms_participant_id</label>\n	<div class=\"col-sm-9\">\n		<div class=\"input-group\">\n          <div class=\"input-group-prepend\">\n            <input type=\"hidden\" name=\"coms_participant_id\" value=\"\" class=\"inputFK\"/>\n            <button class=\"btn btn-outline-secondary fKey\" type=\"button\" onclick=\"selectForeignKey(this)\">Select...</button>\n          </div>\n          <div class=\"input-group-append\">\n            <span class=\"input-group-text fkval\"></span>\n          </div>\n        </div>\n	</div>\n</div>\n<div class=\"form-group row\">\n	<label class=\"col-sm-3 col-form-label\">Coms_certificate_participant_date</label>\n	<div class=\"col-sm-9\">\n		<input type=\"date\" class=\"form-control\" name=\"coms_certificate_participant_date\">\n	</div>\n</div>\n<div class=\"form-group row\">\n	<label class=\"col-sm-3 col-form-label\">Coms_certificate_participant_description</label>\n	<div class=\"col-sm-9\">\n		<textarea rows=\"4\" class=\"form-control editor\" name=\"coms_certificate_participant_description\"></textarea>\n	</div>\n</div>\n<div class=\"form-group row\">\n	<label class=\"col-sm-3 col-form-label\">Coms_certificate_participant_id_md5</label>\n	<div class=\"col-sm-9\">\n		<input type=\"text\" class=\"form-control\" name=\"coms_certificate_participant_id_md5\" value=\"\">\n	</div>\n</div>\n<div class=\"form-group row\">\n	<label class=\"col-sm-3 col-form-label\">Coms_certificate_participant_3digit</label>\n	<div class=\"col-sm-9\">\n		<input type=\"text\" class=\"form-control\" name=\"coms_certificate_participant_3digit\" value=\"\">\n	</div>\n</div>\n<div class=\"form-group row\">\n	<label class=\"col-sm-3 col-form-label\">Coms_certificate_participant_id_base32</label>\n	<div class=\"col-sm-9\">\n		<input type=\"text\" class=\"form-control\" name=\"coms_certificate_participant_id_base32\" value=\"\">\n	</div>\n</div>\n<div class=\"form-group row\">\n	<label class=\"col-sm-3 col-form-label\">Coms_certificate</label>\n	<div class=\"col-sm-9\">\n		<input type=\"text\" class=\"form-control\" name=\"coms_certificate\" value=\"\">\n	</div>\n</div>\n<div class=\"form-group row\">\n	<label class=\"col-sm-3 col-form-label\">Coms_certificate_participant_expiration_date</label>\n	<div class=\"col-sm-9\">\n		<input type=\"date\" class=\"form-control\" name=\"coms_certificate_participant_expiration_date\">\n	</div>\n</div>\n</form>'),(3,'coms_exam',NULL,'<form>\n<div class=\"form-group row\">\n	<label class=\"col-sm-3 col-form-label\">Coms_exam_language_id</label>\n	<div class=\"col-sm-9\">\n		<div class=\"input-group\">\n          <div class=\"input-group-prepend\">\n            <input type=\"hidden\" name=\"coms_exam_language_id\" value=\"\" class=\"inputFK\"/>\n            <button class=\"btn btn-outline-secondary fKey\" type=\"button\" onclick=\"selectForeignKey(this)\">Select...</button>\n          </div>\n          <div class=\"input-group-append\">\n            <span class=\"input-group-text fkval\"></span>\n          </div>\n        </div>\n	</div>\n</div>\n<div class=\"form-group row\">\n	<label class=\"col-sm-3 col-form-label\">Coms_exam_type_id</label>\n	<div class=\"col-sm-9\">\n		<div class=\"input-group\">\n          <div class=\"input-group-prepend\">\n            <input type=\"hidden\" name=\"coms_exam_type_id\" value=\"\" class=\"inputFK\"/>\n            <button class=\"btn btn-outline-secondary fKey\" type=\"button\" onclick=\"selectForeignKey(this)\">Select...</button>\n          </div>\n          <div class=\"input-group-append\">\n            <span class=\"input-group-text fkval\"></span>\n          </div>\n        </div>\n	</div>\n</div>\n<div class=\"form-group row\">\n	<label class=\"col-sm-3 col-form-label\">Coms_exam_name</label>\n	<div class=\"col-sm-9\">\n		<textarea rows=\"4\" class=\"form-control editor\" name=\"coms_exam_name\"></textarea>\n	</div>\n</div>\n<div class=\"form-group row\">\n	<label class=\"col-sm-3 col-form-label\">Coms_exam_description</label>\n	<div class=\"col-sm-9\">\n		<textarea rows=\"4\" class=\"form-control editor\" name=\"coms_exam_description\"></textarea>\n	</div>\n</div>\n<div class=\"form-group row\">\n	<label class=\"col-sm-3 col-form-label\">Coms_exam_max_points</label>\n	<div class=\"col-sm-9\">\n		<input type=\"number\" class=\"form-control\" name=\"coms_exam_max_points\">\n	</div>\n</div>\n<div class=\"form-group row\">\n	<label class=\"col-sm-3 col-form-label\">Coms_exam_pass_mark</label>\n	<div class=\"col-sm-9\">\n		<input type=\"number\" class=\"form-control\" name=\"coms_exam_pass_mark\">\n	</div>\n</div>\n</form>'),(4,'coms_exam_event','//Check if essential data is available\n$trans = false;\n$message = \"\";\n$ato = null;\n$startdate = null;\n$exam = null;\nif (array_key_exists(\"coms_training_org_id\", $param[\"row\"])&& !(empty($param[\"row\"][\"coms_training_org_id\"]))){\n$ato = $param[\"row\"][\"coms_training_org_id\"];\n} else {$message .= \"Training org isn\'t set. \";}\n\n\n// TODO Check for future date\n$opening_date = new DateTime($param[\"row\"][\"coms_exam_event_start_date\"]);\n$current_date = new DateTime();\n$future = false;\nif ($opening_date > $current_date)\n{\n  $future = true;\n}\n\n// Check the variables\nif (array_key_exists(\"coms_exam_event_start_date\", $param[\"row\"])&& !(empty($param[\"row\"][\"coms_exam_event_start_date\"])) && ($future)) {\n$startdate = $param[\"row\"][\"coms_exam_event_start_date\"];\n}else {$message .= \"Start date isn\'t set or in the past. \";}\n\nif (array_key_exists(\"coms_exam_id\", $param[\"row\"])&& !(empty($param[\"row\"][\"coms_exam_id\"]))){\n$exam = $param[\"row\"][\"coms_exam_id\"];\n}else {$message .= \"Exam Id isn\'t set. \";}\n\nif(!(is_null($ato))&&!(is_null($startdate))&&!(is_null($exam)))\n		{\n                $message .= \"The transiation is allowed. Exam has been created.\";\n                // Set to true when bug is fixed\n				$trans = true;\n		}\n\n\n\n// [Transition-Script]\n$script_result = array(\n    \"allow_transition\" => $trans,\n    \"show_message\" => true,\n    \"message\" => \"$message\"\n);','<form>\n<div class=\"form-group row\">\n	<label class=\"col-sm-3 col-form-label\">Coms_exam_id</label>\n	<div class=\"col-sm-9\">\n		<div class=\"input-group\">\n          <div class=\"input-group-prepend\">\n            <input type=\"hidden\" name=\"coms_exam_id\" value=\"\" class=\"inputFK\"/>\n            <button class=\"btn btn-outline-secondary fKey\" type=\"button\" onclick=\"selectForeignKey(this)\">Select...</button>\n          </div>\n          <div class=\"input-group-append\">\n            <span class=\"input-group-text fkval\"></span>\n          </div>\n        </div>\n	</div>\n</div>\n<div class=\"form-group row\">\n	<label class=\"col-sm-3 col-form-label\">Coms_delivery_type_id</label>\n	<div class=\"col-sm-9\">\n		<div class=\"input-group\">\n          <div class=\"input-group-prepend\">\n            <input type=\"hidden\" name=\"coms_delivery_type_id\" value=\"\" class=\"inputFK\"/>\n            <button class=\"btn btn-outline-secondary fKey\" type=\"button\" onclick=\"selectForeignKey(this)\">Select...</button>\n          </div>\n          <div class=\"input-group-append\">\n            <span class=\"input-group-text fkval\"></span>\n          </div>\n        </div>\n	</div>\n</div>\n<div class=\"form-group row\">\n	<label class=\"col-sm-3 col-form-label\">Coms_proctor_id</label>\n	<div class=\"col-sm-9\">\n		<div class=\"input-group\">\n          <div class=\"input-group-prepend\">\n            <input type=\"hidden\" name=\"coms_proctor_id\" value=\"\" class=\"inputFK\"/>\n            <button class=\"btn btn-outline-secondary fKey\" type=\"button\" onclick=\"selectForeignKey(this)\">Select...</button>\n          </div>\n          <div class=\"input-group-append\">\n            <span class=\"input-group-text fkval\"></span>\n          </div>\n        </div>\n	</div>\n</div>\n<div class=\"form-group row\">\n	<label class=\"col-sm-3 col-form-label\">Coms_training_org_id</label>\n	<div class=\"col-sm-9\">\n		<div class=\"input-group\">\n          <div class=\"input-group-prepend\">\n            <input type=\"hidden\" name=\"coms_training_org_id\" value=\"\" class=\"inputFK\"/>\n            <button class=\"btn btn-outline-secondary fKey\" type=\"button\" onclick=\"selectForeignKey(this)\">Select...</button>\n          </div>\n          <div class=\"input-group-append\">\n            <span class=\"input-group-text fkval\"></span>\n          </div>\n        </div>\n	</div>\n</div>\n<div class=\"form-group row\">\n	<label class=\"col-sm-3 col-form-label\">Coms_trainer_id</label>\n	<div class=\"col-sm-9\">\n		<div class=\"input-group\">\n          <div class=\"input-group-prepend\">\n            <input type=\"hidden\" name=\"coms_trainer_id\" value=\"\" class=\"inputFK\"/>\n            <button class=\"btn btn-outline-secondary fKey\" type=\"button\" onclick=\"selectForeignKey(this)\">Select...</button>\n          </div>\n          <div class=\"input-group-append\">\n            <span class=\"input-group-text fkval\"></span>\n          </div>\n        </div>\n	</div>\n</div>\n<div class=\"form-group row\">\n	<label class=\"col-sm-3 col-form-label\">Coms_exam_version_id</label>\n	<div class=\"col-sm-9\">\n		<div class=\"input-group\">\n          <div class=\"input-group-prepend\">\n            <input type=\"hidden\" name=\"coms_exam_version_id\" value=\"\" class=\"inputFK\"/>\n            <button class=\"btn btn-outline-secondary fKey\" type=\"button\" onclick=\"selectForeignKey(this)\">Select...</button>\n          </div>\n          <div class=\"input-group-append\">\n            <span class=\"input-group-text fkval\"></span>\n          </div>\n        </div>\n	</div>\n</div>\n<div class=\"form-group row\">\n	<label class=\"col-sm-3 col-form-label\">Coms_exam_event_id_base32</label>\n	<div class=\"col-sm-9\">\n		<input type=\"text\" class=\"form-control\" name=\"coms_exam_event_id_base32\" value=\"\">\n	</div>\n</div>\n<div class=\"form-group row\">\n	<label class=\"col-sm-3 col-form-label\">Coms_exam_event_id_md5</label>\n	<div class=\"col-sm-9\">\n		<input type=\"text\" class=\"form-control\" name=\"coms_exam_event_id_md5\" value=\"\">\n	</div>\n</div>\n<div class=\"form-group row\">\n	<label class=\"col-sm-3 col-form-label\">Coms_exam_event_3digit</label>\n	<div class=\"col-sm-9\">\n		<input type=\"text\" class=\"form-control\" name=\"coms_exam_event_3digit\" value=\"\">\n	</div>\n</div>\n<div class=\"form-group row\">\n	<label class=\"col-sm-3 col-form-label\">Coms_exam_event_name</label>\n	<div class=\"col-sm-9\">\n		<textarea rows=\"4\" class=\"form-control editor\" name=\"coms_exam_event_name\"></textarea>\n	</div>\n</div>\n<div class=\"form-group row\">\n	<label class=\"col-sm-3 col-form-label\">Coms_exam_event_start_date</label>\n	<div class=\"col-sm-9\">\n		<div class=\"row\">\n  <div class=\"col-7\"><input type=\"date\" class=\"form-control\" name=\"coms_exam_event_start_date\"></div>\n  <div class=\"col-5\"><input type=\"time\" class=\"form-control\" name=\"coms_exam_event_start_date\"></div>\n</div>\n	</div>\n</div>\n<div class=\"form-group row\">\n	<label class=\"col-sm-3 col-form-label\">Coms_exam_event_finish_date</label>\n	<div class=\"col-sm-9\">\n		<div class=\"row\">\n  <div class=\"col-7\"><input type=\"date\" class=\"form-control\" name=\"coms_exam_event_finish_date\"></div>\n  <div class=\"col-5\"><input type=\"time\" class=\"form-control\" name=\"coms_exam_event_finish_date\"></div>\n</div>\n	</div>\n</div>\n<div class=\"form-group row\">\n	<label class=\"col-sm-3 col-form-label\">Coms_exam_event_location</label>\n	<div class=\"col-sm-9\">\n		<input type=\"text\" class=\"form-control\" name=\"coms_exam_event_location\" value=\"\">\n	</div>\n</div>\n<div class=\"form-group row\">\n	<label class=\"col-sm-3 col-form-label\">Coms_exam_event_percent</label>\n	<div class=\"col-sm-9\">\n		<input type=\"number\" class=\"form-control\" name=\"coms_exam_event_percent\">\n	</div>\n</div>\n<div class=\"form-group row\">\n	<label class=\"col-sm-3 col-form-label\">Coms_exam_event_info</label>\n	<div class=\"col-sm-9\">\n		<textarea rows=\"4\" class=\"form-control editor\" name=\"coms_exam_event_info\"></textarea>\n	</div>\n</div>\n</form>'),(5,'coms_participant_exam_event',NULL,'<form>\n<div class=\"form-group row\">\n	<label class=\"col-sm-3 col-form-label\">Coms_participant_id</label>\n	<div class=\"col-sm-9\">\n		<div class=\"input-group\">\n          <div class=\"input-group-prepend\">\n            <input type=\"hidden\" name=\"coms_participant_id\" value=\"\" class=\"inputFK\"/>\n            <button class=\"btn btn-outline-secondary fKey\" type=\"button\" onclick=\"selectForeignKey(this)\">Select...</button>\n          </div>\n          <div class=\"input-group-append\">\n            <span class=\"input-group-text fkval\"></span>\n          </div>\n        </div>\n	</div>\n</div>\n<div class=\"form-group row\">\n	<label class=\"col-sm-3 col-form-label\">Coms_exam_event_id</label>\n	<div class=\"col-sm-9\">\n		<div class=\"input-group\">\n          <div class=\"input-group-prepend\">\n            <input type=\"hidden\" name=\"coms_exam_event_id\" value=\"\" class=\"inputFK\"/>\n            <button class=\"btn btn-outline-secondary fKey\" type=\"button\" onclick=\"selectForeignKey(this)\">Select...</button>\n          </div>\n          <div class=\"input-group-append\">\n            <span class=\"input-group-text fkval\"></span>\n          </div>\n        </div>\n	</div>\n</div>\n<div class=\"form-group row\">\n	<label class=\"col-sm-3 col-form-label\">Coms_participant_exam_event_percent</label>\n	<div class=\"col-sm-9\">\n		<input type=\"text\" class=\"form-control\" name=\"coms_participant_exam_event_percent\" value=\"\">\n	</div>\n</div>\n<div class=\"form-group row\">\n	<label class=\"col-sm-3 col-form-label\">Coms_participant_info</label>\n	<div class=\"col-sm-9\">\n		<textarea rows=\"4\" class=\"form-control editor\" name=\"coms_participant_info\"></textarea>\n	</div>\n</div>\n</form>'),(6,'coms_proctor',NULL,'<form>\n<div class=\"form-group row\">\n	<label class=\"col-sm-3 col-form-label\">Coms_proctor_language_id</label>\n	<div class=\"col-sm-9\">\n		<div class=\"input-group\">\n          <div class=\"input-group-prepend\">\n            <input type=\"hidden\" name=\"coms_proctor_language_id\" value=\"\" class=\"inputFK\"/>\n            <button class=\"btn btn-outline-secondary fKey\" type=\"button\" onclick=\"selectForeignKey(this)\">Select...</button>\n          </div>\n          <div class=\"input-group-append\">\n            <span class=\"input-group-text fkval\"></span>\n          </div>\n        </div>\n	</div>\n</div>\n<div class=\"form-group row\">\n	<label class=\"col-sm-3 col-form-label\">Coms_proctor_LIAM_id</label>\n	<div class=\"col-sm-9\">\n		<input type=\"text\" class=\"form-control\" name=\"coms_proctor_LIAM_id\" value=\"\">\n	</div>\n</div>\n<div class=\"form-group row\">\n	<label class=\"col-sm-3 col-form-label\">Coms_proctorcol</label>\n	<div class=\"col-sm-9\">\n		<input type=\"text\" class=\"form-control\" name=\"coms_proctorcol\" value=\"\">\n	</div>\n</div>\n<div class=\"form-group row\">\n	<label class=\"col-sm-3 col-form-label\">Coms_proctor_firstname</label>\n	<div class=\"col-sm-9\">\n		<input type=\"text\" class=\"form-control\" name=\"coms_proctor_firstname\" value=\"\">\n	</div>\n</div>\n<div class=\"form-group row\">\n	<label class=\"col-sm-3 col-form-label\">Coms_proctor_lastname</label>\n	<div class=\"col-sm-9\">\n		<input type=\"text\" class=\"form-control\" name=\"coms_proctor_lastname\" value=\"\">\n	</div>\n</div>\n<div class=\"form-group row\">\n	<label class=\"col-sm-3 col-form-label\">Coms_proctor_id_base32</label>\n	<div class=\"col-sm-9\">\n		<input type=\"text\" class=\"form-control\" name=\"coms_proctor_id_base32\" value=\"\">\n	</div>\n</div>\n<div class=\"form-group row\">\n	<label class=\"col-sm-3 col-form-label\">Coms_proctor_id_md5</label>\n	<div class=\"col-sm-9\">\n		<input type=\"text\" class=\"form-control\" name=\"coms_proctor_id_md5\" value=\"\">\n	</div>\n</div>\n<div class=\"form-group row\">\n	<label class=\"col-sm-3 col-form-label\">Coms_proctor_3digit</label>\n	<div class=\"col-sm-9\">\n		<input type=\"text\" class=\"form-control\" name=\"coms_proctor_3digit\" value=\"\">\n	</div>\n</div>\n</form>'),(7,'coms_trainer','','<form>\n<div class=\"form-group row\">\n	<label class=\"col-sm-3 col-form-label\">Coms_trainer_language_id</label>\n	<div class=\"col-sm-9\">\n		<div class=\"input-group\">\n          <div class=\"input-group-prepend\">\n            <input type=\"hidden\" name=\"coms_trainer_language_id\" value=\"\" class=\"inputFK\"/>\n            <button class=\"btn btn-outline-secondary fKey\" type=\"button\" onclick=\"selectForeignKey(this)\">Select...</button>\n          </div>\n          <div class=\"input-group-append\">\n            <span class=\"input-group-text fkval\"></span>\n          </div>\n        </div>\n	</div>\n</div>\n<div class=\"form-group row\">\n	<label class=\"col-sm-3 col-form-label\">Coms_trainer_LIAM_id</label>\n	<div class=\"col-sm-9\">\n		<input type=\"text\" class=\"form-control\" name=\"coms_trainer_LIAM_id\" value=\"\">\n	</div>\n</div>\n<div class=\"form-group row\">\n	<label class=\"col-sm-3 col-form-label\">Coms_trainer_firstname</label>\n	<div class=\"col-sm-9\">\n		<input type=\"text\" class=\"form-control\" name=\"coms_trainer_firstname\" value=\"\">\n	</div>\n</div>\n<div class=\"form-group row\">\n	<label class=\"col-sm-3 col-form-label\">Coms_trainer_lastname</label>\n	<div class=\"col-sm-9\">\n		<input type=\"text\" class=\"form-control\" name=\"coms_trainer_lastname\" value=\"\">\n	</div>\n</div>\n<div class=\"form-group row\">\n	<label class=\"col-sm-3 col-form-label\">Coms_trainer_id_base32</label>\n	<div class=\"col-sm-9\">\n		<input type=\"text\" class=\"form-control\" name=\"coms_trainer_id_base32\" value=\"\">\n	</div>\n</div>\n<div class=\"form-group row\">\n	<label class=\"col-sm-3 col-form-label\">Coms_trainer_id_md5</label>\n	<div class=\"col-sm-9\">\n		<input type=\"text\" class=\"form-control\" name=\"coms_trainer_id_md5\" value=\"\">\n	</div>\n</div>\n<div class=\"form-group row\">\n	<label class=\"col-sm-3 col-form-label\">Coms_trainer_3digit</label>\n	<div class=\"col-sm-9\">\n		<input type=\"text\" class=\"form-control\" name=\"coms_trainer_3digit\" value=\"\">\n	</div>\n</div>\n</form>'),(8,'coms_trainer_exam',NULL,'<form>\n<div class=\"form-group row\">\n	<label class=\"col-sm-3 col-form-label\">Coms_trainer_id</label>\n	<div class=\"col-sm-9\">\n		<div class=\"input-group\">\n          <div class=\"input-group-prepend\">\n            <input type=\"hidden\" name=\"coms_trainer_id\" value=\"\" class=\"inputFK\"/>\n            <button class=\"btn btn-outline-secondary fKey\" type=\"button\" onclick=\"selectForeignKey(this)\">Select...</button>\n          </div>\n          <div class=\"input-group-append\">\n            <span class=\"input-group-text fkval\"></span>\n          </div>\n        </div>\n	</div>\n</div>\n<div class=\"form-group row\">\n	<label class=\"col-sm-3 col-form-label\">Coms_exam_id</label>\n	<div class=\"col-sm-9\">\n		<div class=\"input-group\">\n          <div class=\"input-group-prepend\">\n            <input type=\"hidden\" name=\"coms_exam_id\" value=\"\" class=\"inputFK\"/>\n            <button class=\"btn btn-outline-secondary fKey\" type=\"button\" onclick=\"selectForeignKey(this)\">Select...</button>\n          </div>\n          <div class=\"input-group-append\">\n            <span class=\"input-group-text fkval\"></span>\n          </div>\n        </div>\n	</div>\n</div>\n</form>'),(9,'coms_training_organisation',NULL,'<form>\n<div class=\"form-group row\">\n	<label class=\"col-sm-3 col-form-label\">Coms_training_organisation_language_id</label>\n	<div class=\"col-sm-9\">\n		<div class=\"input-group\">\n          <div class=\"input-group-prepend\">\n            <input type=\"hidden\" name=\"coms_training_organisation_language_id\" value=\"\" class=\"inputFK\"/>\n            <button class=\"btn btn-outline-secondary fKey\" type=\"button\" onclick=\"selectForeignKey(this)\">Select...</button>\n          </div>\n          <div class=\"input-group-append\">\n            <span class=\"input-group-text fkval\"></span>\n          </div>\n        </div>\n	</div>\n</div>\n<div class=\"form-group row\">\n	<label class=\"col-sm-3 col-form-label\">Coms_training_organisation_name</label>\n	<div class=\"col-sm-9\">\n		<textarea rows=\"4\" class=\"form-control editor\" name=\"coms_training_organisation_name\"></textarea>\n	</div>\n</div>\n<div class=\"form-group row\">\n	<label class=\"col-sm-3 col-form-label\">Coms_training_organisation_short_name</label>\n	<div class=\"col-sm-9\">\n		<input type=\"text\" class=\"form-control\" name=\"coms_training_organisation_short_name\" value=\"\">\n	</div>\n</div>\n<div class=\"form-group row\">\n	<label class=\"col-sm-3 col-form-label\">Coms_training_organisation_id_base32</label>\n	<div class=\"col-sm-9\">\n		<input type=\"text\" class=\"form-control\" name=\"coms_training_organisation_id_base32\" value=\"\">\n	</div>\n</div>\n<div class=\"form-group row\">\n	<label class=\"col-sm-3 col-form-label\">Coms_training_organisation_3digit</label>\n	<div class=\"col-sm-9\">\n		<input type=\"text\" class=\"form-control\" name=\"coms_training_organisation_3digit\" value=\"\">\n	</div>\n</div>\n<div class=\"form-group row\">\n	<label class=\"col-sm-3 col-form-label\">Coms_training_organisation_id_md5</label>\n	<div class=\"col-sm-9\">\n		<input type=\"text\" class=\"form-control\" name=\"coms_training_organisation_id_md5\" value=\"\">\n	</div>\n</div>\n<div class=\"form-group row\">\n	<label class=\"col-sm-3 col-form-label\">Coms_training_organisation_passwd_hash</label>\n	<div class=\"col-sm-9\">\n		<input type=\"text\" class=\"form-control\" name=\"coms_training_organisation_passwd_hash\" value=\"\">\n	</div>\n</div>\n<div class=\"form-group row\">\n	<label class=\"col-sm-3 col-form-label\">Coms_training_organisation_email</label>\n	<div class=\"col-sm-9\">\n		<input type=\"text\" class=\"form-control\" name=\"coms_training_organisation_email\" value=\"\">\n	</div>\n</div>\n</form>'),(10,'coms_training_organisation_trainer',NULL,'<form>\n<div class=\"form-group row\">\n	<label class=\"col-sm-3 col-form-label\">Coms_training_organisation_id</label>\n	<div class=\"col-sm-9\">\n		<div class=\"input-group\">\n          <div class=\"input-group-prepend\">\n            <input type=\"hidden\" name=\"coms_training_organisation_id\" value=\"\" class=\"inputFK\"/>\n            <button class=\"btn btn-outline-secondary fKey\" type=\"button\" onclick=\"selectForeignKey(this)\">Select...</button>\n          </div>\n          <div class=\"input-group-append\">\n            <span class=\"input-group-text fkval\"></span>\n          </div>\n        </div>\n	</div>\n</div>\n<div class=\"form-group row\">\n	<label class=\"col-sm-3 col-form-label\">Coms_trainer_id</label>\n	<div class=\"col-sm-9\">\n		<div class=\"input-group\">\n          <div class=\"input-group-prepend\">\n            <input type=\"hidden\" name=\"coms_trainer_id\" value=\"\" class=\"inputFK\"/>\n            <button class=\"btn btn-outline-secondary fKey\" type=\"button\" onclick=\"selectForeignKey(this)\">Select...</button>\n          </div>\n          <div class=\"input-group-append\">\n            <span class=\"input-group-text fkval\"></span>\n          </div>\n        </div>\n	</div>\n</div>\n</form>'),(11,'coms_training_organisation_exam',NULL,'<form>\n<div class=\"form-group row\">\n	<label class=\"col-sm-3 col-form-label\">Coms_trainingsorganisation_id</label>\n	<div class=\"col-sm-9\">\n		<div class=\"input-group\">\n          <div class=\"input-group-prepend\">\n            <input type=\"hidden\" name=\"coms_trainingsorganisation_id\" value=\"\" class=\"inputFK\"/>\n            <button class=\"btn btn-outline-secondary fKey\" type=\"button\" onclick=\"selectForeignKey(this)\">Select...</button>\n          </div>\n          <div class=\"input-group-append\">\n            <span class=\"input-group-text fkval\"></span>\n          </div>\n        </div>\n	</div>\n</div>\n<div class=\"form-group row\">\n	<label class=\"col-sm-3 col-form-label\">Coms_exam_id</label>\n	<div class=\"col-sm-9\">\n		<div class=\"input-group\">\n          <div class=\"input-group-prepend\">\n            <input type=\"hidden\" name=\"coms_exam_id\" value=\"\" class=\"inputFK\"/>\n            <button class=\"btn btn-outline-secondary fKey\" type=\"button\" onclick=\"selectForeignKey(this)\">Select...</button>\n          </div>\n          <div class=\"input-group-append\">\n            <span class=\"input-group-text fkval\"></span>\n          </div>\n        </div>\n	</div>\n</div>\n</form>'),(12,'coms_cert_cert',NULL,'<form>\n<div class=\"form-group row\">\n	<label class=\"col-sm-3 col-form-label\">Coms_cert_id_1</label>\n	<div class=\"col-sm-9\">\n		<div class=\"input-group\">\n          <div class=\"input-group-prepend\">\n            <input type=\"hidden\" name=\"coms_cert_id_1\" value=\"\" class=\"inputFK\"/>\n            <button class=\"btn btn-outline-secondary fKey\" type=\"button\" onclick=\"selectForeignKey(this)\">Select...</button>\n          </div>\n          <div class=\"input-group-append\">\n            <span class=\"input-group-text fkval\"></span>\n          </div>\n        </div>\n	</div>\n</div>\n<div class=\"form-group row\">\n	<label class=\"col-sm-3 col-form-label\">Coms_cert_id_2</label>\n	<div class=\"col-sm-9\">\n		<div class=\"input-group\">\n          <div class=\"input-group-prepend\">\n            <input type=\"hidden\" name=\"coms_cert_id_2\" value=\"\" class=\"inputFK\"/>\n            <button class=\"btn btn-outline-secondary fKey\" type=\"button\" onclick=\"selectForeignKey(this)\">Select...</button>\n          </div>\n          <div class=\"input-group-append\">\n            <span class=\"input-group-text fkval\"></span>\n          </div>\n        </div>\n	</div>\n</div>\n<div class=\"form-group row\">\n	<label class=\"col-sm-3 col-form-label\">Coms_cert_cert_info</label>\n	<div class=\"col-sm-9\">\n		<input type=\"text\" class=\"form-control\" name=\"coms_cert_cert_info\" value=\"\">\n	</div>\n</div>\n</form>'),(13,'coms_certificate_type',NULL,'<form>\n<div class=\"form-group row\">\n	<label class=\"col-sm-3 col-form-label\">Coms_certificate_type_description</label>\n	<div class=\"col-sm-9\">\n		<textarea rows=\"4\" class=\"form-control editor\" name=\"coms_certificate_type_description\"></textarea>\n	</div>\n</div>\n</form>'),(14,'coms_delivery_type',NULL,'<form>\n<div class=\"form-group row\">\n	<label class=\"col-sm-3 col-form-label\">Coms_delivery_description</label>\n	<div class=\"col-sm-9\">\n		<input type=\"text\" class=\"form-control\" name=\"coms_delivery_description\" value=\"\">\n	</div>\n</div>\n</form>'),(15,'coms_exam_cert',NULL,'<form>\n<div class=\"form-group row\">\n	<label class=\"col-sm-3 col-form-label\">Coms_exam_id</label>\n	<div class=\"col-sm-9\">\n		<div class=\"input-group\">\n          <div class=\"input-group-prepend\">\n            <input type=\"hidden\" name=\"coms_exam_id\" value=\"\" class=\"inputFK\"/>\n            <button class=\"btn btn-outline-secondary fKey\" type=\"button\" onclick=\"selectForeignKey(this)\">Select...</button>\n          </div>\n          <div class=\"input-group-append\">\n            <span class=\"input-group-text fkval\"></span>\n          </div>\n        </div>\n	</div>\n</div>\n<div class=\"form-group row\">\n	<label class=\"col-sm-3 col-form-label\">Coms_cert_id</label>\n	<div class=\"col-sm-9\">\n		<div class=\"input-group\">\n          <div class=\"input-group-prepend\">\n            <input type=\"hidden\" name=\"coms_cert_id\" value=\"\" class=\"inputFK\"/>\n            <button class=\"btn btn-outline-secondary fKey\" type=\"button\" onclick=\"selectForeignKey(this)\">Select...</button>\n          </div>\n          <div class=\"input-group-append\">\n            <span class=\"input-group-text fkval\"></span>\n          </div>\n        </div>\n	</div>\n</div>\n<div class=\"form-group row\">\n	<label class=\"col-sm-3 col-form-label\">Coms_exam_cert_info</label>\n	<div class=\"col-sm-9\">\n		<input type=\"text\" class=\"form-control\" name=\"coms_exam_cert_info\" value=\"\">\n	</div>\n</div>\n</form>'),(16,'coms_exam_exam',NULL,'<form>\n<div class=\"form-group row\">\n	<label class=\"col-sm-3 col-form-label\">Coms_exam_id_1</label>\n	<div class=\"col-sm-9\">\n		<div class=\"input-group\">\n          <div class=\"input-group-prepend\">\n            <input type=\"hidden\" name=\"coms_exam_id_1\" value=\"\" class=\"inputFK\"/>\n            <button class=\"btn btn-outline-secondary fKey\" type=\"button\" onclick=\"selectForeignKey(this)\">Select...</button>\n          </div>\n          <div class=\"input-group-append\">\n            <span class=\"input-group-text fkval\"></span>\n          </div>\n        </div>\n	</div>\n</div>\n<div class=\"form-group row\">\n	<label class=\"col-sm-3 col-form-label\">Coms_exam_id_2</label>\n	<div class=\"col-sm-9\">\n		<div class=\"input-group\">\n          <div class=\"input-group-prepend\">\n            <input type=\"hidden\" name=\"coms_exam_id_2\" value=\"\" class=\"inputFK\"/>\n            <button class=\"btn btn-outline-secondary fKey\" type=\"button\" onclick=\"selectForeignKey(this)\">Select...</button>\n          </div>\n          <div class=\"input-group-append\">\n            <span class=\"input-group-text fkval\"></span>\n          </div>\n        </div>\n	</div>\n</div>\n<div class=\"form-group row\">\n	<label class=\"col-sm-3 col-form-label\">Coms_exam_exam_info</label>\n	<div class=\"col-sm-9\">\n		<input type=\"text\" class=\"form-control\" name=\"coms_exam_exam_info\" value=\"\">\n	</div>\n</div>\n</form>'),(17,'coms_exam_training',NULL,'<form>\n<div class=\"form-group row\">\n	<label class=\"col-sm-3 col-form-label\">Coms_exam_id</label>\n	<div class=\"col-sm-9\">\n		<div class=\"input-group\">\n          <div class=\"input-group-prepend\">\n            <input type=\"hidden\" name=\"coms_exam_id\" value=\"\" class=\"inputFK\"/>\n            <button class=\"btn btn-outline-secondary fKey\" type=\"button\" onclick=\"selectForeignKey(this)\">Select...</button>\n          </div>\n          <div class=\"input-group-append\">\n            <span class=\"input-group-text fkval\"></span>\n          </div>\n        </div>\n	</div>\n</div>\n<div class=\"form-group row\">\n	<label class=\"col-sm-3 col-form-label\">Coms_training_id</label>\n	<div class=\"col-sm-9\">\n		<div class=\"input-group\">\n          <div class=\"input-group-prepend\">\n            <input type=\"hidden\" name=\"coms_training_id\" value=\"\" class=\"inputFK\"/>\n            <button class=\"btn btn-outline-secondary fKey\" type=\"button\" onclick=\"selectForeignKey(this)\">Select...</button>\n          </div>\n          <div class=\"input-group-append\">\n            <span class=\"input-group-text fkval\"></span>\n          </div>\n        </div>\n	</div>\n</div>\n</form>'),(18,'coms_exam_version',NULL,'<form>\n<div class=\"form-group row\">\n	<label class=\"col-sm-3 col-form-label\">Coms_exam_id</label>\n	<div class=\"col-sm-9\">\n		<div class=\"input-group\">\n          <div class=\"input-group-prepend\">\n            <input type=\"hidden\" name=\"coms_exam_id\" value=\"\" class=\"inputFK\"/>\n            <button class=\"btn btn-outline-secondary fKey\" type=\"button\" onclick=\"selectForeignKey(this)\">Select...</button>\n          </div>\n          <div class=\"input-group-append\">\n            <span class=\"input-group-text fkval\"></span>\n          </div>\n        </div>\n	</div>\n</div>\n<div class=\"form-group row\">\n	<label class=\"col-sm-3 col-form-label\">Coms_exam_version_name</label>\n	<div class=\"col-sm-9\">\n		<textarea rows=\"4\" class=\"form-control editor\" name=\"coms_exam_version_name\"></textarea>\n	</div>\n</div>\n</form>'),(19,'coms_language',NULL,'<form>\n<div class=\"form-group row\">\n	<label class=\"col-sm-3 col-form-label\">Language</label>\n	<div class=\"col-sm-9\">\n		<input type=\"text\" class=\"form-control\" name=\"language\" value=\"\">\n	</div>\n</div>\n<div class=\"form-group row\">\n	<label class=\"col-sm-3 col-form-label\">Language_short</label>\n	<div class=\"col-sm-9\">\n		<input type=\"text\" class=\"form-control\" name=\"language_short\" value=\"\">\n	</div>\n</div>\n</form>'),(20,'coms_participant','// Check if names already exist and ask if you really want to change states nontheless\n// TODO Check if name and vorname existieren und dann gib eine warnung aus aber lass den zustandsbergang unter umstnden zu: Muss aber woanders geschehen und niht hier\n//TODO Email joinen mit der view in der Oberflche. ggf auch mit pop-up: Multi-Teilnehmer anlegen ist auch notwendig und sollte genauso wie teilnehmer auf exam buchen ablaufen.\n// IF email vor und nachname existieren bereits: allow_transition => false\n\n$mesage = \"\";\n$allow_transition = false;\n\n$lastname = $param[\"row\"][\"coms_participant_lastname\"];\n$firstname = $param[\"row\"][\"coms_participant_firstname\"];\n$email = $param[\"row\"][\"coms_participant_email\"];\n\n$query = \"SELECT coms_participant.coms_participant_id, coms_participant_firstname, coms_participant_lastname, coms_participant_emailadresss FROM bpmspace_coms_v1.coms_participant join coms_participant_email on coms_participant.coms_participant_id = coms_participant_email.coms_participant_id where coms_participant_firstname= \\\"\". $firstname. \"\\\"  and coms_participant_lastname = \\\"\". $lastname. \"\\\" and coms_participant_emailadresss= \\\"\". $email.\"\\\" LIMIT 1;\";\n\n$result = DB::getInstance()->getConnection()->query($query);\n//Row count\n$rows = (int)$result->num_rows;\n\nif ($rows > 0) {\n  //Error: Gibts schon\n	$mesage.= \"Achtung der Teilnehmer:\".$firstname.\" \".$lastname.\" \".$email . \" existiert bereits und sollte nicht nochmal angelegt werden. Wenn sie trotzdem unbedingt mit gleicher Emailadresse und vor und Nachnamen anlegen wollen dann wenden sie sich an den Datenbankadministrator und fragen sie nach einer Lsung\";\n}\nelse {\n	// Gibts noch nicht: Anlegen bitte\n  $allow_transition = true;\n}\n\n// DB insert email to coms_participant_email through api. Get the ID from somewhere else\n$message = \"\";\n$data = json_encode(array(\'cmd\' => \'create\', \'paramJS\' => array(\'table\' => \'coms_participant_email\', \'row\' => array(\'coms_participant_id\' => NULL, \'coms_participant_emailadresss\' => $param[\'row\'][\'coms_participant_email\'], \'state_id\' => 113))));\n\n\n$ch = curl_init();\n\ncurl_setopt($ch, CURLOPT_URL,\"http://dev.bpmspace.org:4040/~robin/dev/IPMS_test/bpmspace_coms_v1.php\");\ncurl_setopt($ch, CURLOPT_POST, 1);\ncurl_setopt($ch, CURLOPT_POSTFIELDS, $data);\n\n// receive server response ...\ncurl_setopt($ch, CURLOPT_RETURNTRANSFER, true);\n\n$server_output = curl_exec ($ch);\n$message .= $server_output;\ncurl_close ($ch);\n\n//Eliminate custom array element (in this case coms_participant_email )\nunset($param[\'row\'][\'coms_participant_email\']);\n\n\n// [Transition-Script]\n$data = var_export($param[\'row\'], true);\n$script_result = array(\n    \"allow_transition\" => $allow_transition,\n    \"show_message\" => (strlen($message) > 0),\n    \"message\" => $mesage\n);\n','<form>\n<div class=\"form-group row\">\n	<label class=\"col-sm-3 col-form-label\">Coms_participant_LIAM_id</label>\n	<div class=\"col-sm-9\">\n		<input type=\"text\" class=\"form-control\" name=\"coms_participant_LIAM_id\" value=\"\">\n	</div>\n</div>\n<div class=\"form-group row\">\n	<label class=\"col-sm-3 col-form-label\">Coms_participant_language_id</label>\n	<div class=\"col-sm-9\">\n		<div class=\"input-group\">\n          <div class=\"input-group-prepend\">\n            <input type=\"hidden\" name=\"coms_participant_language_id\" value=\"\" class=\"inputFK\"/>\n            <button class=\"btn btn-outline-secondary fKey\" type=\"button\" onclick=\"selectForeignKey(this)\">Select...</button>\n          </div>\n          <div class=\"input-group-append\">\n            <span class=\"input-group-text fkval\"></span>\n          </div>\n        </div>\n	</div>\n</div>\n<div class=\"form-group row\">\n	<label class=\"col-sm-3 col-form-label\">Coms_participant_gender</label>\n	<div class=\"col-sm-9\">\n		<input type=\"text\" class=\"form-control\" name=\"coms_participant_gender\" value=\"\">\n	</div>\n</div>\n<div class=\"form-group row\">\n	<label class=\"col-sm-3 col-form-label\">Coms_participant_lastname</label>\n	<div class=\"col-sm-9\">\n		<input type=\"text\" class=\"form-control\" name=\"coms_participant_lastname\" value=\"\">\n	</div>\n</div>\n<div class=\"form-group row\">\n	<label class=\"col-sm-3 col-form-label\">Coms_participant_firstname</label>\n	<div class=\"col-sm-9\">\n		<input type=\"text\" class=\"form-control\" name=\"coms_participant_firstname\" value=\"\">\n	</div>\n</div>\n<div class=\"form-group row\">\n	<label class=\"col-sm-3 col-form-label\">Coms_participant_public</label>\n	<div class=\"col-sm-9\">\n		<div class=\"custom-control custom-checkbox\"><input type=\"checkbox\" class=\"custom-control-input\" id=\"customCheck1\" name=\"coms_participant_public\"><label class=\"custom-control-label\" for=\"customCheck1\">&nbsp;</label></div>\n	</div>\n</div>\n<div class=\"form-group row\">\n	<label class=\"col-sm-3 col-form-label\">Coms_participant_placeofbirth</label>\n	<div class=\"col-sm-9\">\n		<input type=\"text\" class=\"form-control\" name=\"coms_participant_placeofbirth\" value=\"\">\n	</div>\n</div>\n<div class=\"form-group row\">\n	<label class=\"col-sm-3 col-form-label\">Coms_participant_birthcountry</label>\n	<div class=\"col-sm-9\">\n		<input type=\"text\" class=\"form-control\" name=\"coms_participant_birthcountry\" value=\"\">\n	</div>\n</div>\n<div class=\"form-group row\">\n	<label class=\"col-sm-3 col-form-label\">Coms_participant_dateofbirth</label>\n	<div class=\"col-sm-9\">\n		<input type=\"date\" class=\"form-control\" name=\"coms_participant_dateofbirth\">\n	</div>\n</div>\n<div class=\"form-group row\">\n	<label class=\"col-sm-3 col-form-label\">Coms_participant_EXTERNAL_id</label>\n	<div class=\"col-sm-9\">\n		<input type=\"text\" class=\"form-control\" name=\"coms_participant_EXTERNAL_id\" value=\"\">\n	</div>\n</div>\n</form>'),(21,'coms_participant_email',NULL,'<form>\n<div class=\"form-group row\">\n	<label class=\"col-sm-3 col-form-label\">Coms_participant_id</label>\n	<div class=\"col-sm-9\">\n		<div class=\"input-group\">\n          <div class=\"input-group-prepend\">\n            <input type=\"hidden\" name=\"coms_participant_id\" value=\"\" class=\"inputFK\"/>\n            <button class=\"btn btn-outline-secondary fKey\" type=\"button\" onclick=\"selectForeignKey(this)\">Select...</button>\n          </div>\n          <div class=\"input-group-append\">\n            <span class=\"input-group-text fkval\"></span>\n          </div>\n        </div>\n	</div>\n</div>\n<div class=\"form-group row\">\n	<label class=\"col-sm-3 col-form-label\">Coms_participant_emailadresss</label>\n	<div class=\"col-sm-9\">\n		<input type=\"text\" class=\"form-control\" name=\"coms_participant_emailadresss\" value=\"\">\n	</div>\n</div>\n<div class=\"form-group row\">\n	<label class=\"col-sm-3 col-form-label\">Coms_participant_primary</label>\n	<div class=\"col-sm-9\">\n		<div class=\"custom-control custom-checkbox\"><input type=\"checkbox\" class=\"custom-control-input\" id=\"customCheck1\" name=\"coms_participant_primary\"><label class=\"custom-control-label\" for=\"customCheck1\">&nbsp;</label></div>\n	</div>\n</div>\n</form>'),(22,'coms_participant_identifier',NULL,'<form>\n<div class=\"form-group row\">\n	<label class=\"col-sm-3 col-form-label\">Coms_participant_id</label>\n	<div class=\"col-sm-9\">\n		<div class=\"input-group\">\n          <div class=\"input-group-prepend\">\n            <input type=\"hidden\" name=\"coms_participant_id\" value=\"\" class=\"inputFK\"/>\n            <button class=\"btn btn-outline-secondary fKey\" type=\"button\" onclick=\"selectForeignKey(this)\">Select...</button>\n          </div>\n          <div class=\"input-group-append\">\n            <span class=\"input-group-text fkval\"></span>\n          </div>\n        </div>\n	</div>\n</div>\n<div class=\"form-group row\">\n	<label class=\"col-sm-3 col-form-label\">Coms_participant_matriculation</label>\n	<div class=\"col-sm-9\">\n		<input type=\"number\" class=\"form-control\" name=\"coms_participant_matriculation\">\n	</div>\n</div>\n<div class=\"form-group row\">\n	<label class=\"col-sm-3 col-form-label\">Coms_participant_md5</label>\n	<div class=\"col-sm-9\">\n		<input type=\"text\" class=\"form-control\" name=\"coms_participant_md5\" value=\"\">\n	</div>\n</div>\n<div class=\"form-group row\">\n	<label class=\"col-sm-3 col-form-label\">Coms_participant_base32</label>\n	<div class=\"col-sm-9\">\n		<input type=\"text\" class=\"form-control\" name=\"coms_participant_base32\" value=\"\">\n	</div>\n</div>\n</form>'),(23,'coms_participant_training_event',NULL,'<form>\n<div class=\"form-group row\">\n	<label class=\"col-sm-3 col-form-label\">Coms_participant_id</label>\n	<div class=\"col-sm-9\">\n		<div class=\"input-group\">\n          <div class=\"input-group-prepend\">\n            <input type=\"hidden\" name=\"coms_participant_id\" value=\"\" class=\"inputFK\"/>\n            <button class=\"btn btn-outline-secondary fKey\" type=\"button\" onclick=\"selectForeignKey(this)\">Select...</button>\n          </div>\n          <div class=\"input-group-append\">\n            <span class=\"input-group-text fkval\"></span>\n          </div>\n        </div>\n	</div>\n</div>\n<div class=\"form-group row\">\n	<label class=\"col-sm-3 col-form-label\">Coms_training_event_id</label>\n	<div class=\"col-sm-9\">\n		<div class=\"input-group\">\n          <div class=\"input-group-prepend\">\n            <input type=\"hidden\" name=\"coms_training_event_id\" value=\"\" class=\"inputFK\"/>\n            <button class=\"btn btn-outline-secondary fKey\" type=\"button\" onclick=\"selectForeignKey(this)\">Select...</button>\n          </div>\n          <div class=\"input-group-append\">\n            <span class=\"input-group-text fkval\"></span>\n          </div>\n        </div>\n	</div>\n</div>\n</form>'),(24,'coms_proctor_email',NULL,'<form>\n<div class=\"form-group row\">\n	<label class=\"col-sm-3 col-form-label\">Coms_proctor_id</label>\n	<div class=\"col-sm-9\">\n		<div class=\"input-group\">\n          <div class=\"input-group-prepend\">\n            <input type=\"hidden\" name=\"coms_proctor_id\" value=\"\" class=\"inputFK\"/>\n            <button class=\"btn btn-outline-secondary fKey\" type=\"button\" onclick=\"selectForeignKey(this)\">Select...</button>\n          </div>\n          <div class=\"input-group-append\">\n            <span class=\"input-group-text fkval\"></span>\n          </div>\n        </div>\n	</div>\n</div>\n<div class=\"form-group row\">\n	<label class=\"col-sm-3 col-form-label\">Coms_proctor_emailadresss</label>\n	<div class=\"col-sm-9\">\n		<input type=\"text\" class=\"form-control\" name=\"coms_proctor_emailadresss\" value=\"\">\n	</div>\n</div>\n</form>'),(25,'coms_role',NULL,'<form>\n<div class=\"form-group row\">\n	<label class=\"col-sm-3 col-form-label\">Role_name</label>\n	<div class=\"col-sm-9\">\n		<textarea rows=\"4\" class=\"form-control editor\" name=\"role_name\"></textarea>\n	</div>\n</div>\n</form>'),(26,'coms_role_LIAMUSER',NULL,'<form>\n<div class=\"form-group row\">\n	<label class=\"col-sm-3 col-form-label\">Coms_role_id</label>\n	<div class=\"col-sm-9\">\n		<div class=\"input-group\">\n          <div class=\"input-group-prepend\">\n            <input type=\"hidden\" name=\"coms_role_id\" value=\"\" class=\"inputFK\"/>\n            <button class=\"btn btn-outline-secondary fKey\" type=\"button\" onclick=\"selectForeignKey(this)\">Select...</button>\n          </div>\n          <div class=\"input-group-append\">\n            <span class=\"input-group-text fkval\"></span>\n          </div>\n        </div>\n	</div>\n</div>\n<div class=\"form-group row\">\n	<label class=\"col-sm-3 col-form-label\">Coms_LIAMUSER_id</label>\n	<div class=\"col-sm-9\">\n		<input type=\"text\" class=\"form-control\" name=\"coms_LIAMUSER_id\" value=\"\">\n	</div>\n</div>\n</form>'),(27,'coms_trainer_email',NULL,'<form>\n<div class=\"form-group row\">\n	<label class=\"col-sm-3 col-form-label\">Coms_trainer_id</label>\n	<div class=\"col-sm-9\">\n		<div class=\"input-group\">\n          <div class=\"input-group-prepend\">\n            <input type=\"hidden\" name=\"coms_trainer_id\" value=\"\" class=\"inputFK\"/>\n            <button class=\"btn btn-outline-secondary fKey\" type=\"button\" onclick=\"selectForeignKey(this)\">Select...</button>\n          </div>\n          <div class=\"input-group-append\">\n            <span class=\"input-group-text fkval\"></span>\n          </div>\n        </div>\n	</div>\n</div>\n<div class=\"form-group row\">\n	<label class=\"col-sm-3 col-form-label\">Coms_trainer_emailadresss</label>\n	<div class=\"col-sm-9\">\n		<input type=\"text\" class=\"form-control\" name=\"coms_trainer_emailadresss\" value=\"\">\n	</div>\n</div>\n</form>'),(28,'coms_training',NULL,'<form>\n<div class=\"form-group row\">\n	<label class=\"col-sm-3 col-form-label\">Coms_training_name</label>\n	<div class=\"col-sm-9\">\n		<textarea rows=\"4\" class=\"form-control editor\" name=\"coms_training_name\"></textarea>\n	</div>\n</div>\n</form>'),(29,'coms_training_event',NULL,'<form>\n<div class=\"form-group row\">\n	<label class=\"col-sm-3 col-form-label\">Coms_training_id</label>\n	<div class=\"col-sm-9\">\n		<div class=\"input-group\">\n          <div class=\"input-group-prepend\">\n            <input type=\"hidden\" name=\"coms_training_id\" value=\"\" class=\"inputFK\"/>\n            <button class=\"btn btn-outline-secondary fKey\" type=\"button\" onclick=\"selectForeignKey(this)\">Select...</button>\n          </div>\n          <div class=\"input-group-append\">\n            <span class=\"input-group-text fkval\"></span>\n          </div>\n        </div>\n	</div>\n</div>\n<div class=\"form-group row\">\n	<label class=\"col-sm-3 col-form-label\">Coms_training_org_id</label>\n	<div class=\"col-sm-9\">\n		<div class=\"input-group\">\n          <div class=\"input-group-prepend\">\n            <input type=\"hidden\" name=\"coms_training_org_id\" value=\"\" class=\"inputFK\"/>\n            <button class=\"btn btn-outline-secondary fKey\" type=\"button\" onclick=\"selectForeignKey(this)\">Select...</button>\n          </div>\n          <div class=\"input-group-append\">\n            <span class=\"input-group-text fkval\"></span>\n          </div>\n        </div>\n	</div>\n</div>\n<div class=\"form-group row\">\n	<label class=\"col-sm-3 col-form-label\">Coms_trainer_id</label>\n	<div class=\"col-sm-9\">\n		<input type=\"text\" class=\"form-control\" name=\"coms_trainer_id\" value=\"\">\n	</div>\n</div>\n<div class=\"form-group row\">\n	<label class=\"col-sm-3 col-form-label\">Coms_training_event_name</label>\n	<div class=\"col-sm-9\">\n		<textarea rows=\"4\" class=\"form-control editor\" name=\"coms_training_event_name\"></textarea>\n	</div>\n</div>\n<div class=\"form-group row\">\n	<label class=\"col-sm-3 col-form-label\">Coms_training_event_id_base32</label>\n	<div class=\"col-sm-9\">\n		<input type=\"text\" class=\"form-control\" name=\"coms_training_event_id_base32\" value=\"\">\n	</div>\n</div>\n<div class=\"form-group row\">\n	<label class=\"col-sm-3 col-form-label\">Coms_training_event_id_md5</label>\n	<div class=\"col-sm-9\">\n		<input type=\"text\" class=\"form-control\" name=\"coms_training_event_id_md5\" value=\"\">\n	</div>\n</div>\n<div class=\"form-group row\">\n	<label class=\"col-sm-3 col-form-label\">Coms_training_event_3digit</label>\n	<div class=\"col-sm-9\">\n		<input type=\"text\" class=\"form-control\" name=\"coms_training_event_3digit\" value=\"\">\n	</div>\n</div>\n<div class=\"form-group row\">\n	<label class=\"col-sm-3 col-form-label\">Coms_training_event_start_date</label>\n	<div class=\"col-sm-9\">\n		<div class=\"row\">\n  <div class=\"col-7\"><input type=\"date\" class=\"form-control\" name=\"coms_training_event_start_date\"></div>\n  <div class=\"col-5\"><input type=\"time\" class=\"form-control\" name=\"coms_training_event_start_date\"></div>\n</div>\n	</div>\n</div>\n<div class=\"form-group row\">\n	<label class=\"col-sm-3 col-form-label\">Coms_training_event_finish_date</label>\n	<div class=\"col-sm-9\">\n		<div class=\"row\">\n  <div class=\"col-7\"><input type=\"date\" class=\"form-control\" name=\"coms_training_event_finish_date\"></div>\n  <div class=\"col-5\"><input type=\"time\" class=\"form-control\" name=\"coms_training_event_finish_date\"></div>\n</div>\n	</div>\n</div>\n<div class=\"form-group row\">\n	<label class=\"col-sm-3 col-form-label\">Coms_training_event_location</label>\n	<div class=\"col-sm-9\">\n		<input type=\"text\" class=\"form-control\" name=\"coms_training_event_location\" value=\"\">\n	</div>\n</div>\n<div class=\"form-group row\">\n	<label class=\"col-sm-3 col-form-label\">Coms_training_event_info</label>\n	<div class=\"col-sm-9\">\n		<textarea rows=\"4\" class=\"form-control editor\" name=\"coms_training_event_info\"></textarea>\n	</div>\n</div>\n</form>'),(30,'coms_training_organisation_proctor',NULL,'<form>\n<div class=\"form-group row\">\n	<label class=\"col-sm-3 col-form-label\">Coms_training_organisation_id</label>\n	<div class=\"col-sm-9\">\n		<div class=\"input-group\">\n          <div class=\"input-group-prepend\">\n            <input type=\"hidden\" name=\"coms_training_organisation_id\" value=\"\" class=\"inputFK\"/>\n            <button class=\"btn btn-outline-secondary fKey\" type=\"button\" onclick=\"selectForeignKey(this)\">Select...</button>\n          </div>\n          <div class=\"input-group-append\">\n            <span class=\"input-group-text fkval\"></span>\n          </div>\n        </div>\n	</div>\n</div>\n<div class=\"form-group row\">\n	<label class=\"col-sm-3 col-form-label\">Coms_proctor_id</label>\n	<div class=\"col-sm-9\">\n		<div class=\"input-group\">\n          <div class=\"input-group-prepend\">\n            <input type=\"hidden\" name=\"coms_proctor_id\" value=\"\" class=\"inputFK\"/>\n            <button class=\"btn btn-outline-secondary fKey\" type=\"button\" onclick=\"selectForeignKey(this)\">Select...</button>\n          </div>\n          <div class=\"input-group-append\">\n            <span class=\"input-group-text fkval\"></span>\n          </div>\n        </div>\n	</div>\n</div>\n</form>');
/*!40000 ALTER TABLE `state_machines` ENABLE KEYS */;
UNLOCK TABLES;

--
-- Dumping data for table `state_rules`
--

LOCK TABLES `state_rules` WRITE;
/*!40000 ALTER TABLE `state_rules` DISABLE KEYS */;
INSERT INTO `state_rules` VALUES (1,27,27,''),(2,27,28,' '),(3,28,28,' '),(4,28,29,'// Just a notification\n// [Transition-Script]\n$script_result = array(\n    \"allow_transition\" => true,\n    \"show_message\" => true,\n    \"message\" => \"Transition to participated\"\n);'),(5,29,29,' '),(6,28,30,' '),(7,30,30,' '),(8,29,31,'// create cert part schliee von exam event auf certificate take id and trigger creation in coms cert  part  \n\n\n$event_id = $param[\'row\'][\'coms_exam_event_id\'];\n$part_id = $param[\'row\'][\'coms_participant_id\'];\n\n// get date\n\n$res = DB::getInstance()->getConnection()->query(\"Select coms_exam_event_start_date from coms_participant_exam_event join coms_exam_event on coms_exam_event.coms_exam_event_id = coms_participant_exam_event.coms_exam_event_id where coms_exam_event.coms_exam_event_id = $event_id and coms_participant_exam_event.coms_participant_id = $part_id\");\n\n$row = $res->fetch_array();\n\n$date = $row[0];\n\n// get cert_id\n\n$res2 = DB::getInstance()->getConnection()->query(\"select coms_cert_id from bpmspace_coms_v1.coms_exam_cert where coms_exam_id in (SELECT DISTINCT\n   coms_exam.coms_exam_id\nFROM\n    coms_participant_exam_event\n        JOIN\n    coms_exam_event ON coms_exam_event.coms_exam_event_id = coms_participant_exam_event.coms_exam_event_id\n        JOIN\n    coms_exam ON coms_exam.coms_exam_id = coms_exam_event.coms_exam_id\nWHERE\n    coms_participant_id = $part_id and coms_exam_event.coms_exam_event_id = $event_id)\");\n$row2 = $res2->fetch_array();\n\n$cert_ID = $row2[0];\n\n\n// get expdate\n\n$res3 = DB::getInstance()->getConnection()->query(\"select DATE_SUB(DATE_ADD(DATE(\'$date\'), INTERVAL (SELECT coms_certificate_valid_months from coms_certificate where coms_certificate_id = $cert_ID) MONTH), INTERVAL 1 DAY);\n\");\n$row3 = $res3->fetch_array();\n$expdate = $row3[0]; \n\n\n$state = 73;\n\n// Curl Insert coms_cert_part in state requested for this succeeded exam for given participant\n\n$data = json_encode(array(\'cmd\' => \'create\', \'paramJS\' => array(\'table\' => \'coms_certificate_participant\', \'row\' => array(\'coms_certificate_participant_date\' => $date, \'coms_certificate_id\' => $cert_ID, \'state_id\' => $state, \'coms_participant_id\' => $part_id, \'coms_certificate_participant_expiration_date\' => $expdate))));\n\n\n$ch = curl_init();\n\ncurl_setopt($ch, CURLOPT_URL,\"http://dev.bpmspace.org:4040/~robin/dev/IPMS_test/bpmspace_coms_v1.php\");\ncurl_setopt($ch, CURLOPT_POST, 1);\ncurl_setopt($ch, CURLOPT_POSTFIELDS, $data);\n\n// receive server response ...\ncurl_setopt($ch, CURLOPT_RETURNTRANSFER, true);\n\n$server_output = curl_exec ($ch);\n//$message .= $server_output;\ncurl_close ($ch);\n\n$message = \'\';\n\n// [Transition-Script]\n$script_result = array(\n    \"allow_transition\" => false,\n    \"show_message\" => true,\n    \"message\" => \"Transition to succeeded in progress! Message: \". $message .\" Date: \".$date. \" Cert_id: \". $cert_ID\n);'),(9,31,31,' '),(10,29,32,' '),(11,32,32,' '),(12,33,33,' '),(13,33,34,'//Check for full data\n\n$trans = false;\n$message = \"\";\n// Bugged but not necessary: Already checked in state before $ato = null;\n$startdate = null;\n// $exam = null;\n$proc = null;\n$trainer = null;\n$location = null;\n \nif (array_key_exists(\"coms_exam_event_start_date\", $param[\"row\"])&& !(empty($param[\"row\"][\"coms_exam_event_start_date\"]))){\n    $startdate = $param[\"row\"][\"coms_exam_event_start_date\"];\n    }else {$message .= \"Start date isn\'t set. \";}\n    \nif (array_key_exists(\"coms_proctor_id\", $param[\"row\"])&& !(empty($param[\"row\"][\"coms_proctor_id\"]))){\n    $proc = $param[\"row\"][\"coms_proctor_id\"];\n    }else {$message .= \"Proctor isn\'t set. \";}\n\nif (array_key_exists(\"coms_trainer_id\", $param[\"row\"])&& !(empty($param[\"row\"][\"coms_trainer_id\"]))){\n    $trainer = $param[\"row\"][\"coms_trainer_id\"];\n    }else {$message .= \"Trainer isn\'t set. \";}\n\nif (array_key_exists(\"coms_exam_event_location\", $param[\"row\"])&& !(empty($param[\"row\"][\"coms_exam_event_location\"]))){\n    $location = $param[\"row\"][\"coms_exam_event_location\"];\n    }else {$message .= \"Location isn\'t set. \";}\n\n    //Check if all are set\nif(!(is_null($startdate))&&!(is_null($proc))&&!(is_null($trainer))&&!(is_null($location)))\n{\n        $message .= \"The transition is allowed. Exam has been created.\";\n        // Set to true when bug is fixed\n        $trans = true;\n}\n\n// [Transition-Script]\n$script_result = array(\n    \"allow_transition\" => $trans,\n    \"show_message\" => true,\n    \"message\" => \"$message\".\"<pre>\".var_export($param, true).\"</pre>\"\n);'),(14,34,34,' '),(16,35,35,' '),(17,35,36,' '),(18,36,36,' '),(19,36,37,' '),(20,37,37,' '),(21,37,38,'// TODO: Check if everyone is in state 28 else error message\n// DB fnen und alle teilnehmer auslesen:\n$query = \"SELECT coms_participant_exam_event_id FROM bpmspace_coms_v1.v_coms_participant__exam_event where coms_exam_event_id = \".$param[\'row\'][\'coms_exam_event_id\'];\n\n$message =\"\";\nif ($result = $this->db->query($query)) {\n\n    /* fetch associative array */\n    while ($row = $result->fetch_assoc()) {\n        \n        // Change transition \n\n		$data = json_encode(array(\'cmd\' => \'makeTransition\', \'paramJS\' => array(\'table\' => \'coms_participant_exam_event\', \'row\' => array(\'coms_participant_exam_event_id\' => $row[\'coms_participant_exam_event_id\'], \'state_id\' => 29))));\n\n\n		$ch = curl_init();\n\n		curl_setopt($ch, CURLOPT_URL,\"http://dev.bpmspace.org:4040/~robin/dev/IPMS_test/bpmspace_coms_v1.php\");\n		curl_setopt($ch, CURLOPT_POST, 1);\n		curl_setopt($ch, CURLOPT_POSTFIELDS, $data);\n\n		// receive server response ...\n		curl_setopt($ch, CURLOPT_RETURNTRANSFER, true);\n\n		$server_output = curl_exec ($ch);\n$message .= $server_output;\n		curl_close ($ch);\n\n    }\n}\n\n// Transition participants event state\n\n\n\n\n// [Transition-Script]\n$script_result = array(\n    \"allow_transition\" => true,\n    \"show_message\" => true,\n    \"message\" => \"Transition to closed in progress! $message\"\n);'),(22,38,38,' '),(23,34,39,' '),(24,35,39,' '),(25,36,39,' '),(26,39,39,' '),(27,40,40,' '),(28,40,41,'  // E-Mail script to send when state is changed from 40 -> 41 in the transition-script part\n 	$allowed = false;\n // Baue Email Template\n class Email{\n 	function __construct($n, $v) {\n 		$this->name =$n;\n 		$this->vorname = $v;\n \n 	}\n 	public function getString(){\n 		return \"Guten Tag, $this->vorname $this->name sie sind nun fr eine Schulung akiv geschalten. Herzlichen Glckwunsch. \";\n 	}\n }\n \n	//Debug string\n	$string=\"Note, \";\n \n	$name = $param[\'row\'][\'coms_trainer_lastname\'];\n	$vorname = $param[\'row\'][\'coms_trainer_firstname\'];\n\n	// Email generieren\n\n	$to      = \'robin@localhost\';\n	$subject = \'the subject\';\n	$email = new Email($name, $vorname);\n\n	$headers = \'From: webmaster@example.com\' . \"\\r\\n\" .\n	    \'Reply-To: webmaster@example.com\' . \"\\r\\n\" .\n	    \'X-Mailer: PHP/\' . phpversion();\n	$headers .= \'CC: robin.wuerz@bpmspace.com\' . \"\\r\\n\";\n	$string.= $email->getString();\n	mail($to, $subject, $email->getString(), $headers);\n  	$allowed = true;\n \n\n \n // [OUT-Script]\n $script_result = array(\n     \"allow_transition\" => $allowed,\n     \"show_message\" => true,\n     \"message\" => \"$string\"\n );'),(29,41,41,' '),(30,41,42,' '),(31,42,42,' '),(32,43,43,' '),(33,43,44,' '),(34,44,44,' '),(35,44,45,' '),(36,45,45,' '),(37,46,46,' '),(38,46,47,' '),(39,47,47,' '),(40,47,48,' '),(41,48,48,' '),(42,49,49,' '),(43,49,50,' '),(44,50,50,' '),(45,50,51,' '),(46,51,51,' '),(52,55,55,' '),(53,55,56,' '),(54,56,56,' '),(55,56,57,' '),(56,57,57,' '),(57,58,58,' '),(58,58,59,' '),(59,59,59,' '),(60,59,60,' '),(61,59,61,' '),(62,60,60,' '),(63,60,62,' '),(64,60,63,' '),(65,60,69,' '),(66,61,61,' '),(67,62,62,' '),(68,62,65,' '),(69,62,68,' '),(70,63,63,' '),(71,63,64,' '),(72,63,69,' '),(73,64,64,' '),(74,64,66,' '),(75,64,69,' '),(76,65,65,' '),(77,65,66,' '),(78,66,66,' '),(79,66,65,' '),(80,66,68,' '),(81,66,67,' '),(82,67,67,' '),(83,68,68,' '),(84,68,67,' '),(85,68,66,' '),(86,68,65,' '),(87,69,69,' '),(88,58,69,' '),(89,59,69,' '),(90,70,70,' '),(91,70,71,' '),(92,71,71,' '),(93,71,72,' '),(94,72,72,' '),(95,73,73,' '),(96,73,74,'// Certificate PHP Generation\n\n// Requested inscript: coms_certificate_participant\n\n// Update md5 certificate_participant_id\n		$id = $param[\"row\"][\"coms_certificate_participant_id\"];\n\n    	$md5 = md5($id);\n    	// 3dig\n        $dig = substr(base_convert(substr($md5, 1, 5), 16, 10),1,3);\n        // base32\n    	$base32 = strtoupper(str_pad(base_convert(($id . $dig), 10, 32),8, 0 , STR_PAD_LEFT));\n\n    	$param[\"row\"][\"coms_exam_event_id_md5\"] = $md5;\n    	$param[\"row\"][\"coms_exam_event_3digit\"] = $dig;\n    	$param[\"row\"][\"coms_exam_event_id_base32\"] = $base32;\n\n//DB Conn for ID\n\n$echo = $param[\'row\'][\'coms_certificate_participant_id\'];\n\n//URL\n$url = \'http://dev.bpmspace.org:4040/~robin/dev/BPMspace/certificate.php?id=\'.$echo;\n$echo = file_get_contents($url); // Send HTTP Request\n\n// Send mail to person with result\n\n$script_result = array(\n  \"allow_transition\" => true,\n  \"show_message\" => true,\n  \"message\" => \"Message is: $echo\".\" \".$id.\" \". $md5.\" \". $dig.\" \". $base32\n);'),(97,74,74,' '),(98,74,75,' '),(99,75,75,' '),(100,76,76,' '),(101,76,77,' '),(102,77,77,' '),(103,77,78,' '),(104,78,78,' '),(105,79,79,''),(106,80,80,''),(107,81,81,''),(108,79,80,''),(109,80,81,''),(110,82,82,' '),(111,73,82,''),(112,82,83,' '),(113,83,83,' '),(114,73,84,' '),(115,82,84,' '),(116,27,85,' '),(117,28,85,' '),(119,30,85,' '),(120,86,86,''),(121,87,87,''),(122,88,88,''),(123,86,87,''),(124,87,86,''),(125,87,88,''),(126,88,87,''),(127,89,89,''),(128,90,90,''),(129,91,91,''),(130,89,90,''),(131,90,89,''),(132,90,91,''),(133,91,90,''),(134,92,92,''),(135,93,93,''),(136,94,94,''),(137,92,93,''),(138,93,92,''),(139,93,94,''),(140,94,93,''),(141,95,95,''),(142,96,96,''),(143,97,97,''),(144,95,96,''),(145,96,95,''),(146,96,97,''),(147,97,96,''),(148,98,98,''),(149,99,99,''),(150,100,100,''),(151,98,99,''),(152,99,98,''),(153,99,100,''),(154,100,99,''),(155,101,101,''),(156,102,102,''),(157,103,103,''),(158,101,102,''),(159,102,101,''),(160,102,103,''),(161,103,102,''),(162,104,104,''),(163,105,105,''),(164,106,106,''),(165,104,105,''),(166,105,104,''),(167,105,106,''),(168,106,105,''),(169,107,107,''),(170,108,108,''),(171,109,109,''),(172,107,108,''),(173,108,107,''),(174,108,109,''),(175,109,108,''),(176,110,110,''),(177,111,111,''),(178,112,112,''),(179,110,111,'// [Transition-Script]\n$script_result = array(\n    \"allow_transition\" => true,\n    \"show_message\" => true,\n    \"message\" => \"Transition in progress!\"\n);'),(180,111,110,''),(181,111,112,''),(182,112,111,''),(183,113,113,''),(184,114,114,''),(185,115,115,''),(186,113,114,''),(187,114,113,''),(188,114,115,''),(189,115,114,''),(190,116,116,''),(191,117,117,''),(192,118,118,''),(193,116,117,''),(194,117,116,''),(195,117,118,''),(196,118,117,''),(197,119,119,''),(198,120,120,''),(199,121,121,''),(200,119,120,''),(201,120,119,''),(202,120,121,''),(203,121,120,''),(204,122,122,''),(205,123,123,''),(206,124,124,''),(207,122,123,''),(208,123,122,''),(209,123,124,''),(210,124,123,''),(211,125,125,''),(212,126,126,''),(213,127,127,''),(214,125,126,''),(215,126,125,''),(216,126,127,''),(217,127,126,''),(218,128,128,''),(219,129,129,''),(220,130,130,''),(221,128,129,''),(222,129,128,''),(223,129,130,''),(224,130,129,''),(225,131,131,''),(226,132,132,''),(227,133,133,''),(228,131,132,''),(229,132,131,''),(230,132,133,''),(231,133,132,''),(232,134,134,''),(233,135,135,''),(234,136,136,''),(235,134,135,''),(236,135,134,''),(237,135,136,''),(238,136,135,''),(239,137,137,''),(240,138,138,''),(241,139,139,''),(242,137,138,''),(243,138,137,''),(244,138,139,''),(245,139,138,''),(246,140,140,''),(247,141,141,''),(248,142,142,''),(249,140,141,''),(250,141,140,''),(251,141,142,''),(252,142,141,''),(260,34,147,''),(261,147,35,'// E-Mail script to send when state is changed from 147 -> 148 in the out-script part\n$message = \'\';\n// Baue Email Template\nclass Email{\n	function __construct($n, $v, $s) {\n		$this->name =$n;\n		$this->vorname = $v;\n		$this->schulung = $s;\n\n	}\n	public function getString(){\n		return \"Hallo, $this->vorname $this->name sie sind eingeladen zu der schulung $this->schulung. Bitte besttigt mit diesem Link dass ihr cool seid. \";\n	}\n}\n\n\n//DB Zugriff fr Kundendaten\n//Debug string\n$string=\"Hallo, \";\n$schulung = $param[\'row\'][\'coms_exam_event_id\'];\n\n$res = DB::getInstance()->getConnection()->query(\"select * from v_coms_participant__exam_event where coms_exam_event_id = \'$schulung\' \");\n$teilnehmer= array();\n$allowed = false;\nif ($res->num_rows > 0){\nwhile ($row = $res->fetch_assoc()) {\n	array_push($teilnehmer, $row);\n\n	$name = $row[\'coms_participant_lastname\'];\n	$vorname = $row[\'coms_participant_firstname\'];\n	$schulung = $row[\'coms_exam_id\'];\n	//$mail = $teilnehmer[\'coms_\'];\n\n	// Email generieren\n\n	$to      = \'robin@localhost\';\n	$subject = \'the subject\';\n	$email = new Email($name, $vorname, $schulung);\n	\n	$headers = \'From: webmaster@example.com\' . \"\\r\\n\" .\n	    \'Reply-To: webmaster@example.com\' . \"\\r\\n\" .\n	    \'X-Mailer: PHP/\' . phpversion();\n	$string.= $email->getString();\n	mail($to, $subject, $email->getString(), $headers);\n $allowed = true;\n\n 	// Set the state of all partiipants to: prepared\n\n	// Change transition \n\n // Get all ids:\n\n 		$id = $row[\'coms_participant_exam_event_id\'];\n		$data = json_encode(array(\'cmd\' => \'makeTransition\', \'paramJS\' => array(\'table\' => \'coms_participant_exam_event\', \'row\' => array(\'coms_participant_exam_event_id\' => $id, \'state_id\' => 28))));\n\n\n		$ch = curl_init();\n\n		curl_setopt($ch, CURLOPT_URL,\"http://dev.bpmspace.org:4040/~robin/dev/IPMS_test/bpmspace_coms_v1.php\");\n		curl_setopt($ch, CURLOPT_POST, 1);\n		curl_setopt($ch, CURLOPT_POSTFIELDS, $data);\n\n		// receive server response ...\n		curl_setopt($ch, CURLOPT_RETURNTRANSFER, true);\n\n		$server_output = curl_exec ($ch);\n\n		$message .= $server_output;\n		curl_close ($ch);\n}\n}else {\n	$string = \"There are no participants on this exam\";\n		}\n\n// [OUT-Script]\n$script_result = array(\n    \"allow_transition\" => $allowed,\n    \"show_message\" => true,\n    \"message\" => \"$message\"\n);'),(263,147,39,''),(264,33,39,NULL),(265,147,147,'');
/*!40000 ALTER TABLE `state_rules` ENABLE KEYS */;
UNLOCK TABLES;

--
-- Dumping events for database 'bpmspace_coms_v1_A'
--

--
-- Dumping routines for database 'bpmspace_coms_v1_A'
--
/*!50003 DROP FUNCTION IF EXISTS `generate_fname` */;
ALTER DATABASE `bpmspace_coms_v1_A` CHARACTER SET utf8 COLLATE utf8_general_ci ;
/*!50003 SET @saved_cs_client      = @@character_set_client */ ;
/*!50003 SET @saved_cs_results     = @@character_set_results */ ;
/*!50003 SET @saved_col_connection = @@collation_connection */ ;
/*!50003 SET character_set_client  = utf8 */ ;
/*!50003 SET character_set_results = utf8 */ ;
/*!50003 SET collation_connection  = utf8_general_ci */ ;
/*!50003 SET @saved_sql_mode       = @@sql_mode */ ;
/*!50003 SET sql_mode              = '' */ ;
DELIMITER ;;
CREATE DEFINER=`root`@`localhost` FUNCTION `generate_fname`() RETURNS varchar(255) CHARSET utf8
BEGIN
	RETURN ELT(FLOOR(1 + (RAND() * (100-1))), "James","Mary","John","Patricia","Robert","Linda","Michael","Barbara","William","Elizabeth","David","Jennifer","Richard","Maria","Charles","Susan","Joseph","Margaret","Thomas","Dorothy","Christopher","Lisa","Daniel","Nancy","Paul","Karen","Mark","Betty","Donald","Helen","George","Sandra","Kenneth","Donna","Steven","Carol","Edward","Ruth","Brian","Sharon","Ronald","Michelle","Anthony","Laura","Kevin","Sarah","Jason","Kimberly","Matthew","Deborah","Gary","Jessica","Timothy","Shirley","Jose","Cynthia","Larry","Angela","Jeffrey","Melissa","Frank","Brenda","Scott","Amy","Eric","Anna","Stephen","Rebecca","Andrew","Virginia","Raymond","Kathleen","Gregory","Pamela","Joshua","Martha","Jerry","Debra","Dennis","Amanda","Walter","Stephanie","Patrick","Carolyn","Peter","Christine","Harold","Marie","Douglas","Janet","Henry","Catherine","Carl","Frances","Arthur","Ann","Ryan","Joyce","Roger","Diane");
END ;;
DELIMITER ;
/*!50003 SET sql_mode              = @saved_sql_mode */ ;
/*!50003 SET character_set_client  = @saved_cs_client */ ;
/*!50003 SET character_set_results = @saved_cs_results */ ;
/*!50003 SET collation_connection  = @saved_col_connection */ ;
ALTER DATABASE `bpmspace_coms_v1_A` CHARACTER SET latin1 COLLATE latin1_swedish_ci ;
/*!50003 DROP FUNCTION IF EXISTS `generate_lname` */;
ALTER DATABASE `bpmspace_coms_v1_A` CHARACTER SET utf8 COLLATE utf8_general_ci ;
/*!50003 SET @saved_cs_client      = @@character_set_client */ ;
/*!50003 SET @saved_cs_results     = @@character_set_results */ ;
/*!50003 SET @saved_col_connection = @@collation_connection */ ;
/*!50003 SET character_set_client  = utf8 */ ;
/*!50003 SET character_set_results = utf8 */ ;
/*!50003 SET collation_connection  = utf8_general_ci */ ;
/*!50003 SET @saved_sql_mode       = @@sql_mode */ ;
/*!50003 SET sql_mode              = '' */ ;
DELIMITER ;;
CREATE DEFINER=`root`@`localhost` FUNCTION `generate_lname`() RETURNS varchar(255) CHARSET utf8
BEGIN
	RETURN ELT(FLOOR(1 + (RAND() * (100-1))), "Smith","Johnson","Williams","Jones","Brown","Davis","Miller","Wilson","Moore","Taylor","Anderson","Thomas","Jackson","White","Harris","Martin","Thompson","Garcia","Martinez","Robinson","Clark","Rodriguez","Lewis","Lee","Walker","Hall","Allen","Young","Hernandez","King","Wright","Lopez","Hill","Scott","Green","Adams","Baker","Gonzalez","Nelson","Carter","Mitchell","Perez","Roberts","Turner","Phillips","Campbell","Parker","Evans","Edwards","Collins","Stewart","Sanchez","Morris","Rogers","Reed","Cook","Morgan","Bell","Murphy","Bailey","Rivera","Cooper","Richardson","Cox","Howard","Ward","Torres","Peterson","Gray","Ramirez","James","Watson","Brooks","Kelly","Sanders","Price","Bennett","Wood","Barnes","Ross","Henderson","Coleman","Jenkins","Perry","Powell","Long","Patterson","Hughes","Flores","Washington","Butler","Simmons","Foster","Gonzales","Bryant","Alexander","Russell","Griffin","Diaz","Hayes");
END ;;
DELIMITER ;
/*!50003 SET sql_mode              = @saved_sql_mode */ ;
/*!50003 SET character_set_client  = @saved_cs_client */ ;
/*!50003 SET character_set_results = @saved_cs_results */ ;
/*!50003 SET collation_connection  = @saved_col_connection */ ;
ALTER DATABASE `bpmspace_coms_v1_A` CHARACTER SET latin1 COLLATE latin1_swedish_ci ;
/*!50003 DROP FUNCTION IF EXISTS `str_random` */;
ALTER DATABASE `bpmspace_coms_v1_A` CHARACTER SET utf8 COLLATE utf8_general_ci ;
/*!50003 SET @saved_cs_client      = @@character_set_client */ ;
/*!50003 SET @saved_cs_results     = @@character_set_results */ ;
/*!50003 SET @saved_col_connection = @@collation_connection */ ;
/*!50003 SET character_set_client  = utf8 */ ;
/*!50003 SET character_set_results = utf8 */ ;
/*!50003 SET collation_connection  = utf8_general_ci */ ;
/*!50003 SET @saved_sql_mode       = @@sql_mode */ ;
/*!50003 SET sql_mode              = 'STRICT_TRANS_TABLES' */ ;
DELIMITER ;;
CREATE DEFINER=`root`@`localhost` FUNCTION `str_random`(p_pattern VARCHAR(200)) RETURNS varchar(2000) CHARSET utf8
    NO SQL
BEGIN
    /**
    * String function. Returns a random string based on a mask
    * <br>
    * %author Ronald Speelman
    * %version 2.3
    * Example usage:
    * SELECT str_random('dddd CC') AS DutchZipCode;
    * SELECT str_random('d{4} C{2}') AS DutchZipCode;
    * SELECT str_random('*{5}*(4)') AS password;
    * select str_random('Cccc(4)') as name;
    * SELECT str_random('#X{6}') AS htmlColorCode;
    * See more complex examples and a description on www.moinne.com/blog/ronald
    *
    * %param p_pattern String: the pattern describing the random values
    *                          MASKS:
    *                          c returns lower-case character [a-z]
    *                          C returns upper-case character [A-Z]
    *                          A returns either upper or lower-case character [a-z A-Z]
    *                          d returns a digit [0-9]
    *                          D returns a digit without a zero [1-9]
    *                          b returns a bit [0-1]
    *                          X returns hexadecimal character [0-F]
    *                          * returns characters, decimals and special characters [a-z A-Z 0-9 !?-_@$#]
    *                          DIRECTIVES
    *                          "text"      : text is taken literally
    *                          {nn}        : repeat the last mask nn times
    *                          (nn)        : repeat random, but max nn times
    *                          [item|item] : pick a random item from this list, items are separated by a pipe symbol
    *                          All other characters are taken literally
    * %return String
    */

    DECLARE v_iter              SMALLINT DEFAULT 1;
    DECLARE v_char              VARCHAR(1) DEFAULT '';
    DECLARE v_next_char         VARCHAR(1) DEFAULT '';
    DECLARE v_list              VARCHAR(200) DEFAULT '';
    DECLARE v_text              VARCHAR(200) DEFAULT '';
    DECLARE v_result            VARCHAR(2000) DEFAULT '';
    DECLARE v_count             SMALLINT DEFAULT 0;
    DECLARE v_jump_characters   TINYINT DEFAULT 0;
    DECLARE v_end_position      SMALLINT DEFAULT 0;
    DECLARE v_list_count        TINYINT DEFAULT 0;
    DECLARE v_random_item       TINYINT DEFAULT 0;

    WHILE v_iter <= CHAR_LENGTH(p_pattern) DO

        SET v_char := BINARY SUBSTRING(p_pattern,v_iter,1);
        SET v_next_char := BINARY SUBSTRING(p_pattern,(v_iter + 1),1);

        -- check if text is a fixed text
        IF (v_char = '"') THEN
            -- get the text
            SET v_end_position := LOCATE('"', p_pattern, v_iter + 1);
            SET v_text := SUBSTRING(p_pattern,v_iter + 1,(v_end_position - v_iter) - 1);
            -- add the text to the result
            SET v_result := CONCAT(v_result, v_text);
            SET v_iter := v_iter + CHAR_LENGTH(v_text) + 2;
        -- if character has a count specified: repeat it
        ELSEIF (v_next_char = '{') OR (v_next_char = '(') THEN
            -- find out what the count is (max 999)...
            IF (SUBSTRING(p_pattern,(v_iter + 3),1) = '}') OR
               (SUBSTRING(p_pattern,(v_iter + 3),1) = ')') THEN
                SET v_count := SUBSTRING(p_pattern,(v_iter + 2),1);
                SET v_jump_characters := 4;
            ELSEIF (SUBSTRING(p_pattern,(v_iter + 4),1) = '}') OR
                   (SUBSTRING(p_pattern,(v_iter + 4),1) = ')')THEN
                SET v_count := SUBSTRING(p_pattern,(v_iter + 2),2);
                SET v_jump_characters := 5;
            ELSEIF (SUBSTRING(p_pattern,(v_iter + 5),1) = '}') OR
                   (SUBSTRING(p_pattern,(v_iter + 5),1) = ')')THEN
                SET v_count := SUBSTRING(p_pattern,(v_iter + 2),3);
                SET v_jump_characters := 6;
            ELSE
                SET v_count := 0;
                SET v_jump_characters := 3;
            END IF;
            -- if random count: make it random with a max of count
            IF (v_next_char = '(') THEN
                SET v_count := FLOOR((RAND() * v_count));
            END IF;
            -- repeat the characters
            WHILE v_count > 0 DO
                SET v_result := CONCAT(v_result,str_random_character(v_char));
                SET v_count := v_count - 1;
            END WHILE;
            SET v_iter := v_iter + v_jump_characters;
        -- check if there is a list in the pattern
        ELSEIF (v_char = '[') THEN
            -- get the list
            SET v_end_position := LOCATE(']', p_pattern, v_iter + 1);
            SET v_list := SUBSTRING(p_pattern,v_iter + 1,(v_end_position - v_iter) - 1);
            -- find out how many items are in the list, items are seperated by a pipe
            SET v_list_count := (LENGTH(v_list) - LENGTH(REPLACE(v_list, '|', '')) + 1);
            -- pick a random item from the list
            SET v_random_item := FLOOR(1 + (RAND() * v_list_count));
            -- add the item from the list
            SET v_result := CONCAT(v_result,
                                   REPLACE(SUBSTRING(SUBSTRING_INDEX(v_list, '|' ,v_random_item),
                                           CHAR_LENGTH(SUBSTRING_INDEX(v_list,'|', v_random_item -1)) + 1),
                                           '|', '')
                                  );
            SET v_iter := v_iter + CHAR_LENGTH(v_list) + 2;
        -- no directives: just get a random character
        ELSE
            SET v_result := CONCAT(v_result, str_random_character(v_char));
            SET v_iter := v_iter + 1;
        END IF;

   END WHILE;

   RETURN v_result;
END ;;
DELIMITER ;
/*!50003 SET sql_mode              = @saved_sql_mode */ ;
/*!50003 SET character_set_client  = @saved_cs_client */ ;
/*!50003 SET character_set_results = @saved_cs_results */ ;
/*!50003 SET collation_connection  = @saved_col_connection */ ;
ALTER DATABASE `bpmspace_coms_v1_A` CHARACTER SET latin1 COLLATE latin1_swedish_ci ;
/*!50003 DROP FUNCTION IF EXISTS `str_random_character` */;
ALTER DATABASE `bpmspace_coms_v1_A` CHARACTER SET utf8 COLLATE utf8_general_ci ;
/*!50003 SET @saved_cs_client      = @@character_set_client */ ;
/*!50003 SET @saved_cs_results     = @@character_set_results */ ;
/*!50003 SET @saved_col_connection = @@collation_connection */ ;
/*!50003 SET character_set_client  = utf8 */ ;
/*!50003 SET character_set_results = utf8 */ ;
/*!50003 SET collation_connection  = utf8_general_ci */ ;
/*!50003 SET @saved_sql_mode       = @@sql_mode */ ;
/*!50003 SET sql_mode              = 'STRICT_TRANS_TABLES' */ ;
DELIMITER ;;
CREATE DEFINER=`root`@`localhost` FUNCTION `str_random_character`(p_char VARCHAR(1)) RETURNS varchar(1) CHARSET utf8
    NO SQL
BEGIN
    /**
    * String function. Returns random character based on a mask
    * <br>
    * %author Ronald Speelman
    * %version 1.5
    * Example usage:
    * SELECT str_random_character('d') AS digit;
    * SELECT str_random_character('C') AS UPPER;
    * See more examples and a description on www.moinne.com/blog/ronald
    *
    * %param p_pattern String: the pattern describing the random values
    *                          c returns lower-case character [a-z]
    *                          C returns upper-case character [A-Z]
    *                          A returns either upper or lower-case character [a-z A-Z]
    *                          d returns a digit [0-9]
    *                          D returns a digit without a zero [1-9]
    *                          b returns a bit [0-1]
    *                          X returns hexedecimal character [0-F]
    *                          * returns characters, decimals and special characters [a-z A-Z 0-9 !?-_@$#]
    *                          All other characters are taken literally
    * %return VARCHAR(1)
    */

    DECLARE v_result   VARCHAR(1) DEFAULT '';

        CASE p_char
            WHEN BINARY '*' THEN SET v_result := ELT(1 + FLOOR(RAND() * 69),'a','b','c','d','e','f','g','h','i','j','k','l','m','n','o','p','q','r','s','t','u','v','w','x','y','z',
                                                                                 'A','B','C','D','E','F','G','H','I','J','K','L','M','N','O','P','Q','R','S','T','U','V','W','X','Y','Z',
                                                                                 '!','?','-','_','@','$','#',
                                                                                 0,1,2,3,4,5,6,7,8,9);
            WHEN BINARY 'A' THEN SET v_result := ELT(1 + FLOOR(RAND() * 52),'a','b','c','d','e','f','g','h','i','j','k','l','m','n','o','p','q','r','s','t','u','v','w','x','y','z',
                                                                                 'A','B','C','D','E','F','G','H','I','J','K','L','M','N','O','P','Q','R','S','T','U','V','W','X','Y','Z');
            WHEN BINARY 'c' THEN SET v_result := ELT(1 + FLOOR(RAND() * 26),'a','b','c','d','e','f','g','h','i','j','k','l','m','n','o','p','q','r','s','t','u','v','w','x','y','z');
            WHEN BINARY 'C' THEN SET v_result := ELT(1 + FLOOR(RAND() * 26),'A','B','C','D','E','F','G','H','I','J','K','L','M','N','O','P','Q','R','S','T','U','V','W','X','Y','Z');
            WHEN BINARY 'd' THEN SET v_result := ELT(1 + FLOOR(RAND() * 10), 0,1,2,3,4,5,6,7,8,9);
            WHEN BINARY 'D' THEN SET v_result := ELT(1 + FLOOR(RAND() * 9), 1,2,3,4,5,6,7,8,9);
            WHEN BINARY 'X' THEN SET v_result := ELT(1 + FLOOR(RAND() * 16), 0,1,2,3,4,5,6,7,8,9,'A','B','C','D','E','F');
            WHEN BINARY 'b' THEN SET v_result := ELT(1 + FLOOR(RAND() * 2), 0,1);
            ELSE
                SET v_result := p_char;
        END CASE;

   RETURN v_result;
END ;;
DELIMITER ;
/*!50003 SET sql_mode              = @saved_sql_mode */ ;
/*!50003 SET character_set_client  = @saved_cs_client */ ;
/*!50003 SET character_set_results = @saved_cs_results */ ;
/*!50003 SET collation_connection  = @saved_col_connection */ ;
ALTER DATABASE `bpmspace_coms_v1_A` CHARACTER SET latin1 COLLATE latin1_swedish_ci ;
/*!50003 DROP FUNCTION IF EXISTS `str_random_lipsum` */;
ALTER DATABASE `bpmspace_coms_v1_A` CHARACTER SET utf8 COLLATE utf8_general_ci ;
/*!50003 SET @saved_cs_client      = @@character_set_client */ ;
/*!50003 SET @saved_cs_results     = @@character_set_results */ ;
/*!50003 SET @saved_col_connection = @@collation_connection */ ;
/*!50003 SET character_set_client  = utf8 */ ;
/*!50003 SET character_set_results = utf8 */ ;
/*!50003 SET collation_connection  = utf8_general_ci */ ;
/*!50003 SET @saved_sql_mode       = @@sql_mode */ ;
/*!50003 SET sql_mode              = '' */ ;
DELIMITER ;;
CREATE DEFINER=`root`@`localhost` FUNCTION `str_random_lipsum`(p_max_words SMALLINT
                                 ,p_min_words SMALLINT
                                 ,p_start_with_lipsum TINYINT(1)
                                 ) RETURNS varchar(10000) CHARSET utf8
    NO SQL
BEGIN
    /**
    * String function. Returns a random Lorum Ipsum string of nn words
    * <br>
    * %author Ronald Speelman
    * %version 1.0
    * Example usage:
    * SELECT str_random_lipsum(5,NULL,NULL) AS fiveWordsExactly;
    * SELECT str_random_lipsum(10,5,0) AS five-tenWords;
    * SELECT str_random_lipsum(50,10,1) AS startWithLorumIpsum;
    * See more complex examples and a description on www.moinne.com/blog/ronald
    *
    * %param p_max_words         Number: the maximum amount of words, if no
    *                                    min_words are provided this will be the
    *                                    exaxt amount of words in the result
    *                                    Default = 50
    * %param p_min_words         Number: the minimum amount of words in the
    *                                    result, By providing the parameter, you provide a range
    *                                    Default = 0
    * %param p_start_with_lipsum Boolean:if "1" the string will start with
    *                                    'Lorum ipsum dolor sit amet.', Default = 0
    * %return String
    */

        DECLARE v_max_words SMALLINT DEFAULT 50;
        DECLARE v_random_item SMALLINT DEFAULT 0;
        DECLARE v_random_word VARCHAR(25) DEFAULT '';
        DECLARE v_start_with_lipsum TINYINT DEFAULT 0;
        DECLARE v_result VARCHAR(10000) DEFAULT '';
        DECLARE v_iter INT DEFAULT 1;
        DECLARE v_text_lipsum VARCHAR(1500) DEFAULT 'a ac accumsan ad adipiscing aenean aliquam aliquet amet ante aptent arcu at auctor augue bibendum blandit class commodo condimentum congue consectetuer consequat conubia convallis cras cubilia cum curabitur curae; cursus dapibus diam dictum dignissim dis dolor donec dui duis egestas eget eleifend elementum elit enim erat eros est et etiam eu euismod facilisi facilisis fames faucibus felis fermentum feugiat fringilla fusce gravida habitant hendrerit hymenaeos iaculis id imperdiet in inceptos integer interdum ipsum justo lacinia lacus laoreet lectus leo libero ligula litora lobortis lorem luctus maecenas magna magnis malesuada massa mattis mauris metus mi molestie mollis montes morbi mus nam nascetur natoque nec neque netus nibh nisi nisl non nonummy nostra nulla nullam nunc odio orci ornare parturient pede pellentesque penatibus per pharetra phasellus placerat porta porttitor posuere praesent pretium primis proin pulvinar purus quam quis quisque rhoncus ridiculus risus rutrum sagittis sapien scelerisque sed sem semper senectus sit sociis sociosqu sodales sollicitudin suscipit suspendisse taciti tellus tempor tempus tincidunt torquent tortor tristique turpis ullamcorper ultrices ultricies urna ut varius vehicula vel velit venenatis vestibulum vitae vivamus viverra volutpat vulputate';
        DECLARE v_text_lipsum_wordcount INT DEFAULT 180;
        DECLARE v_sentence_wordcount INT DEFAULT 0;
        DECLARE v_sentence_start BOOLEAN DEFAULT 1;
        DECLARE v_sentence_end BOOLEAN DEFAULT 0;
        DECLARE v_sentence_lenght TINYINT DEFAULT 9;

        SET v_max_words := COALESCE(p_max_words, v_max_words);
        SET v_start_with_lipsum := COALESCE(p_start_with_lipsum , v_start_with_lipsum);

        IF p_min_words IS NOT NULL THEN
            SET v_max_words := FLOOR(p_min_words + (RAND() * (v_max_words - p_min_words)));
        END IF;

        IF v_max_words < v_sentence_lenght THEN
            SET v_sentence_lenght := v_max_words;
        END IF;

        IF p_start_with_lipsum = 1 THEN
            SET v_result := CONCAT(v_result,'Lorem ipsum dolor sit amet.');
            SET v_max_words := v_max_words - 5;
        END IF;

        WHILE v_iter <= v_max_words DO
            SET v_random_item := FLOOR(1 + (RAND() * v_text_lipsum_wordcount));
            SET v_random_word := REPLACE(SUBSTRING(SUBSTRING_INDEX(v_text_lipsum, ' ' ,v_random_item),
                                           CHAR_LENGTH(SUBSTRING_INDEX(v_text_lipsum,' ', v_random_item -1)) + 1),
                                           ' ', '');

            SET v_sentence_wordcount := v_sentence_wordcount + 1;
            IF v_sentence_wordcount = v_sentence_lenght THEN
                SET v_sentence_end := 1 ;
            END IF;

            IF v_sentence_start = 1 THEN
                SET v_random_word := CONCAT(UPPER(SUBSTRING(v_random_word, 1, 1))
                                            ,LOWER(SUBSTRING(v_random_word FROM 2)));
                SET v_sentence_start := 0 ;
            END IF;

            IF v_sentence_end = 1 THEN
                IF v_iter <> v_max_words THEN
                    SET v_random_word := CONCAT(v_random_word, '.');
                END IF;
                SET v_sentence_lenght := FLOOR(9 + (RAND() * 7));
                SET v_sentence_end := 0 ;
                SET v_sentence_start := 1 ;
                SET v_sentence_wordcount := 0 ;
            END IF;

            SET v_result := CONCAT(v_result,' ', v_random_word);
            SET v_iter := v_iter + 1;
        END WHILE;

        RETURN TRIM(CONCAT(v_result,'.'));
END ;;
DELIMITER ;
/*!50003 SET sql_mode              = @saved_sql_mode */ ;
/*!50003 SET character_set_client  = @saved_cs_client */ ;
/*!50003 SET character_set_results = @saved_cs_results */ ;
/*!50003 SET collation_connection  = @saved_col_connection */ ;
ALTER DATABASE `bpmspace_coms_v1_A` CHARACTER SET latin1 COLLATE latin1_swedish_ci ;
/*!50003 DROP PROCEDURE IF EXISTS `add_part_event` */;
ALTER DATABASE `bpmspace_coms_v1_A` CHARACTER SET utf8 COLLATE utf8_general_ci ;
/*!50003 SET @saved_cs_client      = @@character_set_client */ ;
/*!50003 SET @saved_cs_results     = @@character_set_results */ ;
/*!50003 SET @saved_col_connection = @@collation_connection */ ;
/*!50003 SET character_set_client  = utf8 */ ;
/*!50003 SET character_set_results = utf8 */ ;
/*!50003 SET collation_connection  = utf8_general_ci */ ;
/*!50003 SET @saved_sql_mode       = @@sql_mode */ ;
/*!50003 SET sql_mode              = 'NO_AUTO_CREATE_USER,NO_ENGINE_SUBSTITUTION' */ ;
DELIMITER ;;
CREATE DEFINER=`root`@`localhost` PROCEDURE `add_part_event`(IN PART_ID CHAR(255), IN EVENT_ID CHAR(255))
BEGIN
set @EXAM_EVENT_ID = EVENT_ID;
SET @PARTICIPANTID = PART_ID;
INSERT INTO coms_participant_exam_event (coms_participant_id, coms_exam_event_id, state_id) VALUES (@PARTICIPANTID, @EXAM_EVENT_ID, '27');
END ;;
DELIMITER ;
/*!50003 SET sql_mode              = @saved_sql_mode */ ;
/*!50003 SET character_set_client  = @saved_cs_client */ ;
/*!50003 SET character_set_results = @saved_cs_results */ ;
/*!50003 SET collation_connection  = @saved_col_connection */ ;
ALTER DATABASE `bpmspace_coms_v1_A` CHARACTER SET latin1 COLLATE latin1_swedish_ci ;
/*!50003 DROP PROCEDURE IF EXISTS `add_proctor_ato` */;
ALTER DATABASE `bpmspace_coms_v1_A` CHARACTER SET utf8 COLLATE utf8_general_ci ;
/*!50003 SET @saved_cs_client      = @@character_set_client */ ;
/*!50003 SET @saved_cs_results     = @@character_set_results */ ;
/*!50003 SET @saved_col_connection = @@collation_connection */ ;
/*!50003 SET character_set_client  = utf8 */ ;
/*!50003 SET character_set_results = utf8 */ ;
/*!50003 SET collation_connection  = utf8_general_ci */ ;
/*!50003 SET @saved_sql_mode       = @@sql_mode */ ;
/*!50003 SET sql_mode              = 'NO_AUTO_CREATE_USER,NO_ENGINE_SUBSTITUTION' */ ;
DELIMITER ;;
CREATE DEFINER=`root`@`localhost` PROCEDURE `add_proctor_ato`(IN PROCTOR_ID CHAR(255), IN ATO_ID CHAR(255))
BEGIN
set @PROCTOR_ID = PROCTOR_ID;
SET @ATO_ID = ATO_ID;
INSERT INTO `coms_training_organisation_proctor` (`coms_training_organisation_id`, `coms_proctor_id`, `state_id`) VALUES (@ATO_ID, @TRAINER_ID, '52');

END ;;
DELIMITER ;
/*!50003 SET sql_mode              = @saved_sql_mode */ ;
/*!50003 SET character_set_client  = @saved_cs_client */ ;
/*!50003 SET character_set_results = @saved_cs_results */ ;
/*!50003 SET collation_connection  = @saved_col_connection */ ;
ALTER DATABASE `bpmspace_coms_v1_A` CHARACTER SET latin1 COLLATE latin1_swedish_ci ;
/*!50003 DROP PROCEDURE IF EXISTS `add_trainerorg_exam` */;
ALTER DATABASE `bpmspace_coms_v1_A` CHARACTER SET utf8 COLLATE utf8_general_ci ;
/*!50003 SET @saved_cs_client      = @@character_set_client */ ;
/*!50003 SET @saved_cs_results     = @@character_set_results */ ;
/*!50003 SET @saved_col_connection = @@collation_connection */ ;
/*!50003 SET character_set_client  = utf8 */ ;
/*!50003 SET character_set_results = utf8 */ ;
/*!50003 SET collation_connection  = utf8_general_ci */ ;
/*!50003 SET @saved_sql_mode       = @@sql_mode */ ;
/*!50003 SET sql_mode              = 'NO_AUTO_CREATE_USER,NO_ENGINE_SUBSTITUTION' */ ;
DELIMITER ;;
CREATE DEFINER=`root`@`localhost` PROCEDURE `add_trainerorg_exam`(IN TRAINERORG_ID CHAR(255), IN EXAM_ID CHAR(255))
BEGIN
set @TRAINERORG_ID = TRAINERORG_ID;
SET @EXAM_ID = EXAM_ID;

INSERT INTO `coms_training_organisation_exam` (`coms_trainingsorganisation_id`, `coms_exam_id`, `state_id`) VALUES (@TRAINERORG_ID, @TRAINER_ID, '70');

END ;;
DELIMITER ;
/*!50003 SET sql_mode              = @saved_sql_mode */ ;
/*!50003 SET character_set_client  = @saved_cs_client */ ;
/*!50003 SET character_set_results = @saved_cs_results */ ;
/*!50003 SET collation_connection  = @saved_col_connection */ ;
ALTER DATABASE `bpmspace_coms_v1_A` CHARACTER SET latin1 COLLATE latin1_swedish_ci ;
/*!50003 DROP PROCEDURE IF EXISTS `add_trainer_ato` */;
ALTER DATABASE `bpmspace_coms_v1_A` CHARACTER SET utf8 COLLATE utf8_general_ci ;
/*!50003 SET @saved_cs_client      = @@character_set_client */ ;
/*!50003 SET @saved_cs_results     = @@character_set_results */ ;
/*!50003 SET @saved_col_connection = @@collation_connection */ ;
/*!50003 SET character_set_client  = utf8 */ ;
/*!50003 SET character_set_results = utf8 */ ;
/*!50003 SET collation_connection  = utf8_general_ci */ ;
/*!50003 SET @saved_sql_mode       = @@sql_mode */ ;
/*!50003 SET sql_mode              = 'NO_AUTO_CREATE_USER,NO_ENGINE_SUBSTITUTION' */ ;
DELIMITER ;;
CREATE DEFINER=`root`@`localhost` PROCEDURE `add_trainer_ato`(IN TRAINER_ID CHAR(255), IN ATO_ID CHAR(255))
BEGIN
set @TRAINER_ID = TRAINER_ID;
SET @ATO_ID = ATO_ID;
INSERT INTO `coms_training_organisation_trainer` (`coms_training_organisation_id`, `coms_trainer_id`, `state_id`) VALUES (@ATO_ID, @TRAINER_ID, '43');

END ;;
DELIMITER ;
/*!50003 SET sql_mode              = @saved_sql_mode */ ;
/*!50003 SET character_set_client  = @saved_cs_client */ ;
/*!50003 SET character_set_results = @saved_cs_results */ ;
/*!50003 SET collation_connection  = @saved_col_connection */ ;
ALTER DATABASE `bpmspace_coms_v1_A` CHARACTER SET latin1 COLLATE latin1_swedish_ci ;
/*!50003 DROP PROCEDURE IF EXISTS `add_trainer_exam` */;
ALTER DATABASE `bpmspace_coms_v1_A` CHARACTER SET utf8 COLLATE utf8_general_ci ;
/*!50003 SET @saved_cs_client      = @@character_set_client */ ;
/*!50003 SET @saved_cs_results     = @@character_set_results */ ;
/*!50003 SET @saved_col_connection = @@collation_connection */ ;
/*!50003 SET character_set_client  = utf8 */ ;
/*!50003 SET character_set_results = utf8 */ ;
/*!50003 SET collation_connection  = utf8_general_ci */ ;
/*!50003 SET @saved_sql_mode       = @@sql_mode */ ;
/*!50003 SET sql_mode              = 'NO_AUTO_CREATE_USER,NO_ENGINE_SUBSTITUTION' */ ;
DELIMITER ;;
CREATE DEFINER=`root`@`localhost` PROCEDURE `add_trainer_exam`(IN TRAINER_ID CHAR(255), IN EXAM_ID CHAR(255))
BEGIN
set @TRAINER_ID = TRAINER_ID;
SET @EXAM_ID = EXAM_ID;

INSERT INTO `coms_trainer_exam` (`coms_trainer_id`, `coms_exam_id`, `state_id`) VALUES (@TRAINER_ID, @EXAM_ID, '43');

END ;;
DELIMITER ;
/*!50003 SET sql_mode              = @saved_sql_mode */ ;
/*!50003 SET character_set_client  = @saved_cs_client */ ;
/*!50003 SET character_set_results = @saved_cs_results */ ;
/*!50003 SET collation_connection  = @saved_col_connection */ ;
ALTER DATABASE `bpmspace_coms_v1_A` CHARACTER SET latin1 COLLATE latin1_swedish_ci ;
/*!50003 DROP PROCEDURE IF EXISTS `check_create_OR_add_part_event` */;
ALTER DATABASE `bpmspace_coms_v1_A` CHARACTER SET utf8 COLLATE utf8_general_ci ;
/*!50003 SET @saved_cs_client      = @@character_set_client */ ;
/*!50003 SET @saved_cs_results     = @@character_set_results */ ;
/*!50003 SET @saved_col_connection = @@collation_connection */ ;
/*!50003 SET character_set_client  = utf8 */ ;
/*!50003 SET character_set_results = utf8 */ ;
/*!50003 SET collation_connection  = utf8_general_ci */ ;
/*!50003 SET @saved_sql_mode       = @@sql_mode */ ;
/*!50003 SET sql_mode              = 'NO_AUTO_CREATE_USER,NO_ENGINE_SUBSTITUTION' */ ;
DELIMITER ;;
CREATE DEFINER=`root`@`localhost` PROCEDURE `check_create_OR_add_part_event`(IN Lastname CHAR(255), IN Firstname CHAR(255), IN Gender CHAR(255), IN Email CHAR(255), IN DateOfBirth CHAR(255), IN CityOfBirth CHAR(255), IN CountryOfBirth CHAR(255), IN event INT , IN ext_part_id CHAR(255), OUT _result CHAR(255))
BEGIN
set @ERROR = FALSE;

--
set @LASTNAME = IF(LENGTH(Lastname)>0,trim(TRIM(CHAR(9) FROM TRIM(Lastname))),"ERROR: NO LASTNAME");
set @FIRSTNAME = IF(LENGTH(firstname)>0,trim(TRIM(CHAR(9) FROM TRIM(firstname))),"ERROR: NO FIRSTNAME");
set @GENDER = IF(LENGTH(Gender)>0,trim(TRIM(CHAR(9) FROM TRIM(Gender))),"ERROR: NO GENDER");
set @EMAIL = IF(LENGTH(Email)>0,trim(TRIM(CHAR(9) FROM TRIM(Email))),"ERROR: NO E_MAIL");

set @EXAM_EVENT_ID = IF(LENGTH(event)>0,event,"ERROR: NO EXAM EVENT ID");
set @EXAM_EVENT_ID = IF(@EXAM_EVENT_ID REGEXP '^[0-9]+$',@EXAM_EVENT_ID,"ERROR: EXAM EVENT ID NOT NUMBER");
-- 
set @BIRTHDATE = trim(TRIM(CHAR(9) FROM TRIM(DateOfBirth)));
set @BIRTHPLACE = trim(TRIM(CHAR(9) FROM TRIM(CityOfBirth)));
set @BIRTHCOUNTRY = trim(TRIM(CHAR(9) FROM TRIM(CountryOfBirth)));
--
set @PARTICIPANT_EXTERNAL_ID = IF(LENGTH(ext_part_id)>0,ext_part_id,'');
-- set @EXT_PART_EXIST = Select IF (EXITS(SELECT * FROM bpmspace_coms_v1_A.coms_participant WHERE coms_participant_EXTERNAL_id = @COUNT_PARTICIPANT_EXTERNAL_ID),1,0) ;


set @COUNT_PARTICIPANT_EXTERNAL_ID = (SELECT
			count(*)
			FROM
			  bpmspace_coms_v1_A.coms_participant
			WHERE
			  bpmspace_coms_v1_A.coms_participant.coms_participant_EXTERNAL_id LIKE concat('%',@PARTICIPANT_EXTERNAL_ID,'%'));

              
SET @EXT_PART_EXIST = IF(@COUNT_PARTICIPANT_EXTERNAL_ID ='',FALSE,TRUE);

set @ERROR = IF(
	@LASTNAME LIKE '%ERROR%' OR
	@FIRSTNAME LIKE '%ERROR%' OR
    @GENDER LIKE '%ERROR%' OR
    @EMAIL LIKE '%ERROR%' OR
    @EXAM_EVENT_ID LIKE '%ERROR%'
	,TRUE,FALSE);
              
set @ERROR_MESSAGE = CONCAT('@ERROR ', @ERROR, '@LASTNAME ', @LASTNAME,' @FIRSTNAME ', @FIRSTNAME, ' @GENDER ', @GENDER, ' @EMAIL ', @EMAIL, ' @EXAM_EVENT_ID ', @EXAM_EVENT_ID, ' @EXT_PART_EXIST ', @EXT_PART_EXIST);

set _result = IF((@ERROR = FALSE),concat("NO Error - ",@COUNT_PARTICIPANT_EXTERNAL_ID),@ERROR_MESSAGE);

-- SELECT CASE WHEN ( @ERROR = FALSE ) 
	-- THEN ( SELECT "NO Error" ) 
    -- ELSE ( SELECT CONCAT('@ERROR ', @ERROR, '@LASTNAME ', @LASTNAME,' @FIRSTNAME ', @FIRSTNAME, ' @GENDER ', @GENDER, ' @EMAIL ', @EMAIL, ' @EXAM_EVENT_ID ', @EXAM_EVENT_ID, ' @EXT_PART_EXIST ', @EXT_PART_EXIST))
-- END;

-- INSERT INTO .`coms_participant` (`coms_participant_gender`, `coms_participant_lastname`, `coms_participant_firstname`, `coms_participant_public`, `coms_participant_placeofbirth`, `coms_participant_dateofbirth`,  `coms_participant_birthcountry`, `coms_participant_EXTERNAL_id`) VALUES (@GENDER, @LASTNAME, @FIRSTNAME, '0', @BIRTHPLACE, @BIRTHDATE, @BIRTHCOUNTRY, @PARTICIPANT_EXTERNAL_ID);

-- SET @PARTICIPANTID = LAST_INSERT_ID();

-- INSERT INTO `coms_participant_identifier` (`coms_participant_id`, `coms_participant_md5`) VALUES (@PARTICIPANTID, md5(@PARTICIPANTID));

-- UPDATE `coms_participant_identifier` set `coms_participant_matriculation` = concat(`coms_participant_id`,SUBSTRING(CONV(SUBSTRING(coms_participant_md5,1,5),16,10),1,3)) where coms_participant_id = @PARTICIPANTID;

-- UPDATE `coms_participant_identifier` set `coms_participant_base32` = LPAD(CONV(`coms_participant_matriculation`,10,32),8,'0') where coms_participant_id = @PARTICIPANTID;

-- INSERT INTO `coms_participant_email` (`coms_participant_id`, `coms_participant_emailadresss`) VALUES (@PARTICIPANTID, @EMAIL);

-- INSERT INTO coms_participant_exam_event (coms_participant_id, coms_exam_event_id, state_id) VALUES (@PARTICIPANTID, @EXAM_EVENT_ID, '27');

END ;;
DELIMITER ;
/*!50003 SET sql_mode              = @saved_sql_mode */ ;
/*!50003 SET character_set_client  = @saved_cs_client */ ;
/*!50003 SET character_set_results = @saved_cs_results */ ;
/*!50003 SET collation_connection  = @saved_col_connection */ ;
ALTER DATABASE `bpmspace_coms_v1_A` CHARACTER SET latin1 COLLATE latin1_swedish_ci ;
/*!50003 DROP PROCEDURE IF EXISTS `create_cert_part` */;
ALTER DATABASE `bpmspace_coms_v1_A` CHARACTER SET utf8 COLLATE utf8_general_ci ;
/*!50003 SET @saved_cs_client      = @@character_set_client */ ;
/*!50003 SET @saved_cs_results     = @@character_set_results */ ;
/*!50003 SET @saved_col_connection = @@collation_connection */ ;
/*!50003 SET character_set_client  = utf8 */ ;
/*!50003 SET character_set_results = utf8 */ ;
/*!50003 SET collation_connection  = utf8_general_ci */ ;
/*!50003 SET @saved_sql_mode       = @@sql_mode */ ;
/*!50003 SET sql_mode              = 'NO_AUTO_CREATE_USER,NO_ENGINE_SUBSTITUTION' */ ;
DELIMITER ;;
CREATE DEFINER=`root`@`localhost` PROCEDURE `create_cert_part`(IN PART_ID CHAR(255), IN CERT_ID CHAR(255),IN CERTDATE CHAR(255))
BEGIN

set @Date = CERTDATE; 
set @Cert_ID = CERT_ID;
set @Participant_ID = PART_ID;


INSERT INTO `coms_certificate_participant` (`coms_certificate_participant_date`, `coms_certificate_id`, `coms_participant_id`, `state_id`) VALUES (@Date, @Cert_ID, @Participant_ID, "73");

set @coms_certificate_participant_ID = LAST_INSERT_ID();

UPDATE coms_certificate_participant set coms_certificate_participant_id_md5 = md5(coms_certificate_participant_id) where coms_certificate_participant_id = @coms_certificate_participant_ID;

UPDATE `coms_certificate_participant` set coms_certificate_participant_3digit = SUBSTRING(CONV(SUBSTRING(coms_certificate_participant_id_md5,1,5),16,10),1,3) where coms_certificate_participant_id = @coms_certificate_participant_ID;

UPDATE `coms_certificate_participant` set coms_certificate_participant_id_base32 = LPAD(CONV(concat(coms_certificate_participant_id,coms_certificate_participant_3digit),10,32),8,'0') where coms_certificate_participant_id = @coms_certificate_participant_ID;

END ;;
DELIMITER ;
/*!50003 SET sql_mode              = @saved_sql_mode */ ;
/*!50003 SET character_set_client  = @saved_cs_client */ ;
/*!50003 SET character_set_results = @saved_cs_results */ ;
/*!50003 SET collation_connection  = @saved_col_connection */ ;
ALTER DATABASE `bpmspace_coms_v1_A` CHARACTER SET latin1 COLLATE latin1_swedish_ci ;
/*!50003 DROP PROCEDURE IF EXISTS `create_cert_part_2` */;
ALTER DATABASE `bpmspace_coms_v1_A` CHARACTER SET utf8 COLLATE utf8_general_ci ;
/*!50003 SET @saved_cs_client      = @@character_set_client */ ;
/*!50003 SET @saved_cs_results     = @@character_set_results */ ;
/*!50003 SET @saved_col_connection = @@collation_connection */ ;
/*!50003 SET character_set_client  = utf8 */ ;
/*!50003 SET character_set_results = utf8 */ ;
/*!50003 SET collation_connection  = utf8_general_ci */ ;
/*!50003 SET @saved_sql_mode       = @@sql_mode */ ;
/*!50003 SET sql_mode              = 'NO_AUTO_CREATE_USER,NO_ENGINE_SUBSTITUTION' */ ;
DELIMITER ;;
CREATE DEFINER=`root`@`localhost` PROCEDURE `create_cert_part_2`(IN PART_ID CHAR(255), IN CERT_ID CHAR(255), IN EVENT_ID bigint(20))
BEGIN

-- Select date from exam date

Select coms_exam_event_start_date into @Date from coms_participant_exam_event join coms_exam_event on coms_exam_event.coms_exam_event_id = coms_participant_exam_event.coms_exam_event_id where coms_exam_event.coms_exam_event_id = EVENT_ID and coms_participant_exam_event.coms_participant_id = PART_ID;

set @Cert_ID = CERT_ID;
set @Participant_ID = PART_ID;
-- set @revocation = 
-- SELECT coms_certificate_valid_months from coms_certificate where coms_certificate_id = @Cert_ID;
set @expdate = DATE_SUB(DATE_ADD(@Date, INTERVAL (SELECT coms_certificate_valid_months from coms_certificate where coms_certificate_id = @Cert_ID) MONTH), INTERVAL 1 DAY);

INSERT INTO `coms_certificate_participant` (`coms_certificate_participant_date`, `coms_certificate_id`, `coms_participant_id`, `coms_certificate_participant_expiration_date`, `state_id`) VALUES (@Date, @Cert_ID, @Participant_ID, @expdate, 73);

set @coms_certificate_participant_ID = LAST_INSERT_ID();

UPDATE coms_certificate_participant set coms_certificate_participant_id_md5 = md5(coms_certificate_participant_id) where coms_certificate_participant_id = @coms_certificate_participant_ID;

UPDATE `coms_certificate_participant` set coms_certificate_participant_3digit = SUBSTRING(CONV(SUBSTRING(coms_certificate_participant_id_md5,1,5),16,10),1,3) where coms_certificate_participant_id = @coms_certificate_participant_ID;

UPDATE `coms_certificate_participant` set coms_certificate_participant_id_base32 = LPAD(CONV(concat(coms_certificate_participant_id,coms_certificate_participant_3digit),10,32),8,'0') where coms_certificate_participant_id = @coms_certificate_participant_ID;

END ;;
DELIMITER ;
/*!50003 SET sql_mode              = @saved_sql_mode */ ;
/*!50003 SET character_set_client  = @saved_cs_client */ ;
/*!50003 SET character_set_results = @saved_cs_results */ ;
/*!50003 SET collation_connection  = @saved_col_connection */ ;
ALTER DATABASE `bpmspace_coms_v1_A` CHARACTER SET latin1 COLLATE latin1_swedish_ci ;
/*!50003 DROP PROCEDURE IF EXISTS `create_event` */;
ALTER DATABASE `bpmspace_coms_v1_A` CHARACTER SET utf8 COLLATE utf8_general_ci ;
/*!50003 SET @saved_cs_client      = @@character_set_client */ ;
/*!50003 SET @saved_cs_results     = @@character_set_results */ ;
/*!50003 SET @saved_col_connection = @@collation_connection */ ;
/*!50003 SET character_set_client  = utf8 */ ;
/*!50003 SET character_set_results = utf8 */ ;
/*!50003 SET collation_connection  = utf8_general_ci */ ;
/*!50003 SET @saved_sql_mode       = @@sql_mode */ ;
/*!50003 SET sql_mode              = 'NO_AUTO_CREATE_USER,NO_ENGINE_SUBSTITUTION' */ ;
DELIMITER ;;
CREATE DEFINER=`root`@`localhost` PROCEDURE `create_event`(IN ATO_ID CHAR(255), IN EXAM_ID CHAR(255), IN TRAINER_ID CHAR(255), IN PROCTOR_ID CHAR(255), IN LOCATIONDES CHAR(255), IN STARTDATE CHAR(255))
BEGIN

set @LOCATION_DESCRIPTION = LOCATIONDES;
set @DELIVERY_TYPE_ID = '4';
set @ATO_ID = ATO_ID;
set @TRAINER_ID = TRAINER_ID;
set @PROCTOR_ID = PROCTOR_ID;
set @EXAM_ID = EXAM_ID;
set @start_date = STARTDATE;


INSERT INTO `coms_exam_event` 	(`coms_exam_id`,	`state_id`,	`coms_exam_event_start_date`,	`coms_exam_event_finish_date`,	`coms_delivery_type_id`,	`coms_exam_event_location`,	`coms_training_org_id`,	`coms_trainer_id`, coms_proctor_id) 	VALUES 	(@EXAM_ID ,	'33',	@start_date,	@end_date,	@DELIVERY_TYPE_ID,	@LOCATION_DESCRIPTION,	@ATO_ID,	@TRAINER_ID, @PROCTOR_ID);	

set @EXAM_EVENT_ID = LAST_INSERT_ID();	
UPDATE coms_exam_event set coms_exam_event_id_md5 = md5(coms_exam_event_id) where coms_exam_event_id = @EXAM_EVENT_ID;	
UPDATE coms_exam_event set coms_exam_event_3digit = SUBSTRING(CONV(SUBSTRING(coms_exam_event_id_md5,1,5),16,10),1,3) where coms_exam_event_id = @EXAM_EVENT_ID;	
UPDATE coms_exam_event set coms_exam_event_id_base32 = LPAD(CONV(concat(coms_exam_event_id,coms_exam_event_3digit),10,32),8,'0') where coms_exam_event_id = @EXAM_EVENT_ID;
UPDATE coms_exam_event AS ExEv	SET 	ExEv.coms_exam_event_name = (SELECT 	CONCAT(DATE(ExEv.coms_exam_event_start_date),	' - [',	ExEv.coms_exam_event_id_base32,	'] - ', 	Lg.language_short,	' - ',	Ex.coms_exam_name,	' - ',	TrOr.coms_training_organisation_short_namel)	FROM	((((((`coms_exam` `Ex`)	JOIN `state`)	JOIN `coms_delivery_type` `DeTy`)	JOIN `coms_training_organisation` `TrOr`)	JOIN `coms_trainer` `Tr`)	JOIN `coms_language` `Lg`)	WHERE	((`ExEv`.`coms_exam_id` = `Ex`.`coms_exam_id`)	AND (`ExEv`.`state_id` = `state`.`state_id`)	AND (`ExEv`.`coms_delivery_type_id` = `DeTy`.`coms_delivery_type_id`)	AND (`ExEv`.`coms_training_org_id` = `TrOr`.`coms_training_organisation_id`)	AND (`ExEv`.`coms_trainer_id` = `Tr`.`coms_trainer_id`)	AND (`Ex`.`coms_exam_language_id` = `Lg`.`coms_language_id`))	) where coms_exam_event_id = @EXAM_EVENT_ID;
END ;;
DELIMITER ;
/*!50003 SET sql_mode              = @saved_sql_mode */ ;
/*!50003 SET character_set_client  = @saved_cs_client */ ;
/*!50003 SET character_set_results = @saved_cs_results */ ;
/*!50003 SET collation_connection  = @saved_col_connection */ ;
ALTER DATABASE `bpmspace_coms_v1_A` CHARACTER SET latin1 COLLATE latin1_swedish_ci ;
/*!50003 DROP PROCEDURE IF EXISTS `create_part_event` */;
ALTER DATABASE `bpmspace_coms_v1_A` CHARACTER SET utf8 COLLATE utf8_general_ci ;
/*!50003 SET @saved_cs_client      = @@character_set_client */ ;
/*!50003 SET @saved_cs_results     = @@character_set_results */ ;
/*!50003 SET @saved_col_connection = @@collation_connection */ ;
/*!50003 SET character_set_client  = utf8 */ ;
/*!50003 SET character_set_results = utf8 */ ;
/*!50003 SET collation_connection  = utf8_general_ci */ ;
/*!50003 SET @saved_sql_mode       = @@sql_mode */ ;
/*!50003 SET sql_mode              = 'NO_AUTO_CREATE_USER,NO_ENGINE_SUBSTITUTION' */ ;
DELIMITER ;;
CREATE DEFINER=`root`@`localhost` PROCEDURE `create_part_event`(IN Lastname CHAR(255), IN Firstname CHAR(255), IN Gender CHAR(255), IN Email CHAR(255), IN DateOfBirth CHAR(255), IN CityOfBirth CHAR(255), IN CountryOfBirth CHAR(255), IN event CHAR(255) , IN ext_part_id CHAR(255) )
BEGIN

set @LASTNAME = trim(TRIM(CHAR(9) FROM TRIM(Lastname)));
set @FIRSTNAME = trim(TRIM(CHAR(9) FROM TRIM(firstname)));
set @GENDER = trim(TRIM(CHAR(9) FROM TRIM(Gender)));
set @EMAIL = trim(TRIM(CHAR(9) FROM TRIM(Email)));
set @BIRTHDATE = trim(TRIM(CHAR(9) FROM TRIM(DateOfBirth)));
set @BIRTHPLACE = trim(TRIM(CHAR(9) FROM TRIM(CityOfBirth)));
set @BIRTHCOUNTRY = trim(TRIM(CHAR(9) FROM TRIM(CountryOfBirth)));
set @EXAM_EVENT_ID = event;
set @PARTICIPANT_EXTERNAL_ID = ext_part_id;
set @STATE_START_PART= '110';
set @STATE_START_PART_ID= '116';
set @STATE_START_PART_EMAIL= '113';
set @STATE_START_PART_EXAM_EVENT= '27';


INSERT INTO .`coms_participant` (`coms_participant_gender`, `coms_participant_lastname`, `coms_participant_firstname`, `coms_participant_public`, `coms_participant_placeofbirth`, `coms_participant_dateofbirth`,  `coms_participant_birthcountry`, `coms_participant_EXTERNAL_id`, `state_id`) VALUES (@GENDER, @LASTNAME, @FIRSTNAME, '0', @BIRTHPLACE, @BIRTHDATE, @BIRTHCOUNTRY, @PARTICIPANT_EXTERNAL_ID, @STATE_START_PART );

SET @PARTICIPANTID = LAST_INSERT_ID();

INSERT INTO `coms_participant_identifier` (`coms_participant_id`, `coms_participant_md5`, `state_id`) VALUES (@PARTICIPANTID, md5(@PARTICIPANTID),@STATE_START_PART_ID);

UPDATE `coms_participant_identifier` set `coms_participant_matriculation` = concat(`coms_participant_id`,SUBSTRING(CONV(SUBSTRING(coms_participant_md5,1,5),16,10),1,3)) where coms_participant_id = @PARTICIPANTID;

UPDATE `coms_participant_identifier` set `coms_participant_base32` = LPAD(CONV(`coms_participant_matriculation`,10,32),8,'0') where coms_participant_id = @PARTICIPANTID;

INSERT INTO `coms_participant_email` (`coms_participant_id`, `coms_participant_emailadresss`,`state_id`) VALUES (@PARTICIPANTID, @EMAIL, @STATE_START_PART_EMAIL);

INSERT INTO coms_participant_exam_event (coms_participant_id, coms_exam_event_id, state_id) VALUES (@PARTICIPANTID, @EXAM_EVENT_ID, @STATE_START_PART_EXAM_EVENT);

END ;;
DELIMITER ;
/*!50003 SET sql_mode              = @saved_sql_mode */ ;
/*!50003 SET character_set_client  = @saved_cs_client */ ;
/*!50003 SET character_set_results = @saved_cs_results */ ;
/*!50003 SET collation_connection  = @saved_col_connection */ ;
ALTER DATABASE `bpmspace_coms_v1_A` CHARACTER SET latin1 COLLATE latin1_swedish_ci ;
/*!50003 DROP PROCEDURE IF EXISTS `create_proctor` */;
ALTER DATABASE `bpmspace_coms_v1_A` CHARACTER SET utf8 COLLATE utf8_general_ci ;
/*!50003 SET @saved_cs_client      = @@character_set_client */ ;
/*!50003 SET @saved_cs_results     = @@character_set_results */ ;
/*!50003 SET @saved_col_connection = @@collation_connection */ ;
/*!50003 SET character_set_client  = utf8 */ ;
/*!50003 SET character_set_results = utf8 */ ;
/*!50003 SET collation_connection  = utf8_general_ci */ ;
/*!50003 SET @saved_sql_mode       = @@sql_mode */ ;
/*!50003 SET sql_mode              = 'NO_AUTO_CREATE_USER,NO_ENGINE_SUBSTITUTION' */ ;
DELIMITER ;;
CREATE DEFINER=`root`@`localhost` PROCEDURE `create_proctor`(IN ATO_ID CHAR(255), IN Lastname CHAR(255), IN firstname CHAR(255),  IN Email CHAR(255))
BEGIN
set @ATO_ID= ATO_ID;
set @LASTNAME = Lastname;
set @FIRSTNAME = firstname;
set @EMAIL = Email;


INSERT INTO `coms_proctor` (`coms_proctor_firstname`, `coms_proctor_lastname`, `state_id`) VALUES (@FIRSTNAME, @LASTNAME,'49');

set @PROCTOR_ID = LAST_INSERT_ID();

INSERT INTO `coms_proctor_email` (`coms_proctor_emailadresss`, `coms_proctor_id`, `state_id`) VALUES (@EMAIL, @PROCTOR_ID, '122');

INSERT INTO `coms_training_organisation_proctor` (`coms_training_organisation_id`, `coms_proctor_id`, `state_id`) VALUES (@ATO_ID, @PROCTOR_ID, '140');


UPDATE coms_proctor set coms_proctor_id_md5 = md5(coms_proctor_id) where coms_proctor_id = @PROCTOR_ID;

UPDATE coms_proctor set coms_proctor_3digit = SUBSTRING(CONV(SUBSTRING(coms_proctor_id_md5,1,5),16,10),1,3) where coms_proctor_id = @PROCTOR_ID;
	
UPDATE coms_proctor set coms_proctor_id_base32 = LPAD(CONV(concat(coms_proctor_id,coms_proctor_3digit),10,32),8,'0') where coms_proctor_id = @PROCTOR_ID;

END ;;
DELIMITER ;
/*!50003 SET sql_mode              = @saved_sql_mode */ ;
/*!50003 SET character_set_client  = @saved_cs_client */ ;
/*!50003 SET character_set_results = @saved_cs_results */ ;
/*!50003 SET collation_connection  = @saved_col_connection */ ;
ALTER DATABASE `bpmspace_coms_v1_A` CHARACTER SET latin1 COLLATE latin1_swedish_ci ;
/*!50003 DROP PROCEDURE IF EXISTS `create_trainer` */;
ALTER DATABASE `bpmspace_coms_v1_A` CHARACTER SET utf8 COLLATE utf8_general_ci ;
/*!50003 SET @saved_cs_client      = @@character_set_client */ ;
/*!50003 SET @saved_cs_results     = @@character_set_results */ ;
/*!50003 SET @saved_col_connection = @@collation_connection */ ;
/*!50003 SET character_set_client  = utf8 */ ;
/*!50003 SET character_set_results = utf8 */ ;
/*!50003 SET collation_connection  = utf8_general_ci */ ;
/*!50003 SET @saved_sql_mode       = @@sql_mode */ ;
/*!50003 SET sql_mode              = 'NO_AUTO_CREATE_USER,NO_ENGINE_SUBSTITUTION' */ ;
DELIMITER ;;
CREATE DEFINER=`root`@`localhost` PROCEDURE `create_trainer`(IN ATO_ID CHAR(255), IN Lastname CHAR(255), IN firstname CHAR(255),  IN Email CHAR(255))
BEGIN
set @ATO_ID= ATO_ID;
set @LASTNAME = Lastname;
set @FIRSTNAME = firstname;
set @EMAIL = Email;


INSERT INTO `coms_trainer` (`coms_trainer_firstname`, `coms_trainer_lastname`, `state_id`) VALUES (@FIRSTNAME, @LASTNAME, '40');

set @TRAINER_ID = LAST_INSERT_ID();

INSERT INTO `coms_trainer_email` (`coms_trainer_emailadresss`, `coms_trainer_id`, `state_id`) VALUES (@EMAIL, @TRAINER_ID, '131');

INSERT INTO `coms_training_organisation_trainer` (`coms_training_organisation_id`, `coms_trainer_id`, `state_id`) VALUES (@ATO_ID, @TRAINER_ID,'46');

UPDATE coms_trainer set coms_trainer_id_md5 = md5(coms_trainer_id) where coms_trainer_id = @TRAINER_ID;

UPDATE coms_trainer set coms_trainer_3digit = SUBSTRING(CONV(SUBSTRING(coms_trainer_id_md5,1,5),16,10),1,3) where coms_trainer_id = @TRAINER_ID;

UPDATE coms_trainer set coms_trainer_id_base32 = LPAD(CONV(concat(coms_trainer_id,coms_trainer_3digit),10,32),8,'0') where coms_trainer_id = @TRAINER_ID;

END ;;
DELIMITER ;
/*!50003 SET sql_mode              = @saved_sql_mode */ ;
/*!50003 SET character_set_client  = @saved_cs_client */ ;
/*!50003 SET character_set_results = @saved_cs_results */ ;
/*!50003 SET collation_connection  = @saved_col_connection */ ;
ALTER DATABASE `bpmspace_coms_v1_A` CHARACTER SET latin1 COLLATE latin1_swedish_ci ;
/*!50003 DROP PROCEDURE IF EXISTS `create_trainerorg` */;
ALTER DATABASE `bpmspace_coms_v1_A` CHARACTER SET utf8 COLLATE utf8_general_ci ;
/*!50003 SET @saved_cs_client      = @@character_set_client */ ;
/*!50003 SET @saved_cs_results     = @@character_set_results */ ;
/*!50003 SET @saved_col_connection = @@collation_connection */ ;
/*!50003 SET character_set_client  = utf8 */ ;
/*!50003 SET character_set_results = utf8 */ ;
/*!50003 SET collation_connection  = utf8_general_ci */ ;
/*!50003 SET @saved_sql_mode       = @@sql_mode */ ;
/*!50003 SET sql_mode              = 'NO_AUTO_CREATE_USER,NO_ENGINE_SUBSTITUTION' */ ;
DELIMITER ;;
CREATE DEFINER=`root`@`localhost` PROCEDURE `create_trainerorg`(IN ATO_NAME CHAR(255), IN ATO_NAME_SHORT CHAR(255), IN ATO_PASSWORD CHAR(255), IN ATO_MAIL CHAR(255))
BEGIN
set @ATO_NAME = ATO_NAME;
set @ATO_NAME_SHORT = ATO_NAME_SHORT;
SET @ATO_PASSWORD = ATO_PASSWORD;
SET @ATO_MAIL = ATO_MAIL;

 
INSERT INTO coms_training_organisation(`coms_training_organisation_name`, `coms_training_organisation_short_namel`, `coms_training_organisation_email`,`state_id`) VALUES (@ATO_NAME, @ATO_NAME_SHORT, @ATO_MAIL, "58");

set @ATO_ID = LAST_INSERT_ID();
	
    UPDATE coms_training_organisation set coms_training_organisation_id_md5 = md5(coms_training_organisation_id) where coms_training_organisation_id = @ATO_ID ;
    UPDATE coms_training_organisation set coms_training_organisation_3digit = SUBSTRING(CONV(SUBSTRING(coms_training_organisation_id_md5,1,5),16,10),1,3) where coms_training_organisation_id = @ATO_ID ;
    UPDATE coms_training_organisation set coms_training_organisation_id_base32 = LPAD(CONV(concat(coms_training_organisation_id,coms_training_organisation_3digit),10,32),8,'0') where coms_training_organisation_id = @ATO_ID ;

UPDATE coms_training_organisation set coms_training_organisation_passwd_hash= SHA2(concat(@ATO_PASSWORD,coms_training_organisation_id_md5), 512)where  coms_training_organisation_id = @ATO_ID;

END ;;
DELIMITER ;
/*!50003 SET sql_mode              = @saved_sql_mode */ ;
/*!50003 SET character_set_client  = @saved_cs_client */ ;
/*!50003 SET character_set_results = @saved_cs_results */ ;
/*!50003 SET collation_connection  = @saved_col_connection */ ;
ALTER DATABASE `bpmspace_coms_v1_A` CHARACTER SET latin1 COLLATE latin1_swedish_ci ;
/*!50003 DROP PROCEDURE IF EXISTS `csvexport` */;
ALTER DATABASE `bpmspace_coms_v1_A` CHARACTER SET utf8 COLLATE utf8_general_ci ;
/*!50003 SET @saved_cs_client      = @@character_set_client */ ;
/*!50003 SET @saved_cs_results     = @@character_set_results */ ;
/*!50003 SET @saved_col_connection = @@collation_connection */ ;
/*!50003 SET character_set_client  = utf8 */ ;
/*!50003 SET character_set_results = utf8 */ ;
/*!50003 SET collation_connection  = utf8_general_ci */ ;
/*!50003 SET @saved_sql_mode       = @@sql_mode */ ;
/*!50003 SET sql_mode              = 'NO_AUTO_CREATE_USER,NO_ENGINE_SUBSTITUTION' */ ;
DELIMITER ;;
CREATE DEFINER=`root`@`localhost` PROCEDURE `csvexport`(IN table_s CHAR(255), IN table_n CHAR(255), IN outfile_path CHAR(255))
BEGIN
SET @table_schema = table_s;
SET @table_n = table_n;
SET @outfile_path = outfile_path;

SET @col_names = (
SELECT GROUP_CONCAT(QUOTE(column_name)) AS columns
FROM information_schema.columns
WHERE table_schema = @table_schema
AND table_name = @table_n);

SET @cols = CONCAT('(SELECT ', @col_names, ')');

SET @query = CONCAT('(SELECT * FROM ', @table_schema, '.', @table_n,
' INTO OUTFILE \'',@outfile_path,'/',@table_n,'.csv\'
FIELDS ENCLOSED BY \'\\\'\' TERMINATED BY \'\t\' ESCAPED BY \'\'
LINES TERMINATED BY \'\n\')');

/* Concatenates column names to query */
SET @sql = CONCAT(@cols, ' UNION ALL ', @query);


PREPARE stmt FROM @sql;
EXECUTE stmt;
DEALLOCATE PREPARE stmt;
END ;;
DELIMITER ;
/*!50003 SET sql_mode              = @saved_sql_mode */ ;
/*!50003 SET character_set_client  = @saved_cs_client */ ;
/*!50003 SET character_set_results = @saved_cs_results */ ;
/*!50003 SET collation_connection  = @saved_col_connection */ ;
ALTER DATABASE `bpmspace_coms_v1_A` CHARACTER SET latin1 COLLATE latin1_swedish_ci ;
/*!50003 DROP PROCEDURE IF EXISTS `offline_quiz_results` */;
ALTER DATABASE `bpmspace_coms_v1_A` CHARACTER SET utf8 COLLATE utf8_general_ci ;
/*!50003 SET @saved_cs_client      = @@character_set_client */ ;
/*!50003 SET @saved_cs_results     = @@character_set_results */ ;
/*!50003 SET @saved_col_connection = @@collation_connection */ ;
/*!50003 SET character_set_client  = utf8 */ ;
/*!50003 SET character_set_results = utf8 */ ;
/*!50003 SET collation_connection  = utf8_general_ci */ ;
/*!50003 SET @saved_sql_mode       = @@sql_mode */ ;
/*!50003 SET sql_mode              = 'NO_AUTO_CREATE_USER,NO_ENGINE_SUBSTITUTION' */ ;
DELIMITER ;;
CREATE DEFINER=`root`@`localhost` PROCEDURE `offline_quiz_results`(IN EXAM_EVENT_ID CHAR(255))
BEGIN
SELECT
  CONCAT('UPDATE `bpmspace_coms_v1_A`.`coms_participant_exam_event` SET `coms_participant_info`=concat(\"SUMM POINTS: ',
  TRUNCATE(moodle.mdl_offlinequiz_results.sumgrades,3),' - MAX POINTS: ',
  bpmspace_coms_v1_A.coms_exam.coms_exam_max_points,' - PASS MARK: ',
  bpmspace_coms_v1_A.coms_exam.coms_exam_pass_mark,' - %: ',
  TRUNCATE((moodle.mdl_offlinequiz_results.sumgrades/bpmspace_coms_v1_A.coms_exam.coms_exam_max_points*100),3),' - CHECK: MDL',bpmspace_coms_v1_A.coms_exam_event.coms_exam_event_id,moodle.mdl_user.idnumber,
  "\")", ', `state_id`="',
  IF(bpmspace_coms_v1_A.coms_exam.coms_exam_pass_mark <= moodle.mdl_offlinequiz_results.sumgrades, '31', '32'),'" , coms_participant_exam_event_percent=\"', TRUNCATE((moodle.mdl_offlinequiz_results.sumgrades/bpmspace_coms_v1_A.coms_exam.coms_exam_max_points*100),3) ,
  ' " where `coms_participant_exam_event`.`coms_exam_event_id` ="' ,  EXAM_EVENT_ID , '" AND `coms_participant_exam_event`.`coms_participant_id`="' , LEFT(moodle.mdl_user.idnumber,length(moodle.mdl_user.idnumber)-3), '";'
  ) AS SQL_CMD
FROM
  ((moodle.mdl_offlinequiz_results
  JOIN moodle.mdl_user ON moodle.mdl_offlinequiz_results.userid = moodle.mdl_user.id)
  JOIN moodle.mdl_offlinequiz ON moodle.mdl_offlinequiz_results.offlinequizid = moodle.mdl_offlinequiz.id)
  JOIN bpmspace_coms_v1_A.coms_exam_event ON bpmspace_coms_v1_A.coms_exam_event.coms_exam_event_name =
    moodle.mdl_offlinequiz.name
  INNER JOIN bpmspace_coms_v1_A.coms_exam ON bpmspace_coms_v1_A.coms_exam_event.coms_exam_id =
    bpmspace_coms_v1_A.coms_exam.coms_exam_id
WHERE
  bpmspace_coms_v1_A.coms_exam_event.coms_exam_event_id = EXAM_EVENT_ID;
END ;;
DELIMITER ;
/*!50003 SET sql_mode              = @saved_sql_mode */ ;
/*!50003 SET character_set_client  = @saved_cs_client */ ;
/*!50003 SET character_set_results = @saved_cs_results */ ;
/*!50003 SET collation_connection  = @saved_col_connection */ ;
ALTER DATABASE `bpmspace_coms_v1_A` CHARACTER SET latin1 COLLATE latin1_swedish_ci ;
/*!50003 DROP PROCEDURE IF EXISTS `offline_quiz_results_2` */;
ALTER DATABASE `bpmspace_coms_v1_A` CHARACTER SET utf8 COLLATE utf8_general_ci ;
/*!50003 SET @saved_cs_client      = @@character_set_client */ ;
/*!50003 SET @saved_cs_results     = @@character_set_results */ ;
/*!50003 SET @saved_col_connection = @@collation_connection */ ;
/*!50003 SET character_set_client  = utf8 */ ;
/*!50003 SET character_set_results = utf8 */ ;
/*!50003 SET collation_connection  = utf8_general_ci */ ;
/*!50003 SET @saved_sql_mode       = @@sql_mode */ ;
/*!50003 SET sql_mode              = 'NO_AUTO_CREATE_USER,NO_ENGINE_SUBSTITUTION' */ ;
DELIMITER ;;
CREATE DEFINER=`root`@`localhost` PROCEDURE `offline_quiz_results_2`(IN EXAM_EVENT_ID CHAR(255))
BEGIN

SELECT
  IFNULL(NULLIF(
  CONCAT('UPDATE `bpmspace_coms_v1_A`.`coms_participant_exam_event` SET `coms_participant_info`=concat(\"SUMM POINTS: ',
  TRUNCATE(moodle.mdl_offlinequiz_results.sumgrades,3),' - MAX POINTS: ',
  bpmspace_coms_v1_A.coms_exam.coms_exam_max_points,' - PASS MARK: ',
  bpmspace_coms_v1_A.coms_exam.coms_exam_pass_mark,' - %: ',
  TRUNCATE((moodle.mdl_offlinequiz_results.sumgrades/bpmspace_coms_v1_A.coms_exam.coms_exam_max_points*100),3),' - CHECK: MDL',bpmspace_coms_v1_A.coms_exam_event.coms_exam_event_id,moodle.mdl_user.idnumber,
  "\")", ', `state_id`="',
  IF(bpmspace_coms_v1_A.coms_exam.coms_exam_pass_mark <= moodle.mdl_offlinequiz_results.sumgrades, '31', '32'),'" , coms_participant_exam_event_percent=\"', TRUNCATE((moodle.mdl_offlinequiz_results.sumgrades/bpmspace_coms_v1_A.coms_exam.coms_exam_max_points*100),3) ,
  ' " where `coms_participant_exam_event`.`coms_exam_event_id` ="' ,  EXAM_EVENT_ID , '" AND `coms_participant_exam_event`.`coms_participant_id`="' , LEFT(moodle.mdl_user.idnumber,length(moodle.mdl_user.idnumber)-3), '";'
  ), '') , 'Check if the name on moodle is following the necessary convention') AS SQL_CMD
FROM
  ((moodle.mdl_offlinequiz_results
  JOIN moodle.mdl_user ON moodle.mdl_offlinequiz_results.userid = moodle.mdl_user.id)
  JOIN moodle.mdl_offlinequiz ON moodle.mdl_offlinequiz_results.offlinequizid = moodle.mdl_offlinequiz.id)
  JOIN bpmspace_coms_v1_A.coms_exam_event ON bpmspace_coms_v1_A.coms_exam_event.coms_exam_event_name =
    moodle.mdl_offlinequiz.name
  INNER JOIN bpmspace_coms_v1_A.coms_exam ON bpmspace_coms_v1_A.coms_exam_event.coms_exam_id =
    bpmspace_coms_v1_A.coms_exam.coms_exam_id
WHERE
  bpmspace_coms_v1_A.coms_exam_event.coms_exam_event_id = EXAM_EVENT_ID;

END ;;
DELIMITER ;
/*!50003 SET sql_mode              = @saved_sql_mode */ ;
/*!50003 SET character_set_client  = @saved_cs_client */ ;
/*!50003 SET character_set_results = @saved_cs_results */ ;
/*!50003 SET collation_connection  = @saved_col_connection */ ;
ALTER DATABASE `bpmspace_coms_v1_A` CHARACTER SET latin1 COLLATE latin1_swedish_ci ;
/*!50003 DROP PROCEDURE IF EXISTS `test` */;
ALTER DATABASE `bpmspace_coms_v1_A` CHARACTER SET utf8 COLLATE utf8_general_ci ;
/*!50003 SET @saved_cs_client      = @@character_set_client */ ;
/*!50003 SET @saved_cs_results     = @@character_set_results */ ;
/*!50003 SET @saved_col_connection = @@collation_connection */ ;
/*!50003 SET character_set_client  = utf8 */ ;
/*!50003 SET character_set_results = utf8 */ ;
/*!50003 SET collation_connection  = utf8_general_ci */ ;
/*!50003 SET @saved_sql_mode       = @@sql_mode */ ;
/*!50003 SET sql_mode              = 'NO_AUTO_CREATE_USER,NO_ENGINE_SUBSTITUTION' */ ;
DELIMITER ;;
CREATE DEFINER=`root`@`localhost` PROCEDURE `test`()
BEGIN
    SET @var1 = 2 * 2;
END ;;
DELIMITER ;
/*!50003 SET sql_mode              = @saved_sql_mode */ ;
/*!50003 SET character_set_client  = @saved_cs_client */ ;
/*!50003 SET character_set_results = @saved_cs_results */ ;
/*!50003 SET collation_connection  = @saved_col_connection */ ;
ALTER DATABASE `bpmspace_coms_v1_A` CHARACTER SET latin1 COLLATE latin1_swedish_ci ;
/*!40103 SET TIME_ZONE=@OLD_TIME_ZONE */;

/*!40101 SET SQL_MODE=@OLD_SQL_MODE */;
/*!40014 SET FOREIGN_KEY_CHECKS=@OLD_FOREIGN_KEY_CHECKS */;
/*!40014 SET UNIQUE_CHECKS=@OLD_UNIQUE_CHECKS */;
/*!40101 SET CHARACTER_SET_CLIENT=@OLD_CHARACTER_SET_CLIENT */;
/*!40101 SET CHARACTER_SET_RESULTS=@OLD_CHARACTER_SET_RESULTS */;
/*!40101 SET COLLATION_CONNECTION=@OLD_COLLATION_CONNECTION */;
/*!40111 SET SQL_NOTES=@OLD_SQL_NOTES */;

-- Dump completed on 2018-06-13 16:38:47
